ISO-10303-21;
HEADER;
/* Generated by software containing ST-Developer
 * from STEP Tools, Inc. (www.steptools.com) 
 */

FILE_DESCRIPTION(
/* description */ (''),
/* implementation_level */ '2;1');

FILE_NAME(
/* name */ 'eiko-cam body.step',
/* time_stamp */ '2026-09-08T18:32:09+05:30',
/* author */ (''),
/* organization */ (''),
/* preprocessor_version */ 'ST-DEVELOPER v20.1',
/* originating_system */ 'Autodesk Translation Framework v15.8.0.0',
/* authorisation */ '');

FILE_SCHEMA (('AUTOMOTIVE_DESIGN { 1 0 10303 214 3 1 1 }'));
ENDSEC;

DATA;
#10=MECHANICAL_DESIGN_GEOMETRIC_PRESENTATION_REPRESENTATION('',(#13,#14,
#15,#16,#17,#18,#19,#20,#21,#22,#23,#24),#4763);
#11=SHAPE_REPRESENTATION_RELATIONSHIP('SRR','None',#4770,#12);
#12=ADVANCED_BREP_SHAPE_REPRESENTATION('',(#25,#26,#27,#28,#29,#30,#31,
#32,#33,#34,#35,#36),#4762);
#13=STYLED_ITEM('',(#4780),#25);
#14=STYLED_ITEM('',(#4781),#26);
#15=STYLED_ITEM('',(#4781),#27);
#16=STYLED_ITEM('',(#4782),#28);
#17=STYLED_ITEM('',(#4782),#29);
#18=STYLED_ITEM('',(#4782),#30);
#19=STYLED_ITEM('',(#4782),#31);
#20=STYLED_ITEM('',(#4782),#32);
#21=STYLED_ITEM('',(#4782),#33);
#22=STYLED_ITEM('',(#4782),#34);
#23=STYLED_ITEM('',(#4782),#35);
#24=STYLED_ITEM('',(#4782),#36);
#25=MANIFOLD_SOLID_BREP('Body1',#2751);
#26=MANIFOLD_SOLID_BREP('Body22',#2752);
#27=MANIFOLD_SOLID_BREP('Body23',#2753);
#28=MANIFOLD_SOLID_BREP('Body24',#2754);
#29=MANIFOLD_SOLID_BREP('Body25',#2755);
#30=MANIFOLD_SOLID_BREP('Body26',#2756);
#31=MANIFOLD_SOLID_BREP('Body27',#2757);
#32=MANIFOLD_SOLID_BREP('Body28',#2758);
#33=MANIFOLD_SOLID_BREP('Body29',#2759);
#34=MANIFOLD_SOLID_BREP('Body30',#2760);
#35=MANIFOLD_SOLID_BREP('Body31',#2761);
#36=MANIFOLD_SOLID_BREP('Body32',#2762);
#37=B_SPLINE_CURVE_WITH_KNOTS('',3,(#4069,#4070,#4071,#4072,#4073,#4074,
#4075,#4076,#4077,#4078,#4079,#4080,#4081,#4082,#4083,#4084,#4085,#4086),
 .UNSPECIFIED.,.F.,.F.,(4,2,2,2,2,2,2,2,4),(0.,0.0506270245877002,0.1012540491754,
0.154958337583808,0.208662625992215,0.265607730139312,0.322552834286408,
0.373619950858131,0.424687067429854),.UNSPECIFIED.);
#38=B_SPLINE_CURVE_WITH_KNOTS('',3,(#4087,#4088,#4089,#4090,#4091,#4092,
#4093,#4094,#4095,#4096,#4097,#4098,#4099,#4100,#4101,#4102,#4103,#4104),
 .UNSPECIFIED.,.F.,.F.,(4,2,2,2,2,2,2,2,4),(0.424687067429854,0.475754184001576,
0.526821300573299,0.583766404720395,0.640711508867492,0.694415797275899,
0.748120085684306,0.798747110272007,0.849374134859707),.UNSPECIFIED.);
#39=B_SPLINE_CURVE_WITH_KNOTS('',3,(#4110,#4111,#4112,#4113,#4114,#4115,
#4116,#4117,#4118,#4119,#4120,#4121,#4122,#4123,#4124,#4125,#4126,#4127,
#4128,#4129,#4130,#4131,#4132,#4133,#4134,#4135,#4136,#4137,#4138,#4139,
#4140,#4141,#4142,#4143),.UNSPECIFIED.,.T.,.F.,(4,2,2,2,2,2,2,2,2,2,2,2,
2,2,2,2,4),(0.,0.0506270245877003,0.101254049175401,0.154958337583808,0.208662625992215,
0.265607730139312,0.322552834286409,0.373619950858131,0.424687067429854,
0.475754184001577,0.526821300573299,0.583766404720396,0.640711508867492,
0.6944157972759,0.748120085684307,0.798747110272008,0.849374134859708),
 .UNSPECIFIED.);
#40=B_SPLINE_CURVE_WITH_KNOTS('',3,(#4150,#4151,#4152,#4153,#4154,#4155,
#4156,#4157,#4158,#4159,#4160,#4161,#4162,#4163,#4164,#4165,#4166,#4167,
#4168,#4169,#4170,#4171,#4172,#4173,#4174,#4175),.UNSPECIFIED.,.F.,.F.,
(4,2,2,2,2,2,2,2,2,2,2,2,4),(0.,0.0506270245877002,0.1012540491754,0.154958337583808,
0.208662625992215,0.265607730139312,0.322552834286408,0.373619950858131,
0.424687067429854,0.475754184001576,0.526821300573299,0.583766404720395,
0.640711508867492),.UNSPECIFIED.);
#41=B_SPLINE_CURVE_WITH_KNOTS('',3,(#4176,#4177,#4178,#4179,#4180,#4181,
#4182,#4183,#4184,#4185),.UNSPECIFIED.,.F.,.F.,(4,2,2,2,4),(0.640711508867492,
0.694415797275899,0.748120085684307,0.798747110272007,0.849374134859707),
 .UNSPECIFIED.);
#42=B_SPLINE_CURVE_WITH_KNOTS('',3,(#4192,#4193,#4194,#4195,#4196,#4197,
#4198,#4199,#4200,#4201),.UNSPECIFIED.,.F.,.F.,(4,2,2,2,4),(0.,0.0506270245877003,
0.101254049175401,0.154958337583808,0.208662625992215),.UNSPECIFIED.);
#43=B_SPLINE_CURVE_WITH_KNOTS('',3,(#4202,#4203,#4204,#4205,#4206,#4207,
#4208,#4209,#4210,#4211,#4212,#4213,#4214,#4215,#4216,#4217,#4218,#4219,
#4220,#4221,#4222,#4223,#4224,#4225,#4226,#4227),.UNSPECIFIED.,.F.,.F.,
(4,2,2,2,2,2,2,2,2,2,2,2,4),(0.208662625992215,0.265607730139312,0.322552834286408,
0.373619950858131,0.424687067429854,0.475754184001576,0.526821300573299,
0.583766404720395,0.640711508867492,0.694415797275899,0.748120085684307,
0.798747110272007,0.849374134859707),.UNSPECIFIED.);
#44=TOROIDAL_SURFACE('',#2842,22.5,3.5);
#45=TOROIDAL_SURFACE('',#2850,19.7925476897654,6.);
#46=TOROIDAL_SURFACE('',#2869,12.,8.);
#47=TOROIDAL_SURFACE('',#2875,12.,8.);
#48=TOROIDAL_SURFACE('',#2880,12.,8.);
#49=TOROIDAL_SURFACE('',#2885,12.,8.);
#50=FACE_BOUND('',#338,.T.);
#51=FACE_BOUND('',#343,.T.);
#52=FACE_BOUND('',#350,.T.);
#53=FACE_BOUND('',#351,.T.);
#54=FACE_BOUND('',#352,.T.);
#55=FACE_BOUND('',#353,.T.);
#56=FACE_BOUND('',#354,.T.);
#57=FACE_BOUND('',#355,.T.);
#58=FACE_BOUND('',#356,.T.);
#59=FACE_BOUND('',#366,.T.);
#60=FACE_BOUND('',#375,.T.);
#61=FACE_BOUND('',#391,.T.);
#62=FACE_BOUND('',#394,.T.);
#63=FACE_BOUND('',#397,.T.);
#64=FACE_BOUND('',#400,.T.);
#65=FACE_BOUND('',#402,.T.);
#66=FACE_BOUND('',#408,.T.);
#67=FACE_BOUND('',#409,.T.);
#68=FACE_BOUND('',#410,.T.);
#69=FACE_BOUND('',#411,.T.);
#70=FACE_BOUND('',#412,.T.);
#71=FACE_BOUND('',#419,.T.);
#72=FACE_BOUND('',#434,.T.);
#73=FACE_BOUND('',#441,.T.);
#74=FACE_BOUND('',#467,.T.);
#75=FACE_BOUND('',#469,.T.);
#76=PLANE('',#2782);
#77=PLANE('',#2783);
#78=PLANE('',#2790);
#79=PLANE('',#2791);
#80=PLANE('',#2792);
#81=PLANE('',#2796);
#82=PLANE('',#2800);
#83=PLANE('',#2813);
#84=PLANE('',#2817);
#85=PLANE('',#2821);
#86=PLANE('',#2825);
#87=PLANE('',#2826);
#88=PLANE('',#2836);
#89=PLANE('',#2838);
#90=PLANE('',#2839);
#91=PLANE('',#2841);
#92=PLANE('',#2847);
#93=PLANE('',#2855);
#94=PLANE('',#2856);
#95=PLANE('',#2857);
#96=PLANE('',#2860);
#97=PLANE('',#2889);
#98=PLANE('',#2892);
#99=PLANE('',#2897);
#100=PLANE('',#2900);
#101=PLANE('',#2901);
#102=PLANE('',#2902);
#103=PLANE('',#2903);
#104=PLANE('',#2904);
#105=PLANE('',#2905);
#106=PLANE('',#2906);
#107=PLANE('',#2907);
#108=PLANE('',#2908);
#109=PLANE('',#2909);
#110=PLANE('',#2910);
#111=PLANE('',#2911);
#112=PLANE('',#2912);
#113=PLANE('',#2913);
#114=PLANE('',#2914);
#115=PLANE('',#2915);
#116=PLANE('',#2916);
#117=PLANE('',#2917);
#118=PLANE('',#2918);
#119=PLANE('',#2920);
#120=PLANE('',#2921);
#121=PLANE('',#2922);
#122=PLANE('',#2923);
#123=PLANE('',#2926);
#124=PLANE('',#2927);
#125=PLANE('',#2931);
#126=PLANE('',#2935);
#127=PLANE('',#2939);
#128=PLANE('',#2943);
#129=PLANE('',#2947);
#130=PLANE('',#2951);
#131=PLANE('',#2955);
#132=PLANE('',#2962);
#133=PLANE('',#2966);
#134=PLANE('',#2970);
#135=PLANE('',#2974);
#136=PLANE('',#2975);
#137=PLANE('',#2976);
#138=PLANE('',#2977);
#139=PLANE('',#2981);
#140=PLANE('',#2982);
#141=PLANE('',#2983);
#142=PLANE('',#2984);
#143=PLANE('',#2985);
#144=PLANE('',#2989);
#145=PLANE('',#2990);
#146=PLANE('',#2991);
#147=PLANE('',#2992);
#148=PLANE('',#2993);
#149=PLANE('',#2997);
#150=PLANE('',#2998);
#151=PLANE('',#2999);
#152=PLANE('',#3000);
#153=PLANE('',#3001);
#154=PLANE('',#3005);
#155=PLANE('',#3006);
#156=PLANE('',#3007);
#157=PLANE('',#3008);
#158=PLANE('',#3009);
#159=PLANE('',#3013);
#160=PLANE('',#3014);
#161=PLANE('',#3015);
#162=PLANE('',#3016);
#163=PLANE('',#3017);
#164=PLANE('',#3021);
#165=PLANE('',#3022);
#166=PLANE('',#3023);
#167=PLANE('',#3024);
#168=PLANE('',#3025);
#169=PLANE('',#3029);
#170=PLANE('',#3030);
#171=PLANE('',#3031);
#172=PLANE('',#3032);
#173=PLANE('',#3033);
#174=PLANE('',#3037);
#175=PLANE('',#3038);
#176=PLANE('',#3039);
#177=PLANE('',#3040);
#178=FACE_OUTER_BOUND('',#335,.T.);
#179=FACE_OUTER_BOUND('',#336,.T.);
#180=FACE_OUTER_BOUND('',#337,.T.);
#181=FACE_OUTER_BOUND('',#339,.T.);
#182=FACE_OUTER_BOUND('',#340,.T.);
#183=FACE_OUTER_BOUND('',#341,.T.);
#184=FACE_OUTER_BOUND('',#342,.T.);
#185=FACE_OUTER_BOUND('',#344,.T.);
#186=FACE_OUTER_BOUND('',#345,.T.);
#187=FACE_OUTER_BOUND('',#346,.T.);
#188=FACE_OUTER_BOUND('',#347,.T.);
#189=FACE_OUTER_BOUND('',#348,.T.);
#190=FACE_OUTER_BOUND('',#349,.T.);
#191=FACE_OUTER_BOUND('',#357,.T.);
#192=FACE_OUTER_BOUND('',#358,.T.);
#193=FACE_OUTER_BOUND('',#359,.T.);
#194=FACE_OUTER_BOUND('',#360,.T.);
#195=FACE_OUTER_BOUND('',#361,.T.);
#196=FACE_OUTER_BOUND('',#362,.T.);
#197=FACE_OUTER_BOUND('',#363,.T.);
#198=FACE_OUTER_BOUND('',#364,.T.);
#199=FACE_OUTER_BOUND('',#365,.T.);
#200=FACE_OUTER_BOUND('',#367,.T.);
#201=FACE_OUTER_BOUND('',#368,.T.);
#202=FACE_OUTER_BOUND('',#369,.T.);
#203=FACE_OUTER_BOUND('',#370,.T.);
#204=FACE_OUTER_BOUND('',#371,.T.);
#205=FACE_OUTER_BOUND('',#372,.T.);
#206=FACE_OUTER_BOUND('',#373,.T.);
#207=FACE_OUTER_BOUND('',#374,.T.);
#208=FACE_OUTER_BOUND('',#376,.T.);
#209=FACE_OUTER_BOUND('',#377,.T.);
#210=FACE_OUTER_BOUND('',#378,.T.);
#211=FACE_OUTER_BOUND('',#379,.T.);
#212=FACE_OUTER_BOUND('',#380,.T.);
#213=FACE_OUTER_BOUND('',#381,.T.);
#214=FACE_OUTER_BOUND('',#382,.T.);
#215=FACE_OUTER_BOUND('',#383,.T.);
#216=FACE_OUTER_BOUND('',#384,.T.);
#217=FACE_OUTER_BOUND('',#385,.T.);
#218=FACE_OUTER_BOUND('',#386,.T.);
#219=FACE_OUTER_BOUND('',#387,.T.);
#220=FACE_OUTER_BOUND('',#388,.T.);
#221=FACE_OUTER_BOUND('',#389,.T.);
#222=FACE_OUTER_BOUND('',#390,.T.);
#223=FACE_OUTER_BOUND('',#392,.T.);
#224=FACE_OUTER_BOUND('',#393,.T.);
#225=FACE_OUTER_BOUND('',#395,.T.);
#226=FACE_OUTER_BOUND('',#396,.T.);
#227=FACE_OUTER_BOUND('',#398,.T.);
#228=FACE_OUTER_BOUND('',#399,.T.);
#229=FACE_OUTER_BOUND('',#401,.T.);
#230=FACE_OUTER_BOUND('',#403,.T.);
#231=FACE_OUTER_BOUND('',#404,.T.);
#232=FACE_OUTER_BOUND('',#405,.T.);
#233=FACE_OUTER_BOUND('',#406,.T.);
#234=FACE_OUTER_BOUND('',#407,.T.);
#235=FACE_OUTER_BOUND('',#413,.T.);
#236=FACE_OUTER_BOUND('',#414,.T.);
#237=FACE_OUTER_BOUND('',#415,.T.);
#238=FACE_OUTER_BOUND('',#416,.T.);
#239=FACE_OUTER_BOUND('',#417,.T.);
#240=FACE_OUTER_BOUND('',#418,.T.);
#241=FACE_OUTER_BOUND('',#420,.T.);
#242=FACE_OUTER_BOUND('',#421,.T.);
#243=FACE_OUTER_BOUND('',#422,.T.);
#244=FACE_OUTER_BOUND('',#423,.T.);
#245=FACE_OUTER_BOUND('',#424,.T.);
#246=FACE_OUTER_BOUND('',#425,.T.);
#247=FACE_OUTER_BOUND('',#426,.T.);
#248=FACE_OUTER_BOUND('',#427,.T.);
#249=FACE_OUTER_BOUND('',#428,.T.);
#250=FACE_OUTER_BOUND('',#429,.T.);
#251=FACE_OUTER_BOUND('',#430,.T.);
#252=FACE_OUTER_BOUND('',#431,.T.);
#253=FACE_OUTER_BOUND('',#432,.T.);
#254=FACE_OUTER_BOUND('',#433,.T.);
#255=FACE_OUTER_BOUND('',#435,.T.);
#256=FACE_OUTER_BOUND('',#436,.T.);
#257=FACE_OUTER_BOUND('',#437,.T.);
#258=FACE_OUTER_BOUND('',#438,.T.);
#259=FACE_OUTER_BOUND('',#439,.T.);
#260=FACE_OUTER_BOUND('',#440,.T.);
#261=FACE_OUTER_BOUND('',#442,.T.);
#262=FACE_OUTER_BOUND('',#443,.T.);
#263=FACE_OUTER_BOUND('',#444,.T.);
#264=FACE_OUTER_BOUND('',#445,.T.);
#265=FACE_OUTER_BOUND('',#446,.T.);
#266=FACE_OUTER_BOUND('',#447,.T.);
#267=FACE_OUTER_BOUND('',#448,.T.);
#268=FACE_OUTER_BOUND('',#449,.T.);
#269=FACE_OUTER_BOUND('',#450,.T.);
#270=FACE_OUTER_BOUND('',#451,.T.);
#271=FACE_OUTER_BOUND('',#452,.T.);
#272=FACE_OUTER_BOUND('',#453,.T.);
#273=FACE_OUTER_BOUND('',#454,.T.);
#274=FACE_OUTER_BOUND('',#455,.T.);
#275=FACE_OUTER_BOUND('',#456,.T.);
#276=FACE_OUTER_BOUND('',#457,.T.);
#277=FACE_OUTER_BOUND('',#458,.T.);
#278=FACE_OUTER_BOUND('',#459,.T.);
#279=FACE_OUTER_BOUND('',#460,.T.);
#280=FACE_OUTER_BOUND('',#461,.T.);
#281=FACE_OUTER_BOUND('',#462,.T.);
#282=FACE_OUTER_BOUND('',#463,.T.);
#283=FACE_OUTER_BOUND('',#464,.T.);
#284=FACE_OUTER_BOUND('',#465,.T.);
#285=FACE_OUTER_BOUND('',#466,.T.);
#286=FACE_OUTER_BOUND('',#468,.T.);
#287=FACE_OUTER_BOUND('',#470,.T.);
#288=FACE_OUTER_BOUND('',#471,.T.);
#289=FACE_OUTER_BOUND('',#472,.T.);
#290=FACE_OUTER_BOUND('',#473,.T.);
#291=FACE_OUTER_BOUND('',#474,.T.);
#292=FACE_OUTER_BOUND('',#475,.T.);
#293=FACE_OUTER_BOUND('',#476,.T.);
#294=FACE_OUTER_BOUND('',#477,.T.);
#295=FACE_OUTER_BOUND('',#478,.T.);
#296=FACE_OUTER_BOUND('',#479,.T.);
#297=FACE_OUTER_BOUND('',#480,.T.);
#298=FACE_OUTER_BOUND('',#481,.T.);
#299=FACE_OUTER_BOUND('',#482,.T.);
#300=FACE_OUTER_BOUND('',#483,.T.);
#301=FACE_OUTER_BOUND('',#484,.T.);
#302=FACE_OUTER_BOUND('',#485,.T.);
#303=FACE_OUTER_BOUND('',#486,.T.);
#304=FACE_OUTER_BOUND('',#487,.T.);
#305=FACE_OUTER_BOUND('',#488,.T.);
#306=FACE_OUTER_BOUND('',#489,.T.);
#307=FACE_OUTER_BOUND('',#490,.T.);
#308=FACE_OUTER_BOUND('',#491,.T.);
#309=FACE_OUTER_BOUND('',#492,.T.);
#310=FACE_OUTER_BOUND('',#493,.T.);
#311=FACE_OUTER_BOUND('',#494,.T.);
#312=FACE_OUTER_BOUND('',#495,.T.);
#313=FACE_OUTER_BOUND('',#496,.T.);
#314=FACE_OUTER_BOUND('',#497,.T.);
#315=FACE_OUTER_BOUND('',#498,.T.);
#316=FACE_OUTER_BOUND('',#499,.T.);
#317=FACE_OUTER_BOUND('',#500,.T.);
#318=FACE_OUTER_BOUND('',#501,.T.);
#319=FACE_OUTER_BOUND('',#502,.T.);
#320=FACE_OUTER_BOUND('',#503,.T.);
#321=FACE_OUTER_BOUND('',#504,.T.);
#322=FACE_OUTER_BOUND('',#505,.T.);
#323=FACE_OUTER_BOUND('',#506,.T.);
#324=FACE_OUTER_BOUND('',#507,.T.);
#325=FACE_OUTER_BOUND('',#508,.T.);
#326=FACE_OUTER_BOUND('',#509,.T.);
#327=FACE_OUTER_BOUND('',#510,.T.);
#328=FACE_OUTER_BOUND('',#511,.T.);
#329=FACE_OUTER_BOUND('',#512,.T.);
#330=FACE_OUTER_BOUND('',#513,.T.);
#331=FACE_OUTER_BOUND('',#514,.T.);
#332=FACE_OUTER_BOUND('',#515,.T.);
#333=FACE_OUTER_BOUND('',#516,.T.);
#334=FACE_OUTER_BOUND('',#517,.T.);
#335=EDGE_LOOP('',(#1785,#1786,#1787,#1788));
#336=EDGE_LOOP('',(#1789,#1790,#1791,#1792));
#337=EDGE_LOOP('',(#1793));
#338=EDGE_LOOP('',(#1794));
#339=EDGE_LOOP('',(#1795));
#340=EDGE_LOOP('',(#1796,#1797,#1798,#1799));
#341=EDGE_LOOP('',(#1800,#1801,#1802,#1803));
#342=EDGE_LOOP('',(#1804));
#343=EDGE_LOOP('',(#1805));
#344=EDGE_LOOP('',(#1806));
#345=EDGE_LOOP('',(#1807,#1808,#1809,#1810));
#346=EDGE_LOOP('',(#1811,#1812,#1813,#1814));
#347=EDGE_LOOP('',(#1815,#1816,#1817,#1818));
#348=EDGE_LOOP('',(#1819,#1820,#1821,#1822));
#349=EDGE_LOOP('',(#1823,#1824,#1825,#1826));
#350=EDGE_LOOP('',(#1827));
#351=EDGE_LOOP('',(#1828,#1829,#1830,#1831));
#352=EDGE_LOOP('',(#1832,#1833,#1834,#1835));
#353=EDGE_LOOP('',(#1836,#1837,#1838,#1839));
#354=EDGE_LOOP('',(#1840,#1841,#1842,#1843));
#355=EDGE_LOOP('',(#1844));
#356=EDGE_LOOP('',(#1845));
#357=EDGE_LOOP('',(#1846,#1847,#1848,#1849));
#358=EDGE_LOOP('',(#1850,#1851,#1852,#1853));
#359=EDGE_LOOP('',(#1854,#1855,#1856,#1857));
#360=EDGE_LOOP('',(#1858,#1859,#1860,#1861));
#361=EDGE_LOOP('',(#1862,#1863,#1864,#1865));
#362=EDGE_LOOP('',(#1866,#1867,#1868,#1869));
#363=EDGE_LOOP('',(#1870,#1871,#1872,#1873));
#364=EDGE_LOOP('',(#1874,#1875,#1876,#1877));
#365=EDGE_LOOP('',(#1878,#1879,#1880,#1881,#1882,#1883,#1884,#1885));
#366=EDGE_LOOP('',(#1886,#1887,#1888,#1889,#1890,#1891,#1892,#1893,#1894,
#1895,#1896,#1897,#1898,#1899,#1900,#1901,#1902));
#367=EDGE_LOOP('',(#1903,#1904,#1905,#1906));
#368=EDGE_LOOP('',(#1907,#1908,#1909,#1910));
#369=EDGE_LOOP('',(#1911,#1912,#1913,#1914));
#370=EDGE_LOOP('',(#1915,#1916,#1917,#1918));
#371=EDGE_LOOP('',(#1919,#1920,#1921,#1922));
#372=EDGE_LOOP('',(#1923,#1924,#1925,#1926));
#373=EDGE_LOOP('',(#1927,#1928,#1929,#1930,#1931));
#374=EDGE_LOOP('',(#1932));
#375=EDGE_LOOP('',(#1933));
#376=EDGE_LOOP('',(#1934,#1935,#1936,#1937,#1938,#1939,#1940,#1941,#1942,
#1943,#1944,#1945,#1946,#1947,#1948,#1949,#1950,#1951,#1952,#1953,#1954));
#377=EDGE_LOOP('',(#1955,#1956,#1957,#1958,#1959));
#378=EDGE_LOOP('',(#1960,#1961,#1962,#1963,#1964));
#379=EDGE_LOOP('',(#1965,#1966,#1967,#1968));
#380=EDGE_LOOP('',(#1969,#1970,#1971,#1972));
#381=EDGE_LOOP('',(#1973,#1974,#1975,#1976));
#382=EDGE_LOOP('',(#1977,#1978,#1979,#1980));
#383=EDGE_LOOP('',(#1981,#1982,#1983,#1984));
#384=EDGE_LOOP('',(#1985,#1986,#1987,#1988));
#385=EDGE_LOOP('',(#1989,#1990,#1991,#1992,#1993));
#386=EDGE_LOOP('',(#1994,#1995,#1996,#1997));
#387=EDGE_LOOP('',(#1998,#1999,#2000,#2001,#2002));
#388=EDGE_LOOP('',(#2003,#2004,#2005,#2006,#2007));
#389=EDGE_LOOP('',(#2008,#2009,#2010,#2011));
#390=EDGE_LOOP('',(#2012,#2013,#2014,#2015));
#391=EDGE_LOOP('',(#2016,#2017));
#392=EDGE_LOOP('',(#2018,#2019,#2020,#2021));
#393=EDGE_LOOP('',(#2022,#2023,#2024,#2025));
#394=EDGE_LOOP('',(#2026,#2027));
#395=EDGE_LOOP('',(#2028,#2029,#2030,#2031));
#396=EDGE_LOOP('',(#2032,#2033,#2034,#2035));
#397=EDGE_LOOP('',(#2036,#2037));
#398=EDGE_LOOP('',(#2038,#2039,#2040,#2041));
#399=EDGE_LOOP('',(#2042,#2043,#2044,#2045));
#400=EDGE_LOOP('',(#2046));
#401=EDGE_LOOP('',(#2047,#2048,#2049,#2050));
#402=EDGE_LOOP('',(#2051,#2052,#2053,#2054));
#403=EDGE_LOOP('',(#2055,#2056,#2057,#2058));
#404=EDGE_LOOP('',(#2059,#2060,#2061,#2062));
#405=EDGE_LOOP('',(#2063,#2064,#2065,#2066));
#406=EDGE_LOOP('',(#2067,#2068,#2069,#2070));
#407=EDGE_LOOP('',(#2071,#2072,#2073,#2074,#2075,#2076,#2077,#2078));
#408=EDGE_LOOP('',(#2079));
#409=EDGE_LOOP('',(#2080));
#410=EDGE_LOOP('',(#2081));
#411=EDGE_LOOP('',(#2082));
#412=EDGE_LOOP('',(#2083,#2084,#2085,#2086));
#413=EDGE_LOOP('',(#2087,#2088,#2089,#2090));
#414=EDGE_LOOP('',(#2091,#2092,#2093,#2094));
#415=EDGE_LOOP('',(#2095,#2096,#2097,#2098));
#416=EDGE_LOOP('',(#2099,#2100,#2101,#2102));
#417=EDGE_LOOP('',(#2103,#2104,#2105,#2106));
#418=EDGE_LOOP('',(#2107,#2108,#2109,#2110));
#419=EDGE_LOOP('',(#2111,#2112,#2113,#2114));
#420=EDGE_LOOP('',(#2115,#2116,#2117,#2118));
#421=EDGE_LOOP('',(#2119,#2120,#2121,#2122,#2123,#2124,#2125,#2126,#2127,
#2128));
#422=EDGE_LOOP('',(#2129,#2130,#2131,#2132,#2133,#2134,#2135,#2136,#2137,
#2138));
#423=EDGE_LOOP('',(#2139,#2140,#2141,#2142));
#424=EDGE_LOOP('',(#2143,#2144,#2145,#2146));
#425=EDGE_LOOP('',(#2147,#2148,#2149,#2150));
#426=EDGE_LOOP('',(#2151,#2152,#2153,#2154));
#427=EDGE_LOOP('',(#2155,#2156,#2157,#2158));
#428=EDGE_LOOP('',(#2159,#2160,#2161,#2162));
#429=EDGE_LOOP('',(#2163,#2164,#2165,#2166));
#430=EDGE_LOOP('',(#2167,#2168,#2169,#2170));
#431=EDGE_LOOP('',(#2171,#2172,#2173,#2174));
#432=EDGE_LOOP('',(#2175,#2176,#2177,#2178));
#433=EDGE_LOOP('',(#2179));
#434=EDGE_LOOP('',(#2180,#2181,#2182,#2183));
#435=EDGE_LOOP('',(#2184,#2185,#2186,#2187));
#436=EDGE_LOOP('',(#2188,#2189,#2190,#2191));
#437=EDGE_LOOP('',(#2192,#2193,#2194,#2195));
#438=EDGE_LOOP('',(#2196,#2197,#2198,#2199));
#439=EDGE_LOOP('',(#2200,#2201,#2202,#2203));
#440=EDGE_LOOP('',(#2204));
#441=EDGE_LOOP('',(#2205,#2206,#2207,#2208));
#442=EDGE_LOOP('',(#2209,#2210,#2211,#2212));
#443=EDGE_LOOP('',(#2213,#2214,#2215,#2216));
#444=EDGE_LOOP('',(#2217,#2218,#2219,#2220));
#445=EDGE_LOOP('',(#2221,#2222,#2223,#2224));
#446=EDGE_LOOP('',(#2225,#2226,#2227,#2228));
#447=EDGE_LOOP('',(#2229,#2230,#2231,#2232));
#448=EDGE_LOOP('',(#2233,#2234,#2235,#2236));
#449=EDGE_LOOP('',(#2237,#2238,#2239,#2240));
#450=EDGE_LOOP('',(#2241,#2242,#2243,#2244));
#451=EDGE_LOOP('',(#2245,#2246,#2247,#2248));
#452=EDGE_LOOP('',(#2249,#2250,#2251,#2252));
#453=EDGE_LOOP('',(#2253,#2254,#2255,#2256));
#454=EDGE_LOOP('',(#2257,#2258,#2259,#2260));
#455=EDGE_LOOP('',(#2261,#2262,#2263,#2264));
#456=EDGE_LOOP('',(#2265,#2266,#2267,#2268));
#457=EDGE_LOOP('',(#2269,#2270,#2271,#2272));
#458=EDGE_LOOP('',(#2273,#2274,#2275,#2276));
#459=EDGE_LOOP('',(#2277,#2278,#2279,#2280));
#460=EDGE_LOOP('',(#2281,#2282,#2283,#2284));
#461=EDGE_LOOP('',(#2285,#2286,#2287,#2288));
#462=EDGE_LOOP('',(#2289,#2290,#2291,#2292));
#463=EDGE_LOOP('',(#2293,#2294,#2295,#2296));
#464=EDGE_LOOP('',(#2297,#2298,#2299,#2300));
#465=EDGE_LOOP('',(#2301,#2302,#2303,#2304));
#466=EDGE_LOOP('',(#2305,#2306,#2307,#2308,#2309,#2310,#2311,#2312));
#467=EDGE_LOOP('',(#2313,#2314,#2315,#2316,#2317,#2318,#2319,#2320,#2321,
#2322,#2323,#2324,#2325,#2326,#2327,#2328));
#468=EDGE_LOOP('',(#2329,#2330,#2331,#2332,#2333,#2334,#2335,#2336));
#469=EDGE_LOOP('',(#2337,#2338,#2339,#2340,#2341,#2342,#2343,#2344,#2345,
#2346,#2347,#2348,#2349,#2350,#2351,#2352));
#470=EDGE_LOOP('',(#2353,#2354,#2355,#2356));
#471=EDGE_LOOP('',(#2357,#2358,#2359,#2360));
#472=EDGE_LOOP('',(#2361,#2362,#2363,#2364));
#473=EDGE_LOOP('',(#2365,#2366,#2367,#2368));
#474=EDGE_LOOP('',(#2369,#2370,#2371,#2372));
#475=EDGE_LOOP('',(#2373,#2374,#2375,#2376));
#476=EDGE_LOOP('',(#2377,#2378,#2379,#2380));
#477=EDGE_LOOP('',(#2381,#2382,#2383,#2384));
#478=EDGE_LOOP('',(#2385,#2386,#2387,#2388));
#479=EDGE_LOOP('',(#2389,#2390,#2391,#2392));
#480=EDGE_LOOP('',(#2393,#2394,#2395,#2396));
#481=EDGE_LOOP('',(#2397,#2398,#2399,#2400));
#482=EDGE_LOOP('',(#2401,#2402,#2403,#2404));
#483=EDGE_LOOP('',(#2405,#2406,#2407,#2408));
#484=EDGE_LOOP('',(#2409,#2410,#2411,#2412));
#485=EDGE_LOOP('',(#2413,#2414,#2415,#2416));
#486=EDGE_LOOP('',(#2417,#2418,#2419,#2420));
#487=EDGE_LOOP('',(#2421,#2422,#2423,#2424));
#488=EDGE_LOOP('',(#2425,#2426,#2427,#2428));
#489=EDGE_LOOP('',(#2429,#2430,#2431,#2432));
#490=EDGE_LOOP('',(#2433,#2434,#2435,#2436));
#491=EDGE_LOOP('',(#2437,#2438,#2439,#2440));
#492=EDGE_LOOP('',(#2441,#2442,#2443,#2444));
#493=EDGE_LOOP('',(#2445,#2446,#2447,#2448));
#494=EDGE_LOOP('',(#2449,#2450,#2451,#2452));
#495=EDGE_LOOP('',(#2453,#2454,#2455,#2456));
#496=EDGE_LOOP('',(#2457,#2458,#2459,#2460));
#497=EDGE_LOOP('',(#2461,#2462,#2463,#2464));
#498=EDGE_LOOP('',(#2465,#2466,#2467,#2468));
#499=EDGE_LOOP('',(#2469,#2470,#2471,#2472));
#500=EDGE_LOOP('',(#2473,#2474,#2475,#2476));
#501=EDGE_LOOP('',(#2477,#2478,#2479,#2480));
#502=EDGE_LOOP('',(#2481,#2482,#2483,#2484));
#503=EDGE_LOOP('',(#2485,#2486,#2487,#2488));
#504=EDGE_LOOP('',(#2489,#2490,#2491,#2492));
#505=EDGE_LOOP('',(#2493,#2494,#2495,#2496));
#506=EDGE_LOOP('',(#2497,#2498,#2499,#2500));
#507=EDGE_LOOP('',(#2501,#2502,#2503,#2504));
#508=EDGE_LOOP('',(#2505,#2506,#2507,#2508));
#509=EDGE_LOOP('',(#2509,#2510,#2511,#2512));
#510=EDGE_LOOP('',(#2513,#2514,#2515,#2516));
#511=EDGE_LOOP('',(#2517,#2518,#2519,#2520));
#512=EDGE_LOOP('',(#2521,#2522,#2523,#2524));
#513=EDGE_LOOP('',(#2525,#2526,#2527,#2528));
#514=EDGE_LOOP('',(#2529,#2530,#2531,#2532));
#515=EDGE_LOOP('',(#2533,#2534,#2535,#2536));
#516=EDGE_LOOP('',(#2537,#2538,#2539,#2540));
#517=EDGE_LOOP('',(#2541,#2542,#2543,#2544));
#518=LINE('',#3843,#783);
#519=LINE('',#3849,#784);
#520=LINE('',#3857,#785);
#521=LINE('',#3863,#786);
#522=LINE('',#3870,#787);
#523=LINE('',#3872,#788);
#524=LINE('',#3874,#789);
#525=LINE('',#3875,#790);
#526=LINE('',#3880,#791);
#527=LINE('',#3884,#792);
#528=LINE('',#3886,#793);
#529=LINE('',#3887,#794);
#530=LINE('',#3894,#795);
#531=LINE('',#3896,#796);
#532=LINE('',#3898,#797);
#533=LINE('',#3899,#798);
#534=LINE('',#3902,#799);
#535=LINE('',#3906,#800);
#536=LINE('',#3912,#801);
#537=LINE('',#3915,#802);
#538=LINE('',#3918,#803);
#539=LINE('',#3922,#804);
#540=LINE('',#3928,#805);
#541=LINE('',#3931,#806);
#542=LINE('',#3939,#807);
#543=LINE('',#3942,#808);
#544=LINE('',#3945,#809);
#545=LINE('',#3947,#810);
#546=LINE('',#3948,#811);
#547=LINE('',#3953,#812);
#548=LINE('',#3957,#813);
#549=LINE('',#3959,#814);
#550=LINE('',#3960,#815);
#551=LINE('',#3965,#816);
#552=LINE('',#3969,#817);
#553=LINE('',#3971,#818);
#554=LINE('',#3972,#819);
#555=LINE('',#3977,#820);
#556=LINE('',#3980,#821);
#557=LINE('',#3981,#822);
#558=LINE('',#3987,#823);
#559=LINE('',#3991,#824);
#560=LINE('',#3997,#825);
#561=LINE('',#4001,#826);
#562=LINE('',#4005,#827);
#563=LINE('',#4009,#828);
#564=LINE('',#4013,#829);
#565=LINE('',#4016,#830);
#566=LINE('',#4018,#831);
#567=LINE('',#4019,#832);
#568=LINE('',#4021,#833);
#569=LINE('',#4023,#834);
#570=LINE('',#4025,#835);
#571=LINE('',#4026,#836);
#572=LINE('',#4028,#837);
#573=LINE('',#4030,#838);
#574=LINE('',#4043,#839);
#575=LINE('',#4044,#840);
#576=LINE('',#4045,#841);
#577=LINE('',#4046,#842);
#578=LINE('',#4047,#843);
#579=LINE('',#4055,#844);
#580=LINE('',#4057,#845);
#581=LINE('',#4059,#846);
#582=LINE('',#4061,#847);
#583=LINE('',#4063,#848);
#584=LINE('',#4106,#849);
#585=LINE('',#4145,#850);
#586=LINE('',#4187,#851);
#587=LINE('',#4229,#852);
#588=LINE('',#4240,#853);
#589=LINE('',#4248,#854);
#590=LINE('',#4256,#855);
#591=LINE('',#4262,#856);
#592=LINE('',#4265,#857);
#593=LINE('',#4267,#858);
#594=LINE('',#4268,#859);
#595=LINE('',#4271,#860);
#596=LINE('',#4275,#861);
#597=LINE('',#4276,#862);
#598=LINE('',#4279,#863);
#599=LINE('',#4284,#864);
#600=LINE('',#4287,#865);
#601=LINE('',#4290,#866);
#602=LINE('',#4293,#867);
#603=LINE('',#4295,#868);
#604=LINE('',#4297,#869);
#605=LINE('',#4298,#870);
#606=LINE('',#4300,#871);
#607=LINE('',#4301,#872);
#608=LINE('',#4304,#873);
#609=LINE('',#4305,#874);
#610=LINE('',#4307,#875);
#611=LINE('',#4309,#876);
#612=LINE('',#4315,#877);
#613=LINE('',#4317,#878);
#614=LINE('',#4319,#879);
#615=LINE('',#4321,#880);
#616=LINE('',#4323,#881);
#617=LINE('',#4325,#882);
#618=LINE('',#4327,#883);
#619=LINE('',#4329,#884);
#620=LINE('',#4331,#885);
#621=LINE('',#4332,#886);
#622=LINE('',#4336,#887);
#623=LINE('',#4338,#888);
#624=LINE('',#4340,#889);
#625=LINE('',#4342,#890);
#626=LINE('',#4344,#891);
#627=LINE('',#4346,#892);
#628=LINE('',#4348,#893);
#629=LINE('',#4350,#894);
#630=LINE('',#4352,#895);
#631=LINE('',#4353,#896);
#632=LINE('',#4355,#897);
#633=LINE('',#4356,#898);
#634=LINE('',#4358,#899);
#635=LINE('',#4360,#900);
#636=LINE('',#4362,#901);
#637=LINE('',#4364,#902);
#638=LINE('',#4366,#903);
#639=LINE('',#4368,#904);
#640=LINE('',#4370,#905);
#641=LINE('',#4372,#906);
#642=LINE('',#4379,#907);
#643=LINE('',#4381,#908);
#644=LINE('',#4383,#909);
#645=LINE('',#4384,#910);
#646=LINE('',#4387,#911);
#647=LINE('',#4389,#912);
#648=LINE('',#4390,#913);
#649=LINE('',#4393,#914);
#650=LINE('',#4394,#915);
#651=LINE('',#4397,#916);
#652=LINE('',#4398,#917);
#653=LINE('',#4400,#918);
#654=LINE('',#4404,#919);
#655=LINE('',#4409,#920);
#656=LINE('',#4411,#921);
#657=LINE('',#4413,#922);
#658=LINE('',#4414,#923);
#659=LINE('',#4420,#924);
#660=LINE('',#4423,#925);
#661=LINE('',#4425,#926);
#662=LINE('',#4426,#927);
#663=LINE('',#4432,#928);
#664=LINE('',#4435,#929);
#665=LINE('',#4437,#930);
#666=LINE('',#4438,#931);
#667=LINE('',#4444,#932);
#668=LINE('',#4447,#933);
#669=LINE('',#4449,#934);
#670=LINE('',#4450,#935);
#671=LINE('',#4456,#936);
#672=LINE('',#4459,#937);
#673=LINE('',#4461,#938);
#674=LINE('',#4462,#939);
#675=LINE('',#4468,#940);
#676=LINE('',#4471,#941);
#677=LINE('',#4473,#942);
#678=LINE('',#4474,#943);
#679=LINE('',#4480,#944);
#680=LINE('',#4483,#945);
#681=LINE('',#4485,#946);
#682=LINE('',#4486,#947);
#683=LINE('',#4492,#948);
#684=LINE('',#4495,#949);
#685=LINE('',#4497,#950);
#686=LINE('',#4498,#951);
#687=LINE('',#4507,#952);
#688=LINE('',#4510,#953);
#689=LINE('',#4513,#954);
#690=LINE('',#4515,#955);
#691=LINE('',#4516,#956);
#692=LINE('',#4522,#957);
#693=LINE('',#4525,#958);
#694=LINE('',#4527,#959);
#695=LINE('',#4528,#960);
#696=LINE('',#4534,#961);
#697=LINE('',#4537,#962);
#698=LINE('',#4539,#963);
#699=LINE('',#4540,#964);
#700=LINE('',#4546,#965);
#701=LINE('',#4548,#966);
#702=LINE('',#4549,#967);
#703=LINE('',#4557,#968);
#704=LINE('',#4559,#969);
#705=LINE('',#4560,#970);
#706=LINE('',#4565,#971);
#707=LINE('',#4566,#972);
#708=LINE('',#4569,#973);
#709=LINE('',#4571,#974);
#710=LINE('',#4572,#975);
#711=LINE('',#4574,#976);
#712=LINE('',#4576,#977);
#713=LINE('',#4583,#978);
#714=LINE('',#4585,#979);
#715=LINE('',#4586,#980);
#716=LINE('',#4591,#981);
#717=LINE('',#4592,#982);
#718=LINE('',#4595,#983);
#719=LINE('',#4597,#984);
#720=LINE('',#4598,#985);
#721=LINE('',#4600,#986);
#722=LINE('',#4602,#987);
#723=LINE('',#4609,#988);
#724=LINE('',#4611,#989);
#725=LINE('',#4612,#990);
#726=LINE('',#4617,#991);
#727=LINE('',#4618,#992);
#728=LINE('',#4621,#993);
#729=LINE('',#4623,#994);
#730=LINE('',#4624,#995);
#731=LINE('',#4626,#996);
#732=LINE('',#4628,#997);
#733=LINE('',#4635,#998);
#734=LINE('',#4637,#999);
#735=LINE('',#4638,#1000);
#736=LINE('',#4643,#1001);
#737=LINE('',#4644,#1002);
#738=LINE('',#4647,#1003);
#739=LINE('',#4649,#1004);
#740=LINE('',#4650,#1005);
#741=LINE('',#4652,#1006);
#742=LINE('',#4654,#1007);
#743=LINE('',#4661,#1008);
#744=LINE('',#4663,#1009);
#745=LINE('',#4664,#1010);
#746=LINE('',#4669,#1011);
#747=LINE('',#4670,#1012);
#748=LINE('',#4673,#1013);
#749=LINE('',#4675,#1014);
#750=LINE('',#4676,#1015);
#751=LINE('',#4678,#1016);
#752=LINE('',#4680,#1017);
#753=LINE('',#4687,#1018);
#754=LINE('',#4689,#1019);
#755=LINE('',#4690,#1020);
#756=LINE('',#4695,#1021);
#757=LINE('',#4696,#1022);
#758=LINE('',#4699,#1023);
#759=LINE('',#4701,#1024);
#760=LINE('',#4702,#1025);
#761=LINE('',#4704,#1026);
#762=LINE('',#4706,#1027);
#763=LINE('',#4713,#1028);
#764=LINE('',#4715,#1029);
#765=LINE('',#4716,#1030);
#766=LINE('',#4721,#1031);
#767=LINE('',#4722,#1032);
#768=LINE('',#4725,#1033);
#769=LINE('',#4727,#1034);
#770=LINE('',#4728,#1035);
#771=LINE('',#4730,#1036);
#772=LINE('',#4732,#1037);
#773=LINE('',#4739,#1038);
#774=LINE('',#4741,#1039);
#775=LINE('',#4742,#1040);
#776=LINE('',#4747,#1041);
#777=LINE('',#4748,#1042);
#778=LINE('',#4751,#1043);
#779=LINE('',#4753,#1044);
#780=LINE('',#4754,#1045);
#781=LINE('',#4756,#1046);
#782=LINE('',#4758,#1047);
#783=VECTOR('',#3047,1.3);
#784=VECTOR('',#3054,3.);
#785=VECTOR('',#3065,1.29999999999999);
#786=VECTOR('',#3072,4.00000005960464);
#787=VECTOR('',#3081,10.);
#788=VECTOR('',#3082,10.);
#789=VECTOR('',#3083,10.);
#790=VECTOR('',#3084,10.);
#791=VECTOR('',#3089,10.);
#792=VECTOR('',#3094,10.);
#793=VECTOR('',#3095,10.);
#794=VECTOR('',#3096,10.);
#795=VECTOR('',#3105,10.);
#796=VECTOR('',#3106,10.);
#797=VECTOR('',#3107,10.);
#798=VECTOR('',#3108,10.);
#799=VECTOR('',#3109,10.);
#800=VECTOR('',#3112,10.);
#801=VECTOR('',#3117,10.);
#802=VECTOR('',#3120,10.);
#803=VECTOR('',#3121,10.);
#804=VECTOR('',#3124,10.);
#805=VECTOR('',#3129,10.);
#806=VECTOR('',#3132,10.);
#807=VECTOR('',#3139,10.);
#808=VECTOR('',#3142,10.);
#809=VECTOR('',#3145,10.);
#810=VECTOR('',#3146,10.);
#811=VECTOR('',#3147,10.);
#812=VECTOR('',#3152,10.);
#813=VECTOR('',#3157,10.);
#814=VECTOR('',#3158,10.);
#815=VECTOR('',#3159,10.);
#816=VECTOR('',#3164,10.);
#817=VECTOR('',#3169,10.);
#818=VECTOR('',#3170,10.);
#819=VECTOR('',#3171,10.);
#820=VECTOR('',#3176,10.);
#821=VECTOR('',#3181,10.);
#822=VECTOR('',#3182,10.);
#823=VECTOR('',#3187,10.);
#824=VECTOR('',#3190,10.);
#825=VECTOR('',#3195,10.);
#826=VECTOR('',#3198,10.);
#827=VECTOR('',#3201,10.);
#828=VECTOR('',#3204,10.);
#829=VECTOR('',#3207,10.);
#830=VECTOR('',#3210,10.);
#831=VECTOR('',#3213,10.);
#832=VECTOR('',#3214,10.);
#833=VECTOR('',#3217,10.);
#834=VECTOR('',#3220,10.);
#835=VECTOR('',#3223,10.);
#836=VECTOR('',#3224,10.);
#837=VECTOR('',#3227,10.);
#838=VECTOR('',#3230,10.);
#839=VECTOR('',#3247,26.);
#840=VECTOR('',#3248,10.);
#841=VECTOR('',#3249,10.);
#842=VECTOR('',#3250,10.);
#843=VECTOR('',#3251,10.);
#844=VECTOR('',#3262,13.7925476897654);
#845=VECTOR('',#3265,10.);
#846=VECTOR('',#3268,10.);
#847=VECTOR('',#3271,10.);
#848=VECTOR('',#3274,10.);
#849=VECTOR('',#3281,1.35);
#850=VECTOR('',#3286,1.35);
#851=VECTOR('',#3291,1.35);
#852=VECTOR('',#3296,1.35);
#853=VECTOR('',#3311,10.);
#854=VECTOR('',#3322,10.);
#855=VECTOR('',#3333,10.);
#856=VECTOR('',#3342,10.);
#857=VECTOR('',#3345,10.);
#858=VECTOR('',#3346,10.);
#859=VECTOR('',#3347,10.);
#860=VECTOR('',#3350,10.);
#861=VECTOR('',#3355,10.);
#862=VECTOR('',#3356,10.);
#863=VECTOR('',#3359,10.);
#864=VECTOR('',#3366,10.);
#865=VECTOR('',#3369,10.);
#866=VECTOR('',#3372,10.);
#867=VECTOR('',#3373,10.);
#868=VECTOR('',#3374,10.);
#869=VECTOR('',#3375,10.);
#870=VECTOR('',#3376,10.);
#871=VECTOR('',#3379,10.);
#872=VECTOR('',#3380,10.);
#873=VECTOR('',#3385,10.);
#874=VECTOR('',#3386,10.);
#875=VECTOR('',#3389,10.);
#876=VECTOR('',#3392,10.);
#877=VECTOR('',#3399,10.);
#878=VECTOR('',#3400,10.);
#879=VECTOR('',#3401,10.);
#880=VECTOR('',#3402,10.);
#881=VECTOR('',#3403,10.);
#882=VECTOR('',#3404,10.);
#883=VECTOR('',#3405,10.);
#884=VECTOR('',#3406,10.);
#885=VECTOR('',#3407,10.);
#886=VECTOR('',#3408,10.);
#887=VECTOR('',#3411,10.);
#888=VECTOR('',#3412,10.);
#889=VECTOR('',#3413,10.);
#890=VECTOR('',#3414,10.);
#891=VECTOR('',#3415,10.);
#892=VECTOR('',#3416,10.);
#893=VECTOR('',#3417,10.);
#894=VECTOR('',#3418,10.);
#895=VECTOR('',#3419,10.);
#896=VECTOR('',#3420,10.);
#897=VECTOR('',#3423,10.);
#898=VECTOR('',#3424,10.);
#899=VECTOR('',#3427,10.);
#900=VECTOR('',#3430,10.);
#901=VECTOR('',#3433,10.);
#902=VECTOR('',#3436,10.);
#903=VECTOR('',#3439,10.);
#904=VECTOR('',#3442,10.);
#905=VECTOR('',#3445,10.);
#906=VECTOR('',#3448,10.);
#907=VECTOR('',#3455,10.);
#908=VECTOR('',#3456,10.);
#909=VECTOR('',#3457,10.);
#910=VECTOR('',#3458,10.);
#911=VECTOR('',#3461,10.);
#912=VECTOR('',#3462,10.);
#913=VECTOR('',#3463,10.);
#914=VECTOR('',#3466,10.);
#915=VECTOR('',#3467,10.);
#916=VECTOR('',#3470,10.);
#917=VECTOR('',#3471,10.);
#918=VECTOR('',#3474,10.);
#919=VECTOR('',#3479,13.7925476897654);
#920=VECTOR('',#3484,10.);
#921=VECTOR('',#3485,10.);
#922=VECTOR('',#3486,10.);
#923=VECTOR('',#3487,10.);
#924=VECTOR('',#3494,10.);
#925=VECTOR('',#3497,10.);
#926=VECTOR('',#3498,10.);
#927=VECTOR('',#3499,10.);
#928=VECTOR('',#3506,10.);
#929=VECTOR('',#3509,10.);
#930=VECTOR('',#3510,10.);
#931=VECTOR('',#3511,10.);
#932=VECTOR('',#3518,10.);
#933=VECTOR('',#3521,10.);
#934=VECTOR('',#3522,10.);
#935=VECTOR('',#3523,10.);
#936=VECTOR('',#3530,10.);
#937=VECTOR('',#3533,10.);
#938=VECTOR('',#3534,10.);
#939=VECTOR('',#3535,10.);
#940=VECTOR('',#3542,10.);
#941=VECTOR('',#3545,10.);
#942=VECTOR('',#3546,10.);
#943=VECTOR('',#3547,10.);
#944=VECTOR('',#3554,10.);
#945=VECTOR('',#3557,10.);
#946=VECTOR('',#3558,10.);
#947=VECTOR('',#3559,10.);
#948=VECTOR('',#3566,10.);
#949=VECTOR('',#3569,10.);
#950=VECTOR('',#3570,10.);
#951=VECTOR('',#3571,10.);
#952=VECTOR('',#3582,10.);
#953=VECTOR('',#3585,10.);
#954=VECTOR('',#3588,10.);
#955=VECTOR('',#3589,10.);
#956=VECTOR('',#3590,10.);
#957=VECTOR('',#3597,10.);
#958=VECTOR('',#3600,10.);
#959=VECTOR('',#3601,10.);
#960=VECTOR('',#3602,10.);
#961=VECTOR('',#3609,10.);
#962=VECTOR('',#3612,10.);
#963=VECTOR('',#3613,10.);
#964=VECTOR('',#3614,10.);
#965=VECTOR('',#3621,10.);
#966=VECTOR('',#3624,10.);
#967=VECTOR('',#3625,10.);
#968=VECTOR('',#3634,10.);
#969=VECTOR('',#3635,10.);
#970=VECTOR('',#3636,10.);
#971=VECTOR('',#3641,10.);
#972=VECTOR('',#3642,10.);
#973=VECTOR('',#3645,10.);
#974=VECTOR('',#3646,10.);
#975=VECTOR('',#3647,10.);
#976=VECTOR('',#3650,10.);
#977=VECTOR('',#3653,10.);
#978=VECTOR('',#3660,10.);
#979=VECTOR('',#3661,10.);
#980=VECTOR('',#3662,10.);
#981=VECTOR('',#3667,10.);
#982=VECTOR('',#3668,10.);
#983=VECTOR('',#3671,10.);
#984=VECTOR('',#3672,10.);
#985=VECTOR('',#3673,10.);
#986=VECTOR('',#3676,10.);
#987=VECTOR('',#3679,10.);
#988=VECTOR('',#3686,10.);
#989=VECTOR('',#3687,10.);
#990=VECTOR('',#3688,10.);
#991=VECTOR('',#3693,10.);
#992=VECTOR('',#3694,10.);
#993=VECTOR('',#3697,10.);
#994=VECTOR('',#3698,10.);
#995=VECTOR('',#3699,10.);
#996=VECTOR('',#3702,10.);
#997=VECTOR('',#3705,10.);
#998=VECTOR('',#3712,10.);
#999=VECTOR('',#3713,10.);
#1000=VECTOR('',#3714,10.);
#1001=VECTOR('',#3719,10.);
#1002=VECTOR('',#3720,10.);
#1003=VECTOR('',#3723,10.);
#1004=VECTOR('',#3724,10.);
#1005=VECTOR('',#3725,10.);
#1006=VECTOR('',#3728,10.);
#1007=VECTOR('',#3731,10.);
#1008=VECTOR('',#3738,10.);
#1009=VECTOR('',#3739,10.);
#1010=VECTOR('',#3740,10.);
#1011=VECTOR('',#3745,10.);
#1012=VECTOR('',#3746,10.);
#1013=VECTOR('',#3749,10.);
#1014=VECTOR('',#3750,10.);
#1015=VECTOR('',#3751,10.);
#1016=VECTOR('',#3754,10.);
#1017=VECTOR('',#3757,10.);
#1018=VECTOR('',#3764,10.);
#1019=VECTOR('',#3765,10.);
#1020=VECTOR('',#3766,10.);
#1021=VECTOR('',#3771,10.);
#1022=VECTOR('',#3772,10.);
#1023=VECTOR('',#3775,10.);
#1024=VECTOR('',#3776,10.);
#1025=VECTOR('',#3777,10.);
#1026=VECTOR('',#3780,10.);
#1027=VECTOR('',#3783,10.);
#1028=VECTOR('',#3790,10.);
#1029=VECTOR('',#3791,10.);
#1030=VECTOR('',#3792,10.);
#1031=VECTOR('',#3797,10.);
#1032=VECTOR('',#3798,10.);
#1033=VECTOR('',#3801,10.);
#1034=VECTOR('',#3802,10.);
#1035=VECTOR('',#3803,10.);
#1036=VECTOR('',#3806,10.);
#1037=VECTOR('',#3809,10.);
#1038=VECTOR('',#3816,10.);
#1039=VECTOR('',#3817,10.);
#1040=VECTOR('',#3818,10.);
#1041=VECTOR('',#3823,10.);
#1042=VECTOR('',#3824,10.);
#1043=VECTOR('',#3827,10.);
#1044=VECTOR('',#3828,10.);
#1045=VECTOR('',#3829,10.);
#1046=VECTOR('',#3832,10.);
#1047=VECTOR('',#3835,10.);
#1048=CIRCLE('',#2777,1.3);
#1049=CIRCLE('',#2778,1.3);
#1050=CIRCLE('',#2780,3.);
#1051=CIRCLE('',#2781,3.);
#1052=CIRCLE('',#2785,1.29999999999999);
#1053=CIRCLE('',#2786,1.29999999999999);
#1054=CIRCLE('',#2788,4.00000005960464);
#1055=CIRCLE('',#2789,4.00000005960464);
#1056=CIRCLE('',#2794,1.5);
#1057=CIRCLE('',#2795,1.5);
#1058=CIRCLE('',#2798,1.5);
#1059=CIRCLE('',#2799,1.5);
#1060=CIRCLE('',#2801,34.5);
#1061=CIRCLE('',#2802,26.);
#1062=CIRCLE('',#2803,26.);
#1063=CIRCLE('',#2804,34.5);
#1064=CIRCLE('',#2805,26.);
#1065=CIRCLE('',#2806,34.5);
#1066=CIRCLE('',#2807,34.5);
#1067=CIRCLE('',#2808,26.);
#1068=CIRCLE('',#2809,13.7925476897654);
#1069=CIRCLE('',#2811,12.);
#1070=CIRCLE('',#2812,12.);
#1071=CIRCLE('',#2815,12.);
#1072=CIRCLE('',#2816,12.);
#1073=CIRCLE('',#2819,12.);
#1074=CIRCLE('',#2820,12.);
#1075=CIRCLE('',#2823,12.);
#1076=CIRCLE('',#2824,12.);
#1077=CIRCLE('',#2827,26.);
#1078=CIRCLE('',#2828,34.5);
#1079=CIRCLE('',#2829,26.);
#1080=CIRCLE('',#2830,26.);
#1081=CIRCLE('',#2831,34.5);
#1082=CIRCLE('',#2832,26.);
#1083=CIRCLE('',#2833,34.5);
#1084=CIRCLE('',#2834,26.);
#1085=CIRCLE('',#2835,34.5);
#1086=CIRCLE('',#2843,22.5);
#1087=CIRCLE('',#2844,3.5);
#1088=CIRCLE('',#2845,26.);
#1089=CIRCLE('',#2846,26.);
#1090=CIRCLE('',#2848,19.7925476897654);
#1091=CIRCLE('',#2851,6.);
#1092=CIRCLE('',#2852,13.7925476897654);
#1093=CIRCLE('',#2853,13.7925476897654);
#1094=CIRCLE('',#2862,1.35);
#1095=CIRCLE('',#2864,1.35);
#1096=CIRCLE('',#2866,1.35);
#1097=CIRCLE('',#2868,1.35);
#1098=CIRCLE('',#2870,8.);
#1099=CIRCLE('',#2871,8.);
#1100=CIRCLE('',#2872,20.);
#1101=CIRCLE('',#2874,8.);
#1102=CIRCLE('',#2876,8.);
#1103=CIRCLE('',#2877,20.);
#1104=CIRCLE('',#2879,8.);
#1105=CIRCLE('',#2881,8.);
#1106=CIRCLE('',#2882,20.);
#1107=CIRCLE('',#2884,8.);
#1108=CIRCLE('',#2886,8.);
#1109=CIRCLE('',#2887,20.);
#1110=CIRCLE('',#2891,20.);
#1111=CIRCLE('',#2894,20.);
#1112=CIRCLE('',#2896,20.);
#1113=CIRCLE('',#2898,20.);
#1114=CIRCLE('',#2919,13.7925476897654);
#1115=CIRCLE('',#2925,13.7925476897654);
#1116=CIRCLE('',#2929,34.5);
#1117=CIRCLE('',#2930,34.5);
#1118=CIRCLE('',#2933,26.);
#1119=CIRCLE('',#2934,26.);
#1120=CIRCLE('',#2937,34.5);
#1121=CIRCLE('',#2938,34.5);
#1122=CIRCLE('',#2941,26.);
#1123=CIRCLE('',#2942,26.);
#1124=CIRCLE('',#2945,34.5);
#1125=CIRCLE('',#2946,34.5);
#1126=CIRCLE('',#2949,26.);
#1127=CIRCLE('',#2950,26.);
#1128=CIRCLE('',#2953,34.5);
#1129=CIRCLE('',#2954,34.5);
#1130=CIRCLE('',#2957,26.);
#1131=CIRCLE('',#2958,26.);
#1132=CIRCLE('',#2960,12.);
#1133=CIRCLE('',#2961,12.);
#1134=CIRCLE('',#2964,12.);
#1135=CIRCLE('',#2965,12.);
#1136=CIRCLE('',#2968,12.);
#1137=CIRCLE('',#2969,12.);
#1138=CIRCLE('',#2972,12.);
#1139=CIRCLE('',#2973,12.);
#1140=CIRCLE('',#2978,2.);
#1141=CIRCLE('',#2980,2.);
#1142=CIRCLE('',#2986,2.);
#1143=CIRCLE('',#2988,2.);
#1144=CIRCLE('',#2994,2.);
#1145=CIRCLE('',#2996,2.);
#1146=CIRCLE('',#3002,2.);
#1147=CIRCLE('',#3004,2.);
#1148=CIRCLE('',#3010,2.);
#1149=CIRCLE('',#3012,2.);
#1150=CIRCLE('',#3018,2.);
#1151=CIRCLE('',#3020,2.);
#1152=CIRCLE('',#3026,2.);
#1153=CIRCLE('',#3028,2.);
#1154=CIRCLE('',#3034,2.);
#1155=CIRCLE('',#3036,2.);
#1156=VERTEX_POINT('',#3840);
#1157=VERTEX_POINT('',#3842);
#1158=VERTEX_POINT('',#3846);
#1159=VERTEX_POINT('',#3848);
#1160=VERTEX_POINT('',#3854);
#1161=VERTEX_POINT('',#3856);
#1162=VERTEX_POINT('',#3860);
#1163=VERTEX_POINT('',#3862);
#1164=VERTEX_POINT('',#3868);
#1165=VERTEX_POINT('',#3869);
#1166=VERTEX_POINT('',#3871);
#1167=VERTEX_POINT('',#3873);
#1168=VERTEX_POINT('',#3877);
#1169=VERTEX_POINT('',#3879);
#1170=VERTEX_POINT('',#3883);
#1171=VERTEX_POINT('',#3885);
#1172=VERTEX_POINT('',#3892);
#1173=VERTEX_POINT('',#3893);
#1174=VERTEX_POINT('',#3895);
#1175=VERTEX_POINT('',#3897);
#1176=VERTEX_POINT('',#3900);
#1177=VERTEX_POINT('',#3901);
#1178=VERTEX_POINT('',#3903);
#1179=VERTEX_POINT('',#3905);
#1180=VERTEX_POINT('',#3908);
#1181=VERTEX_POINT('',#3909);
#1182=VERTEX_POINT('',#3911);
#1183=VERTEX_POINT('',#3913);
#1184=VERTEX_POINT('',#3916);
#1185=VERTEX_POINT('',#3917);
#1186=VERTEX_POINT('',#3919);
#1187=VERTEX_POINT('',#3921);
#1188=VERTEX_POINT('',#3924);
#1189=VERTEX_POINT('',#3925);
#1190=VERTEX_POINT('',#3927);
#1191=VERTEX_POINT('',#3929);
#1192=VERTEX_POINT('',#3932);
#1193=VERTEX_POINT('',#3935);
#1194=VERTEX_POINT('',#3936);
#1195=VERTEX_POINT('',#3938);
#1196=VERTEX_POINT('',#3940);
#1197=VERTEX_POINT('',#3944);
#1198=VERTEX_POINT('',#3946);
#1199=VERTEX_POINT('',#3950);
#1200=VERTEX_POINT('',#3952);
#1201=VERTEX_POINT('',#3956);
#1202=VERTEX_POINT('',#3958);
#1203=VERTEX_POINT('',#3962);
#1204=VERTEX_POINT('',#3964);
#1205=VERTEX_POINT('',#3968);
#1206=VERTEX_POINT('',#3970);
#1207=VERTEX_POINT('',#3974);
#1208=VERTEX_POINT('',#3976);
#1209=VERTEX_POINT('',#3983);
#1210=VERTEX_POINT('',#3984);
#1211=VERTEX_POINT('',#3986);
#1212=VERTEX_POINT('',#3988);
#1213=VERTEX_POINT('',#3990);
#1214=VERTEX_POINT('',#3992);
#1215=VERTEX_POINT('',#3994);
#1216=VERTEX_POINT('',#3996);
#1217=VERTEX_POINT('',#3998);
#1218=VERTEX_POINT('',#4000);
#1219=VERTEX_POINT('',#4002);
#1220=VERTEX_POINT('',#4004);
#1221=VERTEX_POINT('',#4006);
#1222=VERTEX_POINT('',#4008);
#1223=VERTEX_POINT('',#4010);
#1224=VERTEX_POINT('',#4012);
#1225=VERTEX_POINT('',#4014);
#1226=VERTEX_POINT('',#4032);
#1227=VERTEX_POINT('',#4034);
#1228=VERTEX_POINT('',#4036);
#1229=VERTEX_POINT('',#4040);
#1230=VERTEX_POINT('',#4049);
#1231=VERTEX_POINT('',#4051);
#1232=VERTEX_POINT('',#4067);
#1233=VERTEX_POINT('',#4068);
#1234=VERTEX_POINT('',#4105);
#1235=VERTEX_POINT('',#4109);
#1236=VERTEX_POINT('',#4144);
#1237=VERTEX_POINT('',#4148);
#1238=VERTEX_POINT('',#4149);
#1239=VERTEX_POINT('',#4186);
#1240=VERTEX_POINT('',#4190);
#1241=VERTEX_POINT('',#4191);
#1242=VERTEX_POINT('',#4228);
#1243=VERTEX_POINT('',#4232);
#1244=VERTEX_POINT('',#4234);
#1245=VERTEX_POINT('',#4238);
#1246=VERTEX_POINT('',#4242);
#1247=VERTEX_POINT('',#4246);
#1248=VERTEX_POINT('',#4250);
#1249=VERTEX_POINT('',#4254);
#1250=VERTEX_POINT('',#4258);
#1251=VERTEX_POINT('',#4264);
#1252=VERTEX_POINT('',#4266);
#1253=VERTEX_POINT('',#4270);
#1254=VERTEX_POINT('',#4274);
#1255=VERTEX_POINT('',#4278);
#1256=VERTEX_POINT('',#4282);
#1257=VERTEX_POINT('',#4286);
#1258=VERTEX_POINT('',#4288);
#1259=VERTEX_POINT('',#4291);
#1260=VERTEX_POINT('',#4292);
#1261=VERTEX_POINT('',#4294);
#1262=VERTEX_POINT('',#4296);
#1263=VERTEX_POINT('',#4313);
#1264=VERTEX_POINT('',#4314);
#1265=VERTEX_POINT('',#4316);
#1266=VERTEX_POINT('',#4318);
#1267=VERTEX_POINT('',#4320);
#1268=VERTEX_POINT('',#4322);
#1269=VERTEX_POINT('',#4324);
#1270=VERTEX_POINT('',#4326);
#1271=VERTEX_POINT('',#4328);
#1272=VERTEX_POINT('',#4330);
#1273=VERTEX_POINT('',#4334);
#1274=VERTEX_POINT('',#4335);
#1275=VERTEX_POINT('',#4337);
#1276=VERTEX_POINT('',#4339);
#1277=VERTEX_POINT('',#4341);
#1278=VERTEX_POINT('',#4343);
#1279=VERTEX_POINT('',#4345);
#1280=VERTEX_POINT('',#4347);
#1281=VERTEX_POINT('',#4349);
#1282=VERTEX_POINT('',#4351);
#1283=VERTEX_POINT('',#4375);
#1284=VERTEX_POINT('',#4377);
#1285=VERTEX_POINT('',#4378);
#1286=VERTEX_POINT('',#4380);
#1287=VERTEX_POINT('',#4382);
#1288=VERTEX_POINT('',#4386);
#1289=VERTEX_POINT('',#4388);
#1290=VERTEX_POINT('',#4392);
#1291=VERTEX_POINT('',#4396);
#1292=VERTEX_POINT('',#4402);
#1293=VERTEX_POINT('',#4407);
#1294=VERTEX_POINT('',#4408);
#1295=VERTEX_POINT('',#4410);
#1296=VERTEX_POINT('',#4412);
#1297=VERTEX_POINT('',#4416);
#1298=VERTEX_POINT('',#4418);
#1299=VERTEX_POINT('',#4422);
#1300=VERTEX_POINT('',#4424);
#1301=VERTEX_POINT('',#4428);
#1302=VERTEX_POINT('',#4430);
#1303=VERTEX_POINT('',#4434);
#1304=VERTEX_POINT('',#4436);
#1305=VERTEX_POINT('',#4440);
#1306=VERTEX_POINT('',#4442);
#1307=VERTEX_POINT('',#4446);
#1308=VERTEX_POINT('',#4448);
#1309=VERTEX_POINT('',#4452);
#1310=VERTEX_POINT('',#4454);
#1311=VERTEX_POINT('',#4458);
#1312=VERTEX_POINT('',#4460);
#1313=VERTEX_POINT('',#4464);
#1314=VERTEX_POINT('',#4466);
#1315=VERTEX_POINT('',#4470);
#1316=VERTEX_POINT('',#4472);
#1317=VERTEX_POINT('',#4476);
#1318=VERTEX_POINT('',#4478);
#1319=VERTEX_POINT('',#4482);
#1320=VERTEX_POINT('',#4484);
#1321=VERTEX_POINT('',#4488);
#1322=VERTEX_POINT('',#4490);
#1323=VERTEX_POINT('',#4494);
#1324=VERTEX_POINT('',#4496);
#1325=VERTEX_POINT('',#4503);
#1326=VERTEX_POINT('',#4504);
#1327=VERTEX_POINT('',#4506);
#1328=VERTEX_POINT('',#4508);
#1329=VERTEX_POINT('',#4512);
#1330=VERTEX_POINT('',#4514);
#1331=VERTEX_POINT('',#4518);
#1332=VERTEX_POINT('',#4520);
#1333=VERTEX_POINT('',#4524);
#1334=VERTEX_POINT('',#4526);
#1335=VERTEX_POINT('',#4530);
#1336=VERTEX_POINT('',#4532);
#1337=VERTEX_POINT('',#4536);
#1338=VERTEX_POINT('',#4538);
#1339=VERTEX_POINT('',#4542);
#1340=VERTEX_POINT('',#4544);
#1341=VERTEX_POINT('',#4553);
#1342=VERTEX_POINT('',#4554);
#1343=VERTEX_POINT('',#4556);
#1344=VERTEX_POINT('',#4558);
#1345=VERTEX_POINT('',#4562);
#1346=VERTEX_POINT('',#4563);
#1347=VERTEX_POINT('',#4568);
#1348=VERTEX_POINT('',#4570);
#1349=VERTEX_POINT('',#4579);
#1350=VERTEX_POINT('',#4580);
#1351=VERTEX_POINT('',#4582);
#1352=VERTEX_POINT('',#4584);
#1353=VERTEX_POINT('',#4588);
#1354=VERTEX_POINT('',#4589);
#1355=VERTEX_POINT('',#4594);
#1356=VERTEX_POINT('',#4596);
#1357=VERTEX_POINT('',#4605);
#1358=VERTEX_POINT('',#4606);
#1359=VERTEX_POINT('',#4608);
#1360=VERTEX_POINT('',#4610);
#1361=VERTEX_POINT('',#4614);
#1362=VERTEX_POINT('',#4615);
#1363=VERTEX_POINT('',#4620);
#1364=VERTEX_POINT('',#4622);
#1365=VERTEX_POINT('',#4631);
#1366=VERTEX_POINT('',#4632);
#1367=VERTEX_POINT('',#4634);
#1368=VERTEX_POINT('',#4636);
#1369=VERTEX_POINT('',#4640);
#1370=VERTEX_POINT('',#4641);
#1371=VERTEX_POINT('',#4646);
#1372=VERTEX_POINT('',#4648);
#1373=VERTEX_POINT('',#4657);
#1374=VERTEX_POINT('',#4658);
#1375=VERTEX_POINT('',#4660);
#1376=VERTEX_POINT('',#4662);
#1377=VERTEX_POINT('',#4666);
#1378=VERTEX_POINT('',#4667);
#1379=VERTEX_POINT('',#4672);
#1380=VERTEX_POINT('',#4674);
#1381=VERTEX_POINT('',#4683);
#1382=VERTEX_POINT('',#4684);
#1383=VERTEX_POINT('',#4686);
#1384=VERTEX_POINT('',#4688);
#1385=VERTEX_POINT('',#4692);
#1386=VERTEX_POINT('',#4693);
#1387=VERTEX_POINT('',#4698);
#1388=VERTEX_POINT('',#4700);
#1389=VERTEX_POINT('',#4709);
#1390=VERTEX_POINT('',#4710);
#1391=VERTEX_POINT('',#4712);
#1392=VERTEX_POINT('',#4714);
#1393=VERTEX_POINT('',#4718);
#1394=VERTEX_POINT('',#4719);
#1395=VERTEX_POINT('',#4724);
#1396=VERTEX_POINT('',#4726);
#1397=VERTEX_POINT('',#4735);
#1398=VERTEX_POINT('',#4736);
#1399=VERTEX_POINT('',#4738);
#1400=VERTEX_POINT('',#4740);
#1401=VERTEX_POINT('',#4744);
#1402=VERTEX_POINT('',#4745);
#1403=VERTEX_POINT('',#4750);
#1404=VERTEX_POINT('',#4752);
#1405=EDGE_CURVE('',#1156,#1156,#1048,.T.);
#1406=EDGE_CURVE('',#1156,#1157,#518,.T.);
#1407=EDGE_CURVE('',#1157,#1157,#1049,.T.);
#1408=EDGE_CURVE('',#1158,#1158,#1050,.T.);
#1409=EDGE_CURVE('',#1158,#1159,#519,.T.);
#1410=EDGE_CURVE('',#1159,#1159,#1051,.T.);
#1411=EDGE_CURVE('',#1160,#1160,#1052,.T.);
#1412=EDGE_CURVE('',#1160,#1161,#520,.T.);
#1413=EDGE_CURVE('',#1161,#1161,#1053,.T.);
#1414=EDGE_CURVE('',#1162,#1162,#1054,.T.);
#1415=EDGE_CURVE('',#1162,#1163,#521,.T.);
#1416=EDGE_CURVE('',#1163,#1163,#1055,.T.);
#1417=EDGE_CURVE('',#1164,#1165,#522,.T.);
#1418=EDGE_CURVE('',#1166,#1164,#523,.T.);
#1419=EDGE_CURVE('',#1167,#1166,#524,.T.);
#1420=EDGE_CURVE('',#1165,#1167,#525,.T.);
#1421=EDGE_CURVE('',#1165,#1168,#1056,.T.);
#1422=EDGE_CURVE('',#1168,#1169,#526,.T.);
#1423=EDGE_CURVE('',#1169,#1164,#1057,.T.);
#1424=EDGE_CURVE('',#1170,#1168,#527,.T.);
#1425=EDGE_CURVE('',#1171,#1170,#528,.T.);
#1426=EDGE_CURVE('',#1169,#1171,#529,.T.);
#1427=EDGE_CURVE('',#1170,#1167,#1058,.T.);
#1428=EDGE_CURVE('',#1166,#1171,#1059,.T.);
#1429=EDGE_CURVE('',#1172,#1173,#530,.T.);
#1430=EDGE_CURVE('',#1173,#1174,#531,.T.);
#1431=EDGE_CURVE('',#1174,#1175,#532,.T.);
#1432=EDGE_CURVE('',#1175,#1172,#533,.T.);
#1433=EDGE_CURVE('',#1176,#1177,#534,.T.);
#1434=EDGE_CURVE('',#1177,#1178,#1060,.T.);
#1435=EDGE_CURVE('',#1178,#1179,#535,.T.);
#1436=EDGE_CURVE('',#1179,#1176,#1061,.T.);
#1437=EDGE_CURVE('',#1180,#1181,#1062,.T.);
#1438=EDGE_CURVE('',#1181,#1182,#536,.T.);
#1439=EDGE_CURVE('',#1182,#1183,#1063,.T.);
#1440=EDGE_CURVE('',#1183,#1180,#537,.T.);
#1441=EDGE_CURVE('',#1184,#1185,#538,.T.);
#1442=EDGE_CURVE('',#1185,#1186,#1064,.T.);
#1443=EDGE_CURVE('',#1186,#1187,#539,.T.);
#1444=EDGE_CURVE('',#1187,#1184,#1065,.T.);
#1445=EDGE_CURVE('',#1188,#1189,#1066,.T.);
#1446=EDGE_CURVE('',#1189,#1190,#540,.T.);
#1447=EDGE_CURVE('',#1190,#1191,#1067,.T.);
#1448=EDGE_CURVE('',#1191,#1188,#541,.T.);
#1449=EDGE_CURVE('',#1192,#1192,#1068,.T.);
#1450=EDGE_CURVE('',#1193,#1194,#1069,.T.);
#1451=EDGE_CURVE('',#1193,#1195,#542,.T.);
#1452=EDGE_CURVE('',#1195,#1196,#1070,.T.);
#1453=EDGE_CURVE('',#1194,#1196,#543,.T.);
#1454=EDGE_CURVE('',#1197,#1193,#544,.T.);
#1455=EDGE_CURVE('',#1197,#1198,#545,.T.);
#1456=EDGE_CURVE('',#1198,#1195,#546,.T.);
#1457=EDGE_CURVE('',#1199,#1197,#1071,.T.);
#1458=EDGE_CURVE('',#1199,#1200,#547,.T.);
#1459=EDGE_CURVE('',#1200,#1198,#1072,.T.);
#1460=EDGE_CURVE('',#1201,#1199,#548,.T.);
#1461=EDGE_CURVE('',#1201,#1202,#549,.T.);
#1462=EDGE_CURVE('',#1202,#1200,#550,.T.);
#1463=EDGE_CURVE('',#1203,#1201,#1073,.T.);
#1464=EDGE_CURVE('',#1203,#1204,#551,.T.);
#1465=EDGE_CURVE('',#1204,#1202,#1074,.T.);
#1466=EDGE_CURVE('',#1205,#1203,#552,.T.);
#1467=EDGE_CURVE('',#1205,#1206,#553,.T.);
#1468=EDGE_CURVE('',#1206,#1204,#554,.T.);
#1469=EDGE_CURVE('',#1207,#1205,#1075,.T.);
#1470=EDGE_CURVE('',#1207,#1208,#555,.T.);
#1471=EDGE_CURVE('',#1208,#1206,#1076,.T.);
#1472=EDGE_CURVE('',#1194,#1207,#556,.T.);
#1473=EDGE_CURVE('',#1196,#1208,#557,.T.);
#1474=EDGE_CURVE('',#1209,#1210,#1077,.T.);
#1475=EDGE_CURVE('',#1211,#1209,#558,.T.);
#1476=EDGE_CURVE('',#1212,#1211,#1078,.T.);
#1477=EDGE_CURVE('',#1213,#1212,#559,.T.);
#1478=EDGE_CURVE('',#1214,#1213,#1079,.T.);
#1479=EDGE_CURVE('',#1215,#1214,#1080,.T.);
#1480=EDGE_CURVE('',#1216,#1215,#560,.T.);
#1481=EDGE_CURVE('',#1217,#1216,#1081,.T.);
#1482=EDGE_CURVE('',#1218,#1217,#561,.T.);
#1483=EDGE_CURVE('',#1219,#1218,#1082,.T.);
#1484=EDGE_CURVE('',#1220,#1219,#562,.T.);
#1485=EDGE_CURVE('',#1221,#1220,#1083,.T.);
#1486=EDGE_CURVE('',#1222,#1221,#563,.T.);
#1487=EDGE_CURVE('',#1223,#1222,#1084,.T.);
#1488=EDGE_CURVE('',#1224,#1223,#564,.T.);
#1489=EDGE_CURVE('',#1225,#1224,#1085,.T.);
#1490=EDGE_CURVE('',#1210,#1225,#565,.T.);
#1491=EDGE_CURVE('',#1187,#1217,#566,.T.);
#1492=EDGE_CURVE('',#1218,#1186,#567,.T.);
#1493=EDGE_CURVE('',#1216,#1184,#568,.T.);
#1494=EDGE_CURVE('',#1185,#1215,#569,.T.);
#1495=EDGE_CURVE('',#1188,#1212,#570,.T.);
#1496=EDGE_CURVE('',#1213,#1191,#571,.T.);
#1497=EDGE_CURVE('',#1211,#1189,#572,.T.);
#1498=EDGE_CURVE('',#1190,#1209,#573,.T.);
#1499=EDGE_CURVE('',#1226,#1226,#1086,.T.);
#1500=EDGE_CURVE('',#1226,#1227,#1087,.T.);
#1501=EDGE_CURVE('',#1227,#1228,#1088,.T.);
#1502=EDGE_CURVE('',#1228,#1227,#1089,.T.);
#1503=EDGE_CURVE('',#1229,#1229,#1090,.T.);
#1504=EDGE_CURVE('',#1228,#1214,#574,.T.);
#1505=EDGE_CURVE('',#1210,#1176,#575,.T.);
#1506=EDGE_CURVE('',#1179,#1223,#576,.T.);
#1507=EDGE_CURVE('',#1222,#1181,#577,.T.);
#1508=EDGE_CURVE('',#1180,#1219,#578,.T.);
#1509=EDGE_CURVE('',#1229,#1230,#1091,.T.);
#1510=EDGE_CURVE('',#1230,#1231,#1092,.T.);
#1511=EDGE_CURVE('',#1231,#1230,#1093,.T.);
#1512=EDGE_CURVE('',#1231,#1192,#579,.T.);
#1513=EDGE_CURVE('',#1182,#1221,#580,.T.);
#1514=EDGE_CURVE('',#1220,#1183,#581,.T.);
#1515=EDGE_CURVE('',#1177,#1225,#582,.T.);
#1516=EDGE_CURVE('',#1224,#1178,#583,.T.);
#1517=EDGE_CURVE('',#1232,#1233,#37,.T.);
#1518=EDGE_CURVE('',#1233,#1232,#38,.T.);
#1519=EDGE_CURVE('',#1233,#1234,#584,.T.);
#1520=EDGE_CURVE('',#1234,#1234,#1094,.T.);
#1521=EDGE_CURVE('',#1235,#1235,#39,.T.);
#1522=EDGE_CURVE('',#1235,#1236,#585,.T.);
#1523=EDGE_CURVE('',#1236,#1236,#1095,.T.);
#1524=EDGE_CURVE('',#1237,#1238,#40,.T.);
#1525=EDGE_CURVE('',#1238,#1237,#41,.T.);
#1526=EDGE_CURVE('',#1238,#1239,#586,.T.);
#1527=EDGE_CURVE('',#1239,#1239,#1096,.T.);
#1528=EDGE_CURVE('',#1240,#1241,#42,.T.);
#1529=EDGE_CURVE('',#1241,#1240,#43,.T.);
#1530=EDGE_CURVE('',#1241,#1242,#587,.T.);
#1531=EDGE_CURVE('',#1242,#1242,#1097,.T.);
#1532=EDGE_CURVE('',#1243,#1193,#1098,.T.);
#1533=EDGE_CURVE('',#1194,#1244,#1099,.T.);
#1534=EDGE_CURVE('',#1244,#1243,#1100,.T.);
#1535=EDGE_CURVE('',#1207,#1245,#1101,.T.);
#1536=EDGE_CURVE('',#1245,#1244,#588,.T.);
#1537=EDGE_CURVE('',#1205,#1246,#1102,.T.);
#1538=EDGE_CURVE('',#1246,#1245,#1103,.T.);
#1539=EDGE_CURVE('',#1203,#1247,#1104,.T.);
#1540=EDGE_CURVE('',#1247,#1246,#589,.T.);
#1541=EDGE_CURVE('',#1201,#1248,#1105,.T.);
#1542=EDGE_CURVE('',#1248,#1247,#1106,.T.);
#1543=EDGE_CURVE('',#1199,#1249,#1107,.T.);
#1544=EDGE_CURVE('',#1249,#1248,#590,.T.);
#1545=EDGE_CURVE('',#1197,#1250,#1108,.T.);
#1546=EDGE_CURVE('',#1250,#1249,#1109,.T.);
#1547=EDGE_CURVE('',#1243,#1250,#591,.T.);
#1548=EDGE_CURVE('',#1251,#1249,#592,.T.);
#1549=EDGE_CURVE('',#1252,#1251,#593,.T.);
#1550=EDGE_CURVE('',#1248,#1252,#594,.T.);
#1551=EDGE_CURVE('',#1250,#1253,#595,.T.);
#1552=EDGE_CURVE('',#1253,#1251,#1110,.T.);
#1553=EDGE_CURVE('',#1254,#1243,#596,.T.);
#1554=EDGE_CURVE('',#1253,#1254,#597,.T.);
#1555=EDGE_CURVE('',#1244,#1255,#598,.T.);
#1556=EDGE_CURVE('',#1255,#1254,#1111,.T.);
#1557=EDGE_CURVE('',#1252,#1256,#1112,.T.);
#1558=EDGE_CURVE('',#1256,#1247,#599,.T.);
#1559=EDGE_CURVE('',#1255,#1257,#600,.T.);
#1560=EDGE_CURVE('',#1258,#1257,#1113,.T.);
#1561=EDGE_CURVE('',#1258,#1256,#601,.T.);
#1562=EDGE_CURVE('',#1259,#1260,#602,.T.);
#1563=EDGE_CURVE('',#1260,#1261,#603,.T.);
#1564=EDGE_CURVE('',#1261,#1262,#604,.T.);
#1565=EDGE_CURVE('',#1262,#1259,#605,.T.);
#1566=EDGE_CURVE('',#1246,#1258,#606,.T.);
#1567=EDGE_CURVE('',#1257,#1245,#607,.T.);
#1568=EDGE_CURVE('',#1173,#1262,#608,.T.);
#1569=EDGE_CURVE('',#1174,#1261,#609,.T.);
#1570=EDGE_CURVE('',#1172,#1259,#610,.T.);
#1571=EDGE_CURVE('',#1175,#1260,#611,.T.);
#1572=EDGE_CURVE('',#1263,#1264,#612,.T.);
#1573=EDGE_CURVE('',#1264,#1265,#613,.T.);
#1574=EDGE_CURVE('',#1265,#1266,#614,.T.);
#1575=EDGE_CURVE('',#1266,#1267,#615,.T.);
#1576=EDGE_CURVE('',#1267,#1268,#616,.T.);
#1577=EDGE_CURVE('',#1268,#1269,#617,.T.);
#1578=EDGE_CURVE('',#1269,#1270,#618,.T.);
#1579=EDGE_CURVE('',#1270,#1271,#619,.T.);
#1580=EDGE_CURVE('',#1271,#1272,#620,.T.);
#1581=EDGE_CURVE('',#1272,#1263,#621,.T.);
#1582=EDGE_CURVE('',#1273,#1274,#622,.T.);
#1583=EDGE_CURVE('',#1275,#1273,#623,.T.);
#1584=EDGE_CURVE('',#1276,#1275,#624,.T.);
#1585=EDGE_CURVE('',#1277,#1276,#625,.T.);
#1586=EDGE_CURVE('',#1278,#1277,#626,.T.);
#1587=EDGE_CURVE('',#1279,#1278,#627,.T.);
#1588=EDGE_CURVE('',#1280,#1279,#628,.T.);
#1589=EDGE_CURVE('',#1281,#1280,#629,.T.);
#1590=EDGE_CURVE('',#1282,#1281,#630,.T.);
#1591=EDGE_CURVE('',#1274,#1282,#631,.T.);
#1592=EDGE_CURVE('',#1270,#1277,#632,.T.);
#1593=EDGE_CURVE('',#1269,#1278,#633,.T.);
#1594=EDGE_CURVE('',#1271,#1276,#634,.T.);
#1595=EDGE_CURVE('',#1272,#1275,#635,.T.);
#1596=EDGE_CURVE('',#1263,#1273,#636,.T.);
#1597=EDGE_CURVE('',#1274,#1264,#637,.T.);
#1598=EDGE_CURVE('',#1265,#1282,#638,.T.);
#1599=EDGE_CURVE('',#1266,#1281,#639,.T.);
#1600=EDGE_CURVE('',#1267,#1280,#640,.T.);
#1601=EDGE_CURVE('',#1268,#1279,#641,.T.);
#1602=EDGE_CURVE('',#1283,#1283,#1114,.T.);
#1603=EDGE_CURVE('',#1284,#1285,#642,.T.);
#1604=EDGE_CURVE('',#1286,#1284,#643,.T.);
#1605=EDGE_CURVE('',#1287,#1286,#644,.T.);
#1606=EDGE_CURVE('',#1285,#1287,#645,.T.);
#1607=EDGE_CURVE('',#1287,#1288,#646,.T.);
#1608=EDGE_CURVE('',#1289,#1288,#647,.T.);
#1609=EDGE_CURVE('',#1285,#1289,#648,.T.);
#1610=EDGE_CURVE('',#1286,#1290,#649,.T.);
#1611=EDGE_CURVE('',#1288,#1290,#650,.T.);
#1612=EDGE_CURVE('',#1284,#1291,#651,.T.);
#1613=EDGE_CURVE('',#1290,#1291,#652,.T.);
#1614=EDGE_CURVE('',#1291,#1289,#653,.T.);
#1615=EDGE_CURVE('',#1292,#1292,#1115,.T.);
#1616=EDGE_CURVE('',#1292,#1283,#654,.T.);
#1617=EDGE_CURVE('',#1293,#1294,#655,.T.);
#1618=EDGE_CURVE('',#1293,#1295,#656,.T.);
#1619=EDGE_CURVE('',#1296,#1295,#657,.T.);
#1620=EDGE_CURVE('',#1294,#1296,#658,.T.);
#1621=EDGE_CURVE('',#1294,#1297,#1116,.T.);
#1622=EDGE_CURVE('',#1298,#1296,#1117,.T.);
#1623=EDGE_CURVE('',#1297,#1298,#659,.T.);
#1624=EDGE_CURVE('',#1297,#1299,#660,.T.);
#1625=EDGE_CURVE('',#1300,#1298,#661,.T.);
#1626=EDGE_CURVE('',#1299,#1300,#662,.T.);
#1627=EDGE_CURVE('',#1299,#1301,#1118,.T.);
#1628=EDGE_CURVE('',#1302,#1300,#1119,.T.);
#1629=EDGE_CURVE('',#1301,#1302,#663,.T.);
#1630=EDGE_CURVE('',#1301,#1303,#664,.T.);
#1631=EDGE_CURVE('',#1304,#1302,#665,.T.);
#1632=EDGE_CURVE('',#1303,#1304,#666,.T.);
#1633=EDGE_CURVE('',#1303,#1305,#1120,.T.);
#1634=EDGE_CURVE('',#1306,#1304,#1121,.T.);
#1635=EDGE_CURVE('',#1305,#1306,#667,.T.);
#1636=EDGE_CURVE('',#1305,#1307,#668,.T.);
#1637=EDGE_CURVE('',#1308,#1306,#669,.T.);
#1638=EDGE_CURVE('',#1307,#1308,#670,.T.);
#1639=EDGE_CURVE('',#1307,#1309,#1122,.T.);
#1640=EDGE_CURVE('',#1310,#1308,#1123,.T.);
#1641=EDGE_CURVE('',#1309,#1310,#671,.T.);
#1642=EDGE_CURVE('',#1309,#1311,#672,.T.);
#1643=EDGE_CURVE('',#1312,#1310,#673,.T.);
#1644=EDGE_CURVE('',#1311,#1312,#674,.T.);
#1645=EDGE_CURVE('',#1311,#1313,#1124,.T.);
#1646=EDGE_CURVE('',#1314,#1312,#1125,.T.);
#1647=EDGE_CURVE('',#1313,#1314,#675,.T.);
#1648=EDGE_CURVE('',#1313,#1315,#676,.T.);
#1649=EDGE_CURVE('',#1316,#1314,#677,.T.);
#1650=EDGE_CURVE('',#1315,#1316,#678,.T.);
#1651=EDGE_CURVE('',#1315,#1317,#1126,.T.);
#1652=EDGE_CURVE('',#1318,#1316,#1127,.T.);
#1653=EDGE_CURVE('',#1317,#1318,#679,.T.);
#1654=EDGE_CURVE('',#1317,#1319,#680,.T.);
#1655=EDGE_CURVE('',#1320,#1318,#681,.T.);
#1656=EDGE_CURVE('',#1319,#1320,#682,.T.);
#1657=EDGE_CURVE('',#1319,#1321,#1128,.T.);
#1658=EDGE_CURVE('',#1322,#1320,#1129,.T.);
#1659=EDGE_CURVE('',#1321,#1322,#683,.T.);
#1660=EDGE_CURVE('',#1321,#1323,#684,.T.);
#1661=EDGE_CURVE('',#1324,#1322,#685,.T.);
#1662=EDGE_CURVE('',#1323,#1324,#686,.T.);
#1663=EDGE_CURVE('',#1323,#1293,#1130,.T.);
#1664=EDGE_CURVE('',#1295,#1324,#1131,.T.);
#1665=EDGE_CURVE('',#1325,#1326,#1132,.T.);
#1666=EDGE_CURVE('',#1325,#1327,#687,.T.);
#1667=EDGE_CURVE('',#1328,#1327,#1133,.T.);
#1668=EDGE_CURVE('',#1326,#1328,#688,.T.);
#1669=EDGE_CURVE('',#1326,#1329,#689,.T.);
#1670=EDGE_CURVE('',#1330,#1328,#690,.T.);
#1671=EDGE_CURVE('',#1329,#1330,#691,.T.);
#1672=EDGE_CURVE('',#1329,#1331,#1134,.T.);
#1673=EDGE_CURVE('',#1332,#1330,#1135,.T.);
#1674=EDGE_CURVE('',#1331,#1332,#692,.T.);
#1675=EDGE_CURVE('',#1331,#1333,#693,.T.);
#1676=EDGE_CURVE('',#1334,#1332,#694,.T.);
#1677=EDGE_CURVE('',#1333,#1334,#695,.T.);
#1678=EDGE_CURVE('',#1333,#1335,#1136,.T.);
#1679=EDGE_CURVE('',#1336,#1334,#1137,.T.);
#1680=EDGE_CURVE('',#1335,#1336,#696,.T.);
#1681=EDGE_CURVE('',#1335,#1337,#697,.T.);
#1682=EDGE_CURVE('',#1338,#1336,#698,.T.);
#1683=EDGE_CURVE('',#1337,#1338,#699,.T.);
#1684=EDGE_CURVE('',#1337,#1339,#1138,.T.);
#1685=EDGE_CURVE('',#1340,#1338,#1139,.T.);
#1686=EDGE_CURVE('',#1339,#1340,#700,.T.);
#1687=EDGE_CURVE('',#1339,#1325,#701,.T.);
#1688=EDGE_CURVE('',#1327,#1340,#702,.T.);
#1689=EDGE_CURVE('',#1341,#1342,#1140,.T.);
#1690=EDGE_CURVE('',#1341,#1343,#703,.T.);
#1691=EDGE_CURVE('',#1343,#1344,#704,.T.);
#1692=EDGE_CURVE('',#1344,#1342,#705,.T.);
#1693=EDGE_CURVE('',#1345,#1346,#1141,.T.);
#1694=EDGE_CURVE('',#1346,#1341,#706,.T.);
#1695=EDGE_CURVE('',#1342,#1345,#707,.T.);
#1696=EDGE_CURVE('',#1345,#1347,#708,.T.);
#1697=EDGE_CURVE('',#1347,#1348,#709,.T.);
#1698=EDGE_CURVE('',#1348,#1346,#710,.T.);
#1699=EDGE_CURVE('',#1343,#1348,#711,.T.);
#1700=EDGE_CURVE('',#1344,#1347,#712,.T.);
#1701=EDGE_CURVE('',#1349,#1350,#1142,.T.);
#1702=EDGE_CURVE('',#1349,#1351,#713,.T.);
#1703=EDGE_CURVE('',#1351,#1352,#714,.T.);
#1704=EDGE_CURVE('',#1352,#1350,#715,.T.);
#1705=EDGE_CURVE('',#1353,#1354,#1143,.T.);
#1706=EDGE_CURVE('',#1354,#1349,#716,.T.);
#1707=EDGE_CURVE('',#1350,#1353,#717,.T.);
#1708=EDGE_CURVE('',#1353,#1355,#718,.T.);
#1709=EDGE_CURVE('',#1355,#1356,#719,.T.);
#1710=EDGE_CURVE('',#1356,#1354,#720,.T.);
#1711=EDGE_CURVE('',#1351,#1356,#721,.T.);
#1712=EDGE_CURVE('',#1352,#1355,#722,.T.);
#1713=EDGE_CURVE('',#1357,#1358,#1144,.T.);
#1714=EDGE_CURVE('',#1357,#1359,#723,.T.);
#1715=EDGE_CURVE('',#1359,#1360,#724,.T.);
#1716=EDGE_CURVE('',#1360,#1358,#725,.T.);
#1717=EDGE_CURVE('',#1361,#1362,#1145,.T.);
#1718=EDGE_CURVE('',#1362,#1357,#726,.T.);
#1719=EDGE_CURVE('',#1358,#1361,#727,.T.);
#1720=EDGE_CURVE('',#1361,#1363,#728,.T.);
#1721=EDGE_CURVE('',#1363,#1364,#729,.T.);
#1722=EDGE_CURVE('',#1364,#1362,#730,.T.);
#1723=EDGE_CURVE('',#1359,#1364,#731,.T.);
#1724=EDGE_CURVE('',#1360,#1363,#732,.T.);
#1725=EDGE_CURVE('',#1365,#1366,#1146,.T.);
#1726=EDGE_CURVE('',#1365,#1367,#733,.T.);
#1727=EDGE_CURVE('',#1367,#1368,#734,.T.);
#1728=EDGE_CURVE('',#1368,#1366,#735,.T.);
#1729=EDGE_CURVE('',#1369,#1370,#1147,.T.);
#1730=EDGE_CURVE('',#1370,#1365,#736,.T.);
#1731=EDGE_CURVE('',#1366,#1369,#737,.T.);
#1732=EDGE_CURVE('',#1369,#1371,#738,.T.);
#1733=EDGE_CURVE('',#1371,#1372,#739,.T.);
#1734=EDGE_CURVE('',#1372,#1370,#740,.T.);
#1735=EDGE_CURVE('',#1367,#1372,#741,.T.);
#1736=EDGE_CURVE('',#1368,#1371,#742,.T.);
#1737=EDGE_CURVE('',#1373,#1374,#1148,.T.);
#1738=EDGE_CURVE('',#1373,#1375,#743,.T.);
#1739=EDGE_CURVE('',#1375,#1376,#744,.T.);
#1740=EDGE_CURVE('',#1376,#1374,#745,.T.);
#1741=EDGE_CURVE('',#1377,#1378,#1149,.T.);
#1742=EDGE_CURVE('',#1378,#1373,#746,.T.);
#1743=EDGE_CURVE('',#1374,#1377,#747,.T.);
#1744=EDGE_CURVE('',#1377,#1379,#748,.T.);
#1745=EDGE_CURVE('',#1379,#1380,#749,.T.);
#1746=EDGE_CURVE('',#1380,#1378,#750,.T.);
#1747=EDGE_CURVE('',#1375,#1380,#751,.T.);
#1748=EDGE_CURVE('',#1376,#1379,#752,.T.);
#1749=EDGE_CURVE('',#1381,#1382,#1150,.T.);
#1750=EDGE_CURVE('',#1381,#1383,#753,.T.);
#1751=EDGE_CURVE('',#1383,#1384,#754,.T.);
#1752=EDGE_CURVE('',#1384,#1382,#755,.T.);
#1753=EDGE_CURVE('',#1385,#1386,#1151,.T.);
#1754=EDGE_CURVE('',#1386,#1381,#756,.T.);
#1755=EDGE_CURVE('',#1382,#1385,#757,.T.);
#1756=EDGE_CURVE('',#1385,#1387,#758,.T.);
#1757=EDGE_CURVE('',#1387,#1388,#759,.T.);
#1758=EDGE_CURVE('',#1388,#1386,#760,.T.);
#1759=EDGE_CURVE('',#1383,#1388,#761,.T.);
#1760=EDGE_CURVE('',#1384,#1387,#762,.T.);
#1761=EDGE_CURVE('',#1389,#1390,#1152,.T.);
#1762=EDGE_CURVE('',#1389,#1391,#763,.T.);
#1763=EDGE_CURVE('',#1391,#1392,#764,.T.);
#1764=EDGE_CURVE('',#1392,#1390,#765,.T.);
#1765=EDGE_CURVE('',#1393,#1394,#1153,.T.);
#1766=EDGE_CURVE('',#1394,#1389,#766,.T.);
#1767=EDGE_CURVE('',#1390,#1393,#767,.T.);
#1768=EDGE_CURVE('',#1393,#1395,#768,.T.);
#1769=EDGE_CURVE('',#1395,#1396,#769,.T.);
#1770=EDGE_CURVE('',#1396,#1394,#770,.T.);
#1771=EDGE_CURVE('',#1391,#1396,#771,.T.);
#1772=EDGE_CURVE('',#1392,#1395,#772,.T.);
#1773=EDGE_CURVE('',#1397,#1398,#1154,.T.);
#1774=EDGE_CURVE('',#1397,#1399,#773,.T.);
#1775=EDGE_CURVE('',#1399,#1400,#774,.T.);
#1776=EDGE_CURVE('',#1400,#1398,#775,.T.);
#1777=EDGE_CURVE('',#1401,#1402,#1155,.T.);
#1778=EDGE_CURVE('',#1402,#1397,#776,.T.);
#1779=EDGE_CURVE('',#1398,#1401,#777,.T.);
#1780=EDGE_CURVE('',#1401,#1403,#778,.T.);
#1781=EDGE_CURVE('',#1403,#1404,#779,.T.);
#1782=EDGE_CURVE('',#1404,#1402,#780,.T.);
#1783=EDGE_CURVE('',#1399,#1404,#781,.T.);
#1784=EDGE_CURVE('',#1400,#1403,#782,.T.);
#1785=ORIENTED_EDGE('',*,*,#1405,.F.);
#1786=ORIENTED_EDGE('',*,*,#1406,.T.);
#1787=ORIENTED_EDGE('',*,*,#1407,.F.);
#1788=ORIENTED_EDGE('',*,*,#1406,.F.);
#1789=ORIENTED_EDGE('',*,*,#1408,.F.);
#1790=ORIENTED_EDGE('',*,*,#1409,.T.);
#1791=ORIENTED_EDGE('',*,*,#1410,.F.);
#1792=ORIENTED_EDGE('',*,*,#1409,.F.);
#1793=ORIENTED_EDGE('',*,*,#1408,.T.);
#1794=ORIENTED_EDGE('',*,*,#1405,.T.);
#1795=ORIENTED_EDGE('',*,*,#1407,.T.);
#1796=ORIENTED_EDGE('',*,*,#1411,.F.);
#1797=ORIENTED_EDGE('',*,*,#1412,.T.);
#1798=ORIENTED_EDGE('',*,*,#1413,.F.);
#1799=ORIENTED_EDGE('',*,*,#1412,.F.);
#1800=ORIENTED_EDGE('',*,*,#1414,.F.);
#1801=ORIENTED_EDGE('',*,*,#1415,.T.);
#1802=ORIENTED_EDGE('',*,*,#1416,.F.);
#1803=ORIENTED_EDGE('',*,*,#1415,.F.);
#1804=ORIENTED_EDGE('',*,*,#1414,.T.);
#1805=ORIENTED_EDGE('',*,*,#1411,.T.);
#1806=ORIENTED_EDGE('',*,*,#1413,.T.);
#1807=ORIENTED_EDGE('',*,*,#1417,.F.);
#1808=ORIENTED_EDGE('',*,*,#1418,.F.);
#1809=ORIENTED_EDGE('',*,*,#1419,.F.);
#1810=ORIENTED_EDGE('',*,*,#1420,.F.);
#1811=ORIENTED_EDGE('',*,*,#1421,.T.);
#1812=ORIENTED_EDGE('',*,*,#1422,.T.);
#1813=ORIENTED_EDGE('',*,*,#1423,.T.);
#1814=ORIENTED_EDGE('',*,*,#1417,.T.);
#1815=ORIENTED_EDGE('',*,*,#1422,.F.);
#1816=ORIENTED_EDGE('',*,*,#1424,.F.);
#1817=ORIENTED_EDGE('',*,*,#1425,.F.);
#1818=ORIENTED_EDGE('',*,*,#1426,.F.);
#1819=ORIENTED_EDGE('',*,*,#1427,.T.);
#1820=ORIENTED_EDGE('',*,*,#1419,.T.);
#1821=ORIENTED_EDGE('',*,*,#1428,.T.);
#1822=ORIENTED_EDGE('',*,*,#1425,.T.);
#1823=ORIENTED_EDGE('',*,*,#1429,.T.);
#1824=ORIENTED_EDGE('',*,*,#1430,.T.);
#1825=ORIENTED_EDGE('',*,*,#1431,.T.);
#1826=ORIENTED_EDGE('',*,*,#1432,.T.);
#1827=ORIENTED_EDGE('',*,*,#1416,.T.);
#1828=ORIENTED_EDGE('',*,*,#1433,.T.);
#1829=ORIENTED_EDGE('',*,*,#1434,.T.);
#1830=ORIENTED_EDGE('',*,*,#1435,.T.);
#1831=ORIENTED_EDGE('',*,*,#1436,.T.);
#1832=ORIENTED_EDGE('',*,*,#1437,.T.);
#1833=ORIENTED_EDGE('',*,*,#1438,.T.);
#1834=ORIENTED_EDGE('',*,*,#1439,.T.);
#1835=ORIENTED_EDGE('',*,*,#1440,.T.);
#1836=ORIENTED_EDGE('',*,*,#1441,.T.);
#1837=ORIENTED_EDGE('',*,*,#1442,.T.);
#1838=ORIENTED_EDGE('',*,*,#1443,.T.);
#1839=ORIENTED_EDGE('',*,*,#1444,.T.);
#1840=ORIENTED_EDGE('',*,*,#1445,.T.);
#1841=ORIENTED_EDGE('',*,*,#1446,.T.);
#1842=ORIENTED_EDGE('',*,*,#1447,.T.);
#1843=ORIENTED_EDGE('',*,*,#1448,.T.);
#1844=ORIENTED_EDGE('',*,*,#1449,.F.);
#1845=ORIENTED_EDGE('',*,*,#1410,.T.);
#1846=ORIENTED_EDGE('',*,*,#1450,.F.);
#1847=ORIENTED_EDGE('',*,*,#1451,.T.);
#1848=ORIENTED_EDGE('',*,*,#1452,.T.);
#1849=ORIENTED_EDGE('',*,*,#1453,.F.);
#1850=ORIENTED_EDGE('',*,*,#1454,.F.);
#1851=ORIENTED_EDGE('',*,*,#1455,.T.);
#1852=ORIENTED_EDGE('',*,*,#1456,.T.);
#1853=ORIENTED_EDGE('',*,*,#1451,.F.);
#1854=ORIENTED_EDGE('',*,*,#1457,.F.);
#1855=ORIENTED_EDGE('',*,*,#1458,.T.);
#1856=ORIENTED_EDGE('',*,*,#1459,.T.);
#1857=ORIENTED_EDGE('',*,*,#1455,.F.);
#1858=ORIENTED_EDGE('',*,*,#1460,.F.);
#1859=ORIENTED_EDGE('',*,*,#1461,.T.);
#1860=ORIENTED_EDGE('',*,*,#1462,.T.);
#1861=ORIENTED_EDGE('',*,*,#1458,.F.);
#1862=ORIENTED_EDGE('',*,*,#1463,.F.);
#1863=ORIENTED_EDGE('',*,*,#1464,.T.);
#1864=ORIENTED_EDGE('',*,*,#1465,.T.);
#1865=ORIENTED_EDGE('',*,*,#1461,.F.);
#1866=ORIENTED_EDGE('',*,*,#1466,.F.);
#1867=ORIENTED_EDGE('',*,*,#1467,.T.);
#1868=ORIENTED_EDGE('',*,*,#1468,.T.);
#1869=ORIENTED_EDGE('',*,*,#1464,.F.);
#1870=ORIENTED_EDGE('',*,*,#1469,.F.);
#1871=ORIENTED_EDGE('',*,*,#1470,.T.);
#1872=ORIENTED_EDGE('',*,*,#1471,.T.);
#1873=ORIENTED_EDGE('',*,*,#1467,.F.);
#1874=ORIENTED_EDGE('',*,*,#1472,.F.);
#1875=ORIENTED_EDGE('',*,*,#1453,.T.);
#1876=ORIENTED_EDGE('',*,*,#1473,.T.);
#1877=ORIENTED_EDGE('',*,*,#1470,.F.);
#1878=ORIENTED_EDGE('',*,*,#1473,.F.);
#1879=ORIENTED_EDGE('',*,*,#1452,.F.);
#1880=ORIENTED_EDGE('',*,*,#1456,.F.);
#1881=ORIENTED_EDGE('',*,*,#1459,.F.);
#1882=ORIENTED_EDGE('',*,*,#1462,.F.);
#1883=ORIENTED_EDGE('',*,*,#1465,.F.);
#1884=ORIENTED_EDGE('',*,*,#1468,.F.);
#1885=ORIENTED_EDGE('',*,*,#1471,.F.);
#1886=ORIENTED_EDGE('',*,*,#1474,.F.);
#1887=ORIENTED_EDGE('',*,*,#1475,.F.);
#1888=ORIENTED_EDGE('',*,*,#1476,.F.);
#1889=ORIENTED_EDGE('',*,*,#1477,.F.);
#1890=ORIENTED_EDGE('',*,*,#1478,.F.);
#1891=ORIENTED_EDGE('',*,*,#1479,.F.);
#1892=ORIENTED_EDGE('',*,*,#1480,.F.);
#1893=ORIENTED_EDGE('',*,*,#1481,.F.);
#1894=ORIENTED_EDGE('',*,*,#1482,.F.);
#1895=ORIENTED_EDGE('',*,*,#1483,.F.);
#1896=ORIENTED_EDGE('',*,*,#1484,.F.);
#1897=ORIENTED_EDGE('',*,*,#1485,.F.);
#1898=ORIENTED_EDGE('',*,*,#1486,.F.);
#1899=ORIENTED_EDGE('',*,*,#1487,.F.);
#1900=ORIENTED_EDGE('',*,*,#1488,.F.);
#1901=ORIENTED_EDGE('',*,*,#1489,.F.);
#1902=ORIENTED_EDGE('',*,*,#1490,.F.);
#1903=ORIENTED_EDGE('',*,*,#1482,.T.);
#1904=ORIENTED_EDGE('',*,*,#1491,.F.);
#1905=ORIENTED_EDGE('',*,*,#1443,.F.);
#1906=ORIENTED_EDGE('',*,*,#1492,.F.);
#1907=ORIENTED_EDGE('',*,*,#1481,.T.);
#1908=ORIENTED_EDGE('',*,*,#1493,.T.);
#1909=ORIENTED_EDGE('',*,*,#1444,.F.);
#1910=ORIENTED_EDGE('',*,*,#1491,.T.);
#1911=ORIENTED_EDGE('',*,*,#1480,.T.);
#1912=ORIENTED_EDGE('',*,*,#1494,.F.);
#1913=ORIENTED_EDGE('',*,*,#1441,.F.);
#1914=ORIENTED_EDGE('',*,*,#1493,.F.);
#1915=ORIENTED_EDGE('',*,*,#1477,.T.);
#1916=ORIENTED_EDGE('',*,*,#1495,.F.);
#1917=ORIENTED_EDGE('',*,*,#1448,.F.);
#1918=ORIENTED_EDGE('',*,*,#1496,.F.);
#1919=ORIENTED_EDGE('',*,*,#1476,.T.);
#1920=ORIENTED_EDGE('',*,*,#1497,.T.);
#1921=ORIENTED_EDGE('',*,*,#1445,.F.);
#1922=ORIENTED_EDGE('',*,*,#1495,.T.);
#1923=ORIENTED_EDGE('',*,*,#1475,.T.);
#1924=ORIENTED_EDGE('',*,*,#1498,.F.);
#1925=ORIENTED_EDGE('',*,*,#1446,.F.);
#1926=ORIENTED_EDGE('',*,*,#1497,.F.);
#1927=ORIENTED_EDGE('',*,*,#1499,.T.);
#1928=ORIENTED_EDGE('',*,*,#1500,.T.);
#1929=ORIENTED_EDGE('',*,*,#1501,.T.);
#1930=ORIENTED_EDGE('',*,*,#1502,.T.);
#1931=ORIENTED_EDGE('',*,*,#1500,.F.);
#1932=ORIENTED_EDGE('',*,*,#1499,.F.);
#1933=ORIENTED_EDGE('',*,*,#1503,.F.);
#1934=ORIENTED_EDGE('',*,*,#1502,.F.);
#1935=ORIENTED_EDGE('',*,*,#1504,.T.);
#1936=ORIENTED_EDGE('',*,*,#1478,.T.);
#1937=ORIENTED_EDGE('',*,*,#1496,.T.);
#1938=ORIENTED_EDGE('',*,*,#1447,.F.);
#1939=ORIENTED_EDGE('',*,*,#1498,.T.);
#1940=ORIENTED_EDGE('',*,*,#1474,.T.);
#1941=ORIENTED_EDGE('',*,*,#1505,.T.);
#1942=ORIENTED_EDGE('',*,*,#1436,.F.);
#1943=ORIENTED_EDGE('',*,*,#1506,.T.);
#1944=ORIENTED_EDGE('',*,*,#1487,.T.);
#1945=ORIENTED_EDGE('',*,*,#1507,.T.);
#1946=ORIENTED_EDGE('',*,*,#1437,.F.);
#1947=ORIENTED_EDGE('',*,*,#1508,.T.);
#1948=ORIENTED_EDGE('',*,*,#1483,.T.);
#1949=ORIENTED_EDGE('',*,*,#1492,.T.);
#1950=ORIENTED_EDGE('',*,*,#1442,.F.);
#1951=ORIENTED_EDGE('',*,*,#1494,.T.);
#1952=ORIENTED_EDGE('',*,*,#1479,.T.);
#1953=ORIENTED_EDGE('',*,*,#1504,.F.);
#1954=ORIENTED_EDGE('',*,*,#1501,.F.);
#1955=ORIENTED_EDGE('',*,*,#1503,.T.);
#1956=ORIENTED_EDGE('',*,*,#1509,.T.);
#1957=ORIENTED_EDGE('',*,*,#1510,.T.);
#1958=ORIENTED_EDGE('',*,*,#1511,.T.);
#1959=ORIENTED_EDGE('',*,*,#1509,.F.);
#1960=ORIENTED_EDGE('',*,*,#1511,.F.);
#1961=ORIENTED_EDGE('',*,*,#1512,.T.);
#1962=ORIENTED_EDGE('',*,*,#1449,.T.);
#1963=ORIENTED_EDGE('',*,*,#1512,.F.);
#1964=ORIENTED_EDGE('',*,*,#1510,.F.);
#1965=ORIENTED_EDGE('',*,*,#1486,.T.);
#1966=ORIENTED_EDGE('',*,*,#1513,.F.);
#1967=ORIENTED_EDGE('',*,*,#1438,.F.);
#1968=ORIENTED_EDGE('',*,*,#1507,.F.);
#1969=ORIENTED_EDGE('',*,*,#1484,.T.);
#1970=ORIENTED_EDGE('',*,*,#1508,.F.);
#1971=ORIENTED_EDGE('',*,*,#1440,.F.);
#1972=ORIENTED_EDGE('',*,*,#1514,.F.);
#1973=ORIENTED_EDGE('',*,*,#1490,.T.);
#1974=ORIENTED_EDGE('',*,*,#1515,.F.);
#1975=ORIENTED_EDGE('',*,*,#1433,.F.);
#1976=ORIENTED_EDGE('',*,*,#1505,.F.);
#1977=ORIENTED_EDGE('',*,*,#1489,.T.);
#1978=ORIENTED_EDGE('',*,*,#1516,.T.);
#1979=ORIENTED_EDGE('',*,*,#1434,.F.);
#1980=ORIENTED_EDGE('',*,*,#1515,.T.);
#1981=ORIENTED_EDGE('',*,*,#1485,.T.);
#1982=ORIENTED_EDGE('',*,*,#1514,.T.);
#1983=ORIENTED_EDGE('',*,*,#1439,.F.);
#1984=ORIENTED_EDGE('',*,*,#1513,.T.);
#1985=ORIENTED_EDGE('',*,*,#1488,.T.);
#1986=ORIENTED_EDGE('',*,*,#1506,.F.);
#1987=ORIENTED_EDGE('',*,*,#1435,.F.);
#1988=ORIENTED_EDGE('',*,*,#1516,.F.);
#1989=ORIENTED_EDGE('',*,*,#1517,.F.);
#1990=ORIENTED_EDGE('',*,*,#1518,.F.);
#1991=ORIENTED_EDGE('',*,*,#1519,.T.);
#1992=ORIENTED_EDGE('',*,*,#1520,.F.);
#1993=ORIENTED_EDGE('',*,*,#1519,.F.);
#1994=ORIENTED_EDGE('',*,*,#1521,.F.);
#1995=ORIENTED_EDGE('',*,*,#1522,.T.);
#1996=ORIENTED_EDGE('',*,*,#1523,.F.);
#1997=ORIENTED_EDGE('',*,*,#1522,.F.);
#1998=ORIENTED_EDGE('',*,*,#1524,.F.);
#1999=ORIENTED_EDGE('',*,*,#1525,.F.);
#2000=ORIENTED_EDGE('',*,*,#1526,.T.);
#2001=ORIENTED_EDGE('',*,*,#1527,.F.);
#2002=ORIENTED_EDGE('',*,*,#1526,.F.);
#2003=ORIENTED_EDGE('',*,*,#1528,.F.);
#2004=ORIENTED_EDGE('',*,*,#1529,.F.);
#2005=ORIENTED_EDGE('',*,*,#1530,.T.);
#2006=ORIENTED_EDGE('',*,*,#1531,.F.);
#2007=ORIENTED_EDGE('',*,*,#1530,.F.);
#2008=ORIENTED_EDGE('',*,*,#1532,.T.);
#2009=ORIENTED_EDGE('',*,*,#1450,.T.);
#2010=ORIENTED_EDGE('',*,*,#1533,.T.);
#2011=ORIENTED_EDGE('',*,*,#1534,.T.);
#2012=ORIENTED_EDGE('',*,*,#1535,.T.);
#2013=ORIENTED_EDGE('',*,*,#1536,.T.);
#2014=ORIENTED_EDGE('',*,*,#1533,.F.);
#2015=ORIENTED_EDGE('',*,*,#1472,.T.);
#2016=ORIENTED_EDGE('',*,*,#1524,.T.);
#2017=ORIENTED_EDGE('',*,*,#1525,.T.);
#2018=ORIENTED_EDGE('',*,*,#1537,.T.);
#2019=ORIENTED_EDGE('',*,*,#1538,.T.);
#2020=ORIENTED_EDGE('',*,*,#1535,.F.);
#2021=ORIENTED_EDGE('',*,*,#1469,.T.);
#2022=ORIENTED_EDGE('',*,*,#1539,.T.);
#2023=ORIENTED_EDGE('',*,*,#1540,.T.);
#2024=ORIENTED_EDGE('',*,*,#1537,.F.);
#2025=ORIENTED_EDGE('',*,*,#1466,.T.);
#2026=ORIENTED_EDGE('',*,*,#1517,.T.);
#2027=ORIENTED_EDGE('',*,*,#1518,.T.);
#2028=ORIENTED_EDGE('',*,*,#1541,.T.);
#2029=ORIENTED_EDGE('',*,*,#1542,.T.);
#2030=ORIENTED_EDGE('',*,*,#1539,.F.);
#2031=ORIENTED_EDGE('',*,*,#1463,.T.);
#2032=ORIENTED_EDGE('',*,*,#1543,.T.);
#2033=ORIENTED_EDGE('',*,*,#1544,.T.);
#2034=ORIENTED_EDGE('',*,*,#1541,.F.);
#2035=ORIENTED_EDGE('',*,*,#1460,.T.);
#2036=ORIENTED_EDGE('',*,*,#1528,.T.);
#2037=ORIENTED_EDGE('',*,*,#1529,.T.);
#2038=ORIENTED_EDGE('',*,*,#1545,.T.);
#2039=ORIENTED_EDGE('',*,*,#1546,.T.);
#2040=ORIENTED_EDGE('',*,*,#1543,.F.);
#2041=ORIENTED_EDGE('',*,*,#1457,.T.);
#2042=ORIENTED_EDGE('',*,*,#1545,.F.);
#2043=ORIENTED_EDGE('',*,*,#1454,.T.);
#2044=ORIENTED_EDGE('',*,*,#1532,.F.);
#2045=ORIENTED_EDGE('',*,*,#1547,.T.);
#2046=ORIENTED_EDGE('',*,*,#1521,.T.);
#2047=ORIENTED_EDGE('',*,*,#1544,.F.);
#2048=ORIENTED_EDGE('',*,*,#1548,.F.);
#2049=ORIENTED_EDGE('',*,*,#1549,.F.);
#2050=ORIENTED_EDGE('',*,*,#1550,.F.);
#2051=ORIENTED_EDGE('',*,*,#1418,.T.);
#2052=ORIENTED_EDGE('',*,*,#1423,.F.);
#2053=ORIENTED_EDGE('',*,*,#1426,.T.);
#2054=ORIENTED_EDGE('',*,*,#1428,.F.);
#2055=ORIENTED_EDGE('',*,*,#1546,.F.);
#2056=ORIENTED_EDGE('',*,*,#1551,.T.);
#2057=ORIENTED_EDGE('',*,*,#1552,.T.);
#2058=ORIENTED_EDGE('',*,*,#1548,.T.);
#2059=ORIENTED_EDGE('',*,*,#1547,.F.);
#2060=ORIENTED_EDGE('',*,*,#1553,.F.);
#2061=ORIENTED_EDGE('',*,*,#1554,.F.);
#2062=ORIENTED_EDGE('',*,*,#1551,.F.);
#2063=ORIENTED_EDGE('',*,*,#1534,.F.);
#2064=ORIENTED_EDGE('',*,*,#1555,.T.);
#2065=ORIENTED_EDGE('',*,*,#1556,.T.);
#2066=ORIENTED_EDGE('',*,*,#1553,.T.);
#2067=ORIENTED_EDGE('',*,*,#1542,.F.);
#2068=ORIENTED_EDGE('',*,*,#1550,.T.);
#2069=ORIENTED_EDGE('',*,*,#1557,.T.);
#2070=ORIENTED_EDGE('',*,*,#1558,.T.);
#2071=ORIENTED_EDGE('',*,*,#1557,.F.);
#2072=ORIENTED_EDGE('',*,*,#1549,.T.);
#2073=ORIENTED_EDGE('',*,*,#1552,.F.);
#2074=ORIENTED_EDGE('',*,*,#1554,.T.);
#2075=ORIENTED_EDGE('',*,*,#1556,.F.);
#2076=ORIENTED_EDGE('',*,*,#1559,.T.);
#2077=ORIENTED_EDGE('',*,*,#1560,.F.);
#2078=ORIENTED_EDGE('',*,*,#1561,.T.);
#2079=ORIENTED_EDGE('',*,*,#1520,.T.);
#2080=ORIENTED_EDGE('',*,*,#1523,.T.);
#2081=ORIENTED_EDGE('',*,*,#1527,.T.);
#2082=ORIENTED_EDGE('',*,*,#1531,.T.);
#2083=ORIENTED_EDGE('',*,*,#1562,.T.);
#2084=ORIENTED_EDGE('',*,*,#1563,.T.);
#2085=ORIENTED_EDGE('',*,*,#1564,.T.);
#2086=ORIENTED_EDGE('',*,*,#1565,.T.);
#2087=ORIENTED_EDGE('',*,*,#1538,.F.);
#2088=ORIENTED_EDGE('',*,*,#1566,.T.);
#2089=ORIENTED_EDGE('',*,*,#1560,.T.);
#2090=ORIENTED_EDGE('',*,*,#1567,.T.);
#2091=ORIENTED_EDGE('',*,*,#1536,.F.);
#2092=ORIENTED_EDGE('',*,*,#1567,.F.);
#2093=ORIENTED_EDGE('',*,*,#1559,.F.);
#2094=ORIENTED_EDGE('',*,*,#1555,.F.);
#2095=ORIENTED_EDGE('',*,*,#1430,.F.);
#2096=ORIENTED_EDGE('',*,*,#1568,.T.);
#2097=ORIENTED_EDGE('',*,*,#1564,.F.);
#2098=ORIENTED_EDGE('',*,*,#1569,.F.);
#2099=ORIENTED_EDGE('',*,*,#1429,.F.);
#2100=ORIENTED_EDGE('',*,*,#1570,.T.);
#2101=ORIENTED_EDGE('',*,*,#1565,.F.);
#2102=ORIENTED_EDGE('',*,*,#1568,.F.);
#2103=ORIENTED_EDGE('',*,*,#1431,.F.);
#2104=ORIENTED_EDGE('',*,*,#1569,.T.);
#2105=ORIENTED_EDGE('',*,*,#1563,.F.);
#2106=ORIENTED_EDGE('',*,*,#1571,.F.);
#2107=ORIENTED_EDGE('',*,*,#1432,.F.);
#2108=ORIENTED_EDGE('',*,*,#1571,.T.);
#2109=ORIENTED_EDGE('',*,*,#1562,.F.);
#2110=ORIENTED_EDGE('',*,*,#1570,.F.);
#2111=ORIENTED_EDGE('',*,*,#1427,.F.);
#2112=ORIENTED_EDGE('',*,*,#1424,.T.);
#2113=ORIENTED_EDGE('',*,*,#1421,.F.);
#2114=ORIENTED_EDGE('',*,*,#1420,.T.);
#2115=ORIENTED_EDGE('',*,*,#1540,.F.);
#2116=ORIENTED_EDGE('',*,*,#1558,.F.);
#2117=ORIENTED_EDGE('',*,*,#1561,.F.);
#2118=ORIENTED_EDGE('',*,*,#1566,.F.);
#2119=ORIENTED_EDGE('',*,*,#1572,.T.);
#2120=ORIENTED_EDGE('',*,*,#1573,.T.);
#2121=ORIENTED_EDGE('',*,*,#1574,.T.);
#2122=ORIENTED_EDGE('',*,*,#1575,.T.);
#2123=ORIENTED_EDGE('',*,*,#1576,.T.);
#2124=ORIENTED_EDGE('',*,*,#1577,.T.);
#2125=ORIENTED_EDGE('',*,*,#1578,.T.);
#2126=ORIENTED_EDGE('',*,*,#1579,.T.);
#2127=ORIENTED_EDGE('',*,*,#1580,.T.);
#2128=ORIENTED_EDGE('',*,*,#1581,.T.);
#2129=ORIENTED_EDGE('',*,*,#1582,.F.);
#2130=ORIENTED_EDGE('',*,*,#1583,.F.);
#2131=ORIENTED_EDGE('',*,*,#1584,.F.);
#2132=ORIENTED_EDGE('',*,*,#1585,.F.);
#2133=ORIENTED_EDGE('',*,*,#1586,.F.);
#2134=ORIENTED_EDGE('',*,*,#1587,.F.);
#2135=ORIENTED_EDGE('',*,*,#1588,.F.);
#2136=ORIENTED_EDGE('',*,*,#1589,.F.);
#2137=ORIENTED_EDGE('',*,*,#1590,.F.);
#2138=ORIENTED_EDGE('',*,*,#1591,.F.);
#2139=ORIENTED_EDGE('',*,*,#1586,.T.);
#2140=ORIENTED_EDGE('',*,*,#1592,.F.);
#2141=ORIENTED_EDGE('',*,*,#1578,.F.);
#2142=ORIENTED_EDGE('',*,*,#1593,.T.);
#2143=ORIENTED_EDGE('',*,*,#1585,.T.);
#2144=ORIENTED_EDGE('',*,*,#1594,.F.);
#2145=ORIENTED_EDGE('',*,*,#1579,.F.);
#2146=ORIENTED_EDGE('',*,*,#1592,.T.);
#2147=ORIENTED_EDGE('',*,*,#1584,.T.);
#2148=ORIENTED_EDGE('',*,*,#1595,.F.);
#2149=ORIENTED_EDGE('',*,*,#1580,.F.);
#2150=ORIENTED_EDGE('',*,*,#1594,.T.);
#2151=ORIENTED_EDGE('',*,*,#1583,.T.);
#2152=ORIENTED_EDGE('',*,*,#1596,.F.);
#2153=ORIENTED_EDGE('',*,*,#1581,.F.);
#2154=ORIENTED_EDGE('',*,*,#1595,.T.);
#2155=ORIENTED_EDGE('',*,*,#1582,.T.);
#2156=ORIENTED_EDGE('',*,*,#1597,.T.);
#2157=ORIENTED_EDGE('',*,*,#1572,.F.);
#2158=ORIENTED_EDGE('',*,*,#1596,.T.);
#2159=ORIENTED_EDGE('',*,*,#1591,.T.);
#2160=ORIENTED_EDGE('',*,*,#1598,.F.);
#2161=ORIENTED_EDGE('',*,*,#1573,.F.);
#2162=ORIENTED_EDGE('',*,*,#1597,.F.);
#2163=ORIENTED_EDGE('',*,*,#1590,.T.);
#2164=ORIENTED_EDGE('',*,*,#1599,.F.);
#2165=ORIENTED_EDGE('',*,*,#1574,.F.);
#2166=ORIENTED_EDGE('',*,*,#1598,.T.);
#2167=ORIENTED_EDGE('',*,*,#1589,.T.);
#2168=ORIENTED_EDGE('',*,*,#1600,.F.);
#2169=ORIENTED_EDGE('',*,*,#1575,.F.);
#2170=ORIENTED_EDGE('',*,*,#1599,.T.);
#2171=ORIENTED_EDGE('',*,*,#1588,.T.);
#2172=ORIENTED_EDGE('',*,*,#1601,.F.);
#2173=ORIENTED_EDGE('',*,*,#1576,.F.);
#2174=ORIENTED_EDGE('',*,*,#1600,.T.);
#2175=ORIENTED_EDGE('',*,*,#1587,.T.);
#2176=ORIENTED_EDGE('',*,*,#1593,.F.);
#2177=ORIENTED_EDGE('',*,*,#1577,.F.);
#2178=ORIENTED_EDGE('',*,*,#1601,.T.);
#2179=ORIENTED_EDGE('',*,*,#1602,.F.);
#2180=ORIENTED_EDGE('',*,*,#1603,.F.);
#2181=ORIENTED_EDGE('',*,*,#1604,.F.);
#2182=ORIENTED_EDGE('',*,*,#1605,.F.);
#2183=ORIENTED_EDGE('',*,*,#1606,.F.);
#2184=ORIENTED_EDGE('',*,*,#1606,.T.);
#2185=ORIENTED_EDGE('',*,*,#1607,.T.);
#2186=ORIENTED_EDGE('',*,*,#1608,.F.);
#2187=ORIENTED_EDGE('',*,*,#1609,.F.);
#2188=ORIENTED_EDGE('',*,*,#1605,.T.);
#2189=ORIENTED_EDGE('',*,*,#1610,.T.);
#2190=ORIENTED_EDGE('',*,*,#1611,.F.);
#2191=ORIENTED_EDGE('',*,*,#1607,.F.);
#2192=ORIENTED_EDGE('',*,*,#1604,.T.);
#2193=ORIENTED_EDGE('',*,*,#1612,.T.);
#2194=ORIENTED_EDGE('',*,*,#1613,.F.);
#2195=ORIENTED_EDGE('',*,*,#1610,.F.);
#2196=ORIENTED_EDGE('',*,*,#1603,.T.);
#2197=ORIENTED_EDGE('',*,*,#1609,.T.);
#2198=ORIENTED_EDGE('',*,*,#1614,.F.);
#2199=ORIENTED_EDGE('',*,*,#1612,.F.);
#2200=ORIENTED_EDGE('',*,*,#1615,.F.);
#2201=ORIENTED_EDGE('',*,*,#1616,.T.);
#2202=ORIENTED_EDGE('',*,*,#1602,.T.);
#2203=ORIENTED_EDGE('',*,*,#1616,.F.);
#2204=ORIENTED_EDGE('',*,*,#1615,.T.);
#2205=ORIENTED_EDGE('',*,*,#1614,.T.);
#2206=ORIENTED_EDGE('',*,*,#1608,.T.);
#2207=ORIENTED_EDGE('',*,*,#1611,.T.);
#2208=ORIENTED_EDGE('',*,*,#1613,.T.);
#2209=ORIENTED_EDGE('',*,*,#1617,.F.);
#2210=ORIENTED_EDGE('',*,*,#1618,.T.);
#2211=ORIENTED_EDGE('',*,*,#1619,.F.);
#2212=ORIENTED_EDGE('',*,*,#1620,.F.);
#2213=ORIENTED_EDGE('',*,*,#1621,.F.);
#2214=ORIENTED_EDGE('',*,*,#1620,.T.);
#2215=ORIENTED_EDGE('',*,*,#1622,.F.);
#2216=ORIENTED_EDGE('',*,*,#1623,.F.);
#2217=ORIENTED_EDGE('',*,*,#1624,.F.);
#2218=ORIENTED_EDGE('',*,*,#1623,.T.);
#2219=ORIENTED_EDGE('',*,*,#1625,.F.);
#2220=ORIENTED_EDGE('',*,*,#1626,.F.);
#2221=ORIENTED_EDGE('',*,*,#1627,.F.);
#2222=ORIENTED_EDGE('',*,*,#1626,.T.);
#2223=ORIENTED_EDGE('',*,*,#1628,.F.);
#2224=ORIENTED_EDGE('',*,*,#1629,.F.);
#2225=ORIENTED_EDGE('',*,*,#1630,.F.);
#2226=ORIENTED_EDGE('',*,*,#1629,.T.);
#2227=ORIENTED_EDGE('',*,*,#1631,.F.);
#2228=ORIENTED_EDGE('',*,*,#1632,.F.);
#2229=ORIENTED_EDGE('',*,*,#1633,.F.);
#2230=ORIENTED_EDGE('',*,*,#1632,.T.);
#2231=ORIENTED_EDGE('',*,*,#1634,.F.);
#2232=ORIENTED_EDGE('',*,*,#1635,.F.);
#2233=ORIENTED_EDGE('',*,*,#1636,.F.);
#2234=ORIENTED_EDGE('',*,*,#1635,.T.);
#2235=ORIENTED_EDGE('',*,*,#1637,.F.);
#2236=ORIENTED_EDGE('',*,*,#1638,.F.);
#2237=ORIENTED_EDGE('',*,*,#1639,.F.);
#2238=ORIENTED_EDGE('',*,*,#1638,.T.);
#2239=ORIENTED_EDGE('',*,*,#1640,.F.);
#2240=ORIENTED_EDGE('',*,*,#1641,.F.);
#2241=ORIENTED_EDGE('',*,*,#1642,.F.);
#2242=ORIENTED_EDGE('',*,*,#1641,.T.);
#2243=ORIENTED_EDGE('',*,*,#1643,.F.);
#2244=ORIENTED_EDGE('',*,*,#1644,.F.);
#2245=ORIENTED_EDGE('',*,*,#1645,.F.);
#2246=ORIENTED_EDGE('',*,*,#1644,.T.);
#2247=ORIENTED_EDGE('',*,*,#1646,.F.);
#2248=ORIENTED_EDGE('',*,*,#1647,.F.);
#2249=ORIENTED_EDGE('',*,*,#1648,.F.);
#2250=ORIENTED_EDGE('',*,*,#1647,.T.);
#2251=ORIENTED_EDGE('',*,*,#1649,.F.);
#2252=ORIENTED_EDGE('',*,*,#1650,.F.);
#2253=ORIENTED_EDGE('',*,*,#1651,.F.);
#2254=ORIENTED_EDGE('',*,*,#1650,.T.);
#2255=ORIENTED_EDGE('',*,*,#1652,.F.);
#2256=ORIENTED_EDGE('',*,*,#1653,.F.);
#2257=ORIENTED_EDGE('',*,*,#1654,.F.);
#2258=ORIENTED_EDGE('',*,*,#1653,.T.);
#2259=ORIENTED_EDGE('',*,*,#1655,.F.);
#2260=ORIENTED_EDGE('',*,*,#1656,.F.);
#2261=ORIENTED_EDGE('',*,*,#1657,.F.);
#2262=ORIENTED_EDGE('',*,*,#1656,.T.);
#2263=ORIENTED_EDGE('',*,*,#1658,.F.);
#2264=ORIENTED_EDGE('',*,*,#1659,.F.);
#2265=ORIENTED_EDGE('',*,*,#1660,.F.);
#2266=ORIENTED_EDGE('',*,*,#1659,.T.);
#2267=ORIENTED_EDGE('',*,*,#1661,.F.);
#2268=ORIENTED_EDGE('',*,*,#1662,.F.);
#2269=ORIENTED_EDGE('',*,*,#1663,.F.);
#2270=ORIENTED_EDGE('',*,*,#1662,.T.);
#2271=ORIENTED_EDGE('',*,*,#1664,.F.);
#2272=ORIENTED_EDGE('',*,*,#1618,.F.);
#2273=ORIENTED_EDGE('',*,*,#1665,.F.);
#2274=ORIENTED_EDGE('',*,*,#1666,.T.);
#2275=ORIENTED_EDGE('',*,*,#1667,.F.);
#2276=ORIENTED_EDGE('',*,*,#1668,.F.);
#2277=ORIENTED_EDGE('',*,*,#1669,.F.);
#2278=ORIENTED_EDGE('',*,*,#1668,.T.);
#2279=ORIENTED_EDGE('',*,*,#1670,.F.);
#2280=ORIENTED_EDGE('',*,*,#1671,.F.);
#2281=ORIENTED_EDGE('',*,*,#1672,.F.);
#2282=ORIENTED_EDGE('',*,*,#1671,.T.);
#2283=ORIENTED_EDGE('',*,*,#1673,.F.);
#2284=ORIENTED_EDGE('',*,*,#1674,.F.);
#2285=ORIENTED_EDGE('',*,*,#1675,.F.);
#2286=ORIENTED_EDGE('',*,*,#1674,.T.);
#2287=ORIENTED_EDGE('',*,*,#1676,.F.);
#2288=ORIENTED_EDGE('',*,*,#1677,.F.);
#2289=ORIENTED_EDGE('',*,*,#1678,.F.);
#2290=ORIENTED_EDGE('',*,*,#1677,.T.);
#2291=ORIENTED_EDGE('',*,*,#1679,.F.);
#2292=ORIENTED_EDGE('',*,*,#1680,.F.);
#2293=ORIENTED_EDGE('',*,*,#1681,.F.);
#2294=ORIENTED_EDGE('',*,*,#1680,.T.);
#2295=ORIENTED_EDGE('',*,*,#1682,.F.);
#2296=ORIENTED_EDGE('',*,*,#1683,.F.);
#2297=ORIENTED_EDGE('',*,*,#1684,.F.);
#2298=ORIENTED_EDGE('',*,*,#1683,.T.);
#2299=ORIENTED_EDGE('',*,*,#1685,.F.);
#2300=ORIENTED_EDGE('',*,*,#1686,.F.);
#2301=ORIENTED_EDGE('',*,*,#1687,.F.);
#2302=ORIENTED_EDGE('',*,*,#1686,.T.);
#2303=ORIENTED_EDGE('',*,*,#1688,.F.);
#2304=ORIENTED_EDGE('',*,*,#1666,.F.);
#2305=ORIENTED_EDGE('',*,*,#1688,.T.);
#2306=ORIENTED_EDGE('',*,*,#1685,.T.);
#2307=ORIENTED_EDGE('',*,*,#1682,.T.);
#2308=ORIENTED_EDGE('',*,*,#1679,.T.);
#2309=ORIENTED_EDGE('',*,*,#1676,.T.);
#2310=ORIENTED_EDGE('',*,*,#1673,.T.);
#2311=ORIENTED_EDGE('',*,*,#1670,.T.);
#2312=ORIENTED_EDGE('',*,*,#1667,.T.);
#2313=ORIENTED_EDGE('',*,*,#1664,.T.);
#2314=ORIENTED_EDGE('',*,*,#1661,.T.);
#2315=ORIENTED_EDGE('',*,*,#1658,.T.);
#2316=ORIENTED_EDGE('',*,*,#1655,.T.);
#2317=ORIENTED_EDGE('',*,*,#1652,.T.);
#2318=ORIENTED_EDGE('',*,*,#1649,.T.);
#2319=ORIENTED_EDGE('',*,*,#1646,.T.);
#2320=ORIENTED_EDGE('',*,*,#1643,.T.);
#2321=ORIENTED_EDGE('',*,*,#1640,.T.);
#2322=ORIENTED_EDGE('',*,*,#1637,.T.);
#2323=ORIENTED_EDGE('',*,*,#1634,.T.);
#2324=ORIENTED_EDGE('',*,*,#1631,.T.);
#2325=ORIENTED_EDGE('',*,*,#1628,.T.);
#2326=ORIENTED_EDGE('',*,*,#1625,.T.);
#2327=ORIENTED_EDGE('',*,*,#1622,.T.);
#2328=ORIENTED_EDGE('',*,*,#1619,.T.);
#2329=ORIENTED_EDGE('',*,*,#1687,.T.);
#2330=ORIENTED_EDGE('',*,*,#1665,.T.);
#2331=ORIENTED_EDGE('',*,*,#1669,.T.);
#2332=ORIENTED_EDGE('',*,*,#1672,.T.);
#2333=ORIENTED_EDGE('',*,*,#1675,.T.);
#2334=ORIENTED_EDGE('',*,*,#1678,.T.);
#2335=ORIENTED_EDGE('',*,*,#1681,.T.);
#2336=ORIENTED_EDGE('',*,*,#1684,.T.);
#2337=ORIENTED_EDGE('',*,*,#1663,.T.);
#2338=ORIENTED_EDGE('',*,*,#1617,.T.);
#2339=ORIENTED_EDGE('',*,*,#1621,.T.);
#2340=ORIENTED_EDGE('',*,*,#1624,.T.);
#2341=ORIENTED_EDGE('',*,*,#1627,.T.);
#2342=ORIENTED_EDGE('',*,*,#1630,.T.);
#2343=ORIENTED_EDGE('',*,*,#1633,.T.);
#2344=ORIENTED_EDGE('',*,*,#1636,.T.);
#2345=ORIENTED_EDGE('',*,*,#1639,.T.);
#2346=ORIENTED_EDGE('',*,*,#1642,.T.);
#2347=ORIENTED_EDGE('',*,*,#1645,.T.);
#2348=ORIENTED_EDGE('',*,*,#1648,.T.);
#2349=ORIENTED_EDGE('',*,*,#1651,.T.);
#2350=ORIENTED_EDGE('',*,*,#1654,.T.);
#2351=ORIENTED_EDGE('',*,*,#1657,.T.);
#2352=ORIENTED_EDGE('',*,*,#1660,.T.);
#2353=ORIENTED_EDGE('',*,*,#1689,.F.);
#2354=ORIENTED_EDGE('',*,*,#1690,.T.);
#2355=ORIENTED_EDGE('',*,*,#1691,.T.);
#2356=ORIENTED_EDGE('',*,*,#1692,.T.);
#2357=ORIENTED_EDGE('',*,*,#1693,.T.);
#2358=ORIENTED_EDGE('',*,*,#1694,.T.);
#2359=ORIENTED_EDGE('',*,*,#1689,.T.);
#2360=ORIENTED_EDGE('',*,*,#1695,.T.);
#2361=ORIENTED_EDGE('',*,*,#1693,.F.);
#2362=ORIENTED_EDGE('',*,*,#1696,.T.);
#2363=ORIENTED_EDGE('',*,*,#1697,.T.);
#2364=ORIENTED_EDGE('',*,*,#1698,.T.);
#2365=ORIENTED_EDGE('',*,*,#1694,.F.);
#2366=ORIENTED_EDGE('',*,*,#1698,.F.);
#2367=ORIENTED_EDGE('',*,*,#1699,.F.);
#2368=ORIENTED_EDGE('',*,*,#1690,.F.);
#2369=ORIENTED_EDGE('',*,*,#1691,.F.);
#2370=ORIENTED_EDGE('',*,*,#1699,.T.);
#2371=ORIENTED_EDGE('',*,*,#1697,.F.);
#2372=ORIENTED_EDGE('',*,*,#1700,.F.);
#2373=ORIENTED_EDGE('',*,*,#1695,.F.);
#2374=ORIENTED_EDGE('',*,*,#1692,.F.);
#2375=ORIENTED_EDGE('',*,*,#1700,.T.);
#2376=ORIENTED_EDGE('',*,*,#1696,.F.);
#2377=ORIENTED_EDGE('',*,*,#1701,.F.);
#2378=ORIENTED_EDGE('',*,*,#1702,.T.);
#2379=ORIENTED_EDGE('',*,*,#1703,.T.);
#2380=ORIENTED_EDGE('',*,*,#1704,.T.);
#2381=ORIENTED_EDGE('',*,*,#1705,.T.);
#2382=ORIENTED_EDGE('',*,*,#1706,.T.);
#2383=ORIENTED_EDGE('',*,*,#1701,.T.);
#2384=ORIENTED_EDGE('',*,*,#1707,.T.);
#2385=ORIENTED_EDGE('',*,*,#1705,.F.);
#2386=ORIENTED_EDGE('',*,*,#1708,.T.);
#2387=ORIENTED_EDGE('',*,*,#1709,.T.);
#2388=ORIENTED_EDGE('',*,*,#1710,.T.);
#2389=ORIENTED_EDGE('',*,*,#1706,.F.);
#2390=ORIENTED_EDGE('',*,*,#1710,.F.);
#2391=ORIENTED_EDGE('',*,*,#1711,.F.);
#2392=ORIENTED_EDGE('',*,*,#1702,.F.);
#2393=ORIENTED_EDGE('',*,*,#1703,.F.);
#2394=ORIENTED_EDGE('',*,*,#1711,.T.);
#2395=ORIENTED_EDGE('',*,*,#1709,.F.);
#2396=ORIENTED_EDGE('',*,*,#1712,.F.);
#2397=ORIENTED_EDGE('',*,*,#1707,.F.);
#2398=ORIENTED_EDGE('',*,*,#1704,.F.);
#2399=ORIENTED_EDGE('',*,*,#1712,.T.);
#2400=ORIENTED_EDGE('',*,*,#1708,.F.);
#2401=ORIENTED_EDGE('',*,*,#1713,.F.);
#2402=ORIENTED_EDGE('',*,*,#1714,.T.);
#2403=ORIENTED_EDGE('',*,*,#1715,.T.);
#2404=ORIENTED_EDGE('',*,*,#1716,.T.);
#2405=ORIENTED_EDGE('',*,*,#1717,.T.);
#2406=ORIENTED_EDGE('',*,*,#1718,.T.);
#2407=ORIENTED_EDGE('',*,*,#1713,.T.);
#2408=ORIENTED_EDGE('',*,*,#1719,.T.);
#2409=ORIENTED_EDGE('',*,*,#1717,.F.);
#2410=ORIENTED_EDGE('',*,*,#1720,.T.);
#2411=ORIENTED_EDGE('',*,*,#1721,.T.);
#2412=ORIENTED_EDGE('',*,*,#1722,.T.);
#2413=ORIENTED_EDGE('',*,*,#1718,.F.);
#2414=ORIENTED_EDGE('',*,*,#1722,.F.);
#2415=ORIENTED_EDGE('',*,*,#1723,.F.);
#2416=ORIENTED_EDGE('',*,*,#1714,.F.);
#2417=ORIENTED_EDGE('',*,*,#1715,.F.);
#2418=ORIENTED_EDGE('',*,*,#1723,.T.);
#2419=ORIENTED_EDGE('',*,*,#1721,.F.);
#2420=ORIENTED_EDGE('',*,*,#1724,.F.);
#2421=ORIENTED_EDGE('',*,*,#1719,.F.);
#2422=ORIENTED_EDGE('',*,*,#1716,.F.);
#2423=ORIENTED_EDGE('',*,*,#1724,.T.);
#2424=ORIENTED_EDGE('',*,*,#1720,.F.);
#2425=ORIENTED_EDGE('',*,*,#1725,.F.);
#2426=ORIENTED_EDGE('',*,*,#1726,.T.);
#2427=ORIENTED_EDGE('',*,*,#1727,.T.);
#2428=ORIENTED_EDGE('',*,*,#1728,.T.);
#2429=ORIENTED_EDGE('',*,*,#1729,.T.);
#2430=ORIENTED_EDGE('',*,*,#1730,.T.);
#2431=ORIENTED_EDGE('',*,*,#1725,.T.);
#2432=ORIENTED_EDGE('',*,*,#1731,.T.);
#2433=ORIENTED_EDGE('',*,*,#1729,.F.);
#2434=ORIENTED_EDGE('',*,*,#1732,.T.);
#2435=ORIENTED_EDGE('',*,*,#1733,.T.);
#2436=ORIENTED_EDGE('',*,*,#1734,.T.);
#2437=ORIENTED_EDGE('',*,*,#1730,.F.);
#2438=ORIENTED_EDGE('',*,*,#1734,.F.);
#2439=ORIENTED_EDGE('',*,*,#1735,.F.);
#2440=ORIENTED_EDGE('',*,*,#1726,.F.);
#2441=ORIENTED_EDGE('',*,*,#1727,.F.);
#2442=ORIENTED_EDGE('',*,*,#1735,.T.);
#2443=ORIENTED_EDGE('',*,*,#1733,.F.);
#2444=ORIENTED_EDGE('',*,*,#1736,.F.);
#2445=ORIENTED_EDGE('',*,*,#1731,.F.);
#2446=ORIENTED_EDGE('',*,*,#1728,.F.);
#2447=ORIENTED_EDGE('',*,*,#1736,.T.);
#2448=ORIENTED_EDGE('',*,*,#1732,.F.);
#2449=ORIENTED_EDGE('',*,*,#1737,.F.);
#2450=ORIENTED_EDGE('',*,*,#1738,.T.);
#2451=ORIENTED_EDGE('',*,*,#1739,.T.);
#2452=ORIENTED_EDGE('',*,*,#1740,.T.);
#2453=ORIENTED_EDGE('',*,*,#1741,.T.);
#2454=ORIENTED_EDGE('',*,*,#1742,.T.);
#2455=ORIENTED_EDGE('',*,*,#1737,.T.);
#2456=ORIENTED_EDGE('',*,*,#1743,.T.);
#2457=ORIENTED_EDGE('',*,*,#1741,.F.);
#2458=ORIENTED_EDGE('',*,*,#1744,.T.);
#2459=ORIENTED_EDGE('',*,*,#1745,.T.);
#2460=ORIENTED_EDGE('',*,*,#1746,.T.);
#2461=ORIENTED_EDGE('',*,*,#1742,.F.);
#2462=ORIENTED_EDGE('',*,*,#1746,.F.);
#2463=ORIENTED_EDGE('',*,*,#1747,.F.);
#2464=ORIENTED_EDGE('',*,*,#1738,.F.);
#2465=ORIENTED_EDGE('',*,*,#1739,.F.);
#2466=ORIENTED_EDGE('',*,*,#1747,.T.);
#2467=ORIENTED_EDGE('',*,*,#1745,.F.);
#2468=ORIENTED_EDGE('',*,*,#1748,.F.);
#2469=ORIENTED_EDGE('',*,*,#1743,.F.);
#2470=ORIENTED_EDGE('',*,*,#1740,.F.);
#2471=ORIENTED_EDGE('',*,*,#1748,.T.);
#2472=ORIENTED_EDGE('',*,*,#1744,.F.);
#2473=ORIENTED_EDGE('',*,*,#1749,.F.);
#2474=ORIENTED_EDGE('',*,*,#1750,.T.);
#2475=ORIENTED_EDGE('',*,*,#1751,.T.);
#2476=ORIENTED_EDGE('',*,*,#1752,.T.);
#2477=ORIENTED_EDGE('',*,*,#1753,.T.);
#2478=ORIENTED_EDGE('',*,*,#1754,.T.);
#2479=ORIENTED_EDGE('',*,*,#1749,.T.);
#2480=ORIENTED_EDGE('',*,*,#1755,.T.);
#2481=ORIENTED_EDGE('',*,*,#1753,.F.);
#2482=ORIENTED_EDGE('',*,*,#1756,.T.);
#2483=ORIENTED_EDGE('',*,*,#1757,.T.);
#2484=ORIENTED_EDGE('',*,*,#1758,.T.);
#2485=ORIENTED_EDGE('',*,*,#1754,.F.);
#2486=ORIENTED_EDGE('',*,*,#1758,.F.);
#2487=ORIENTED_EDGE('',*,*,#1759,.F.);
#2488=ORIENTED_EDGE('',*,*,#1750,.F.);
#2489=ORIENTED_EDGE('',*,*,#1751,.F.);
#2490=ORIENTED_EDGE('',*,*,#1759,.T.);
#2491=ORIENTED_EDGE('',*,*,#1757,.F.);
#2492=ORIENTED_EDGE('',*,*,#1760,.F.);
#2493=ORIENTED_EDGE('',*,*,#1755,.F.);
#2494=ORIENTED_EDGE('',*,*,#1752,.F.);
#2495=ORIENTED_EDGE('',*,*,#1760,.T.);
#2496=ORIENTED_EDGE('',*,*,#1756,.F.);
#2497=ORIENTED_EDGE('',*,*,#1761,.F.);
#2498=ORIENTED_EDGE('',*,*,#1762,.T.);
#2499=ORIENTED_EDGE('',*,*,#1763,.T.);
#2500=ORIENTED_EDGE('',*,*,#1764,.T.);
#2501=ORIENTED_EDGE('',*,*,#1765,.T.);
#2502=ORIENTED_EDGE('',*,*,#1766,.T.);
#2503=ORIENTED_EDGE('',*,*,#1761,.T.);
#2504=ORIENTED_EDGE('',*,*,#1767,.T.);
#2505=ORIENTED_EDGE('',*,*,#1765,.F.);
#2506=ORIENTED_EDGE('',*,*,#1768,.T.);
#2507=ORIENTED_EDGE('',*,*,#1769,.T.);
#2508=ORIENTED_EDGE('',*,*,#1770,.T.);
#2509=ORIENTED_EDGE('',*,*,#1766,.F.);
#2510=ORIENTED_EDGE('',*,*,#1770,.F.);
#2511=ORIENTED_EDGE('',*,*,#1771,.F.);
#2512=ORIENTED_EDGE('',*,*,#1762,.F.);
#2513=ORIENTED_EDGE('',*,*,#1763,.F.);
#2514=ORIENTED_EDGE('',*,*,#1771,.T.);
#2515=ORIENTED_EDGE('',*,*,#1769,.F.);
#2516=ORIENTED_EDGE('',*,*,#1772,.F.);
#2517=ORIENTED_EDGE('',*,*,#1767,.F.);
#2518=ORIENTED_EDGE('',*,*,#1764,.F.);
#2519=ORIENTED_EDGE('',*,*,#1772,.T.);
#2520=ORIENTED_EDGE('',*,*,#1768,.F.);
#2521=ORIENTED_EDGE('',*,*,#1773,.F.);
#2522=ORIENTED_EDGE('',*,*,#1774,.T.);
#2523=ORIENTED_EDGE('',*,*,#1775,.T.);
#2524=ORIENTED_EDGE('',*,*,#1776,.T.);
#2525=ORIENTED_EDGE('',*,*,#1777,.T.);
#2526=ORIENTED_EDGE('',*,*,#1778,.T.);
#2527=ORIENTED_EDGE('',*,*,#1773,.T.);
#2528=ORIENTED_EDGE('',*,*,#1779,.T.);
#2529=ORIENTED_EDGE('',*,*,#1777,.F.);
#2530=ORIENTED_EDGE('',*,*,#1780,.T.);
#2531=ORIENTED_EDGE('',*,*,#1781,.T.);
#2532=ORIENTED_EDGE('',*,*,#1782,.T.);
#2533=ORIENTED_EDGE('',*,*,#1778,.F.);
#2534=ORIENTED_EDGE('',*,*,#1782,.F.);
#2535=ORIENTED_EDGE('',*,*,#1783,.F.);
#2536=ORIENTED_EDGE('',*,*,#1774,.F.);
#2537=ORIENTED_EDGE('',*,*,#1775,.F.);
#2538=ORIENTED_EDGE('',*,*,#1783,.T.);
#2539=ORIENTED_EDGE('',*,*,#1781,.F.);
#2540=ORIENTED_EDGE('',*,*,#1784,.F.);
#2541=ORIENTED_EDGE('',*,*,#1779,.F.);
#2542=ORIENTED_EDGE('',*,*,#1776,.F.);
#2543=ORIENTED_EDGE('',*,*,#1784,.T.);
#2544=ORIENTED_EDGE('',*,*,#1780,.F.);
#2545=CYLINDRICAL_SURFACE('',#2776,1.3);
#2546=CYLINDRICAL_SURFACE('',#2779,3.);
#2547=CYLINDRICAL_SURFACE('',#2784,1.29999999999999);
#2548=CYLINDRICAL_SURFACE('',#2787,4.00000005960464);
#2549=CYLINDRICAL_SURFACE('',#2793,1.5);
#2550=CYLINDRICAL_SURFACE('',#2797,1.5);
#2551=CYLINDRICAL_SURFACE('',#2810,12.);
#2552=CYLINDRICAL_SURFACE('',#2814,12.);
#2553=CYLINDRICAL_SURFACE('',#2818,12.);
#2554=CYLINDRICAL_SURFACE('',#2822,12.);
#2555=CYLINDRICAL_SURFACE('',#2837,34.5);
#2556=CYLINDRICAL_SURFACE('',#2840,34.5);
#2557=CYLINDRICAL_SURFACE('',#2849,26.);
#2558=CYLINDRICAL_SURFACE('',#2854,13.7925476897654);
#2559=CYLINDRICAL_SURFACE('',#2858,34.5);
#2560=CYLINDRICAL_SURFACE('',#2859,34.5);
#2561=CYLINDRICAL_SURFACE('',#2861,1.35);
#2562=CYLINDRICAL_SURFACE('',#2863,1.35);
#2563=CYLINDRICAL_SURFACE('',#2865,1.35);
#2564=CYLINDRICAL_SURFACE('',#2867,1.35);
#2565=CYLINDRICAL_SURFACE('',#2873,8.);
#2566=CYLINDRICAL_SURFACE('',#2878,8.);
#2567=CYLINDRICAL_SURFACE('',#2883,8.);
#2568=CYLINDRICAL_SURFACE('',#2888,8.);
#2569=CYLINDRICAL_SURFACE('',#2890,20.);
#2570=CYLINDRICAL_SURFACE('',#2893,20.);
#2571=CYLINDRICAL_SURFACE('',#2895,20.);
#2572=CYLINDRICAL_SURFACE('',#2899,20.);
#2573=CYLINDRICAL_SURFACE('',#2924,13.7925476897654);
#2574=CYLINDRICAL_SURFACE('',#2928,34.5);
#2575=CYLINDRICAL_SURFACE('',#2932,26.);
#2576=CYLINDRICAL_SURFACE('',#2936,34.5);
#2577=CYLINDRICAL_SURFACE('',#2940,26.);
#2578=CYLINDRICAL_SURFACE('',#2944,34.5);
#2579=CYLINDRICAL_SURFACE('',#2948,26.);
#2580=CYLINDRICAL_SURFACE('',#2952,34.5);
#2581=CYLINDRICAL_SURFACE('',#2956,26.);
#2582=CYLINDRICAL_SURFACE('',#2959,12.);
#2583=CYLINDRICAL_SURFACE('',#2963,12.);
#2584=CYLINDRICAL_SURFACE('',#2967,12.);
#2585=CYLINDRICAL_SURFACE('',#2971,12.);
#2586=CYLINDRICAL_SURFACE('',#2979,2.);
#2587=CYLINDRICAL_SURFACE('',#2987,2.);
#2588=CYLINDRICAL_SURFACE('',#2995,2.);
#2589=CYLINDRICAL_SURFACE('',#3003,2.);
#2590=CYLINDRICAL_SURFACE('',#3011,2.);
#2591=CYLINDRICAL_SURFACE('',#3019,2.);
#2592=CYLINDRICAL_SURFACE('',#3027,2.);
#2593=CYLINDRICAL_SURFACE('',#3035,2.);
#2594=ADVANCED_FACE('',(#178),#2545,.F.);
#2595=ADVANCED_FACE('',(#179),#2546,.T.);
#2596=ADVANCED_FACE('',(#180,#50),#76,.T.);
#2597=ADVANCED_FACE('',(#181),#77,.T.);
#2598=ADVANCED_FACE('',(#182),#2547,.F.);
#2599=ADVANCED_FACE('',(#183),#2548,.T.);
#2600=ADVANCED_FACE('',(#184,#51),#78,.T.);
#2601=ADVANCED_FACE('',(#185),#79,.T.);
#2602=ADVANCED_FACE('',(#186),#80,.F.);
#2603=ADVANCED_FACE('',(#187),#2549,.F.);
#2604=ADVANCED_FACE('',(#188),#81,.F.);
#2605=ADVANCED_FACE('',(#189),#2550,.F.);
#2606=ADVANCED_FACE('',(#190,#52,#53,#54,#55,#56,#57,#58),#82,.T.);
#2607=ADVANCED_FACE('',(#191),#2551,.F.);
#2608=ADVANCED_FACE('',(#192),#83,.F.);
#2609=ADVANCED_FACE('',(#193),#2552,.F.);
#2610=ADVANCED_FACE('',(#194),#84,.F.);
#2611=ADVANCED_FACE('',(#195),#2553,.F.);
#2612=ADVANCED_FACE('',(#196),#85,.F.);
#2613=ADVANCED_FACE('',(#197),#2554,.F.);
#2614=ADVANCED_FACE('',(#198),#86,.F.);
#2615=ADVANCED_FACE('',(#199,#59),#87,.F.);
#2616=ADVANCED_FACE('',(#200),#88,.T.);
#2617=ADVANCED_FACE('',(#201),#2555,.F.);
#2618=ADVANCED_FACE('',(#202),#89,.T.);
#2619=ADVANCED_FACE('',(#203),#90,.T.);
#2620=ADVANCED_FACE('',(#204),#2556,.F.);
#2621=ADVANCED_FACE('',(#205),#91,.T.);
#2622=ADVANCED_FACE('',(#206),#44,.T.);
#2623=ADVANCED_FACE('',(#207,#60),#92,.F.);
#2624=ADVANCED_FACE('',(#208),#2557,.T.);
#2625=ADVANCED_FACE('',(#209),#45,.T.);
#2626=ADVANCED_FACE('',(#210),#2558,.F.);
#2627=ADVANCED_FACE('',(#211),#93,.T.);
#2628=ADVANCED_FACE('',(#212),#94,.T.);
#2629=ADVANCED_FACE('',(#213),#95,.T.);
#2630=ADVANCED_FACE('',(#214),#2559,.F.);
#2631=ADVANCED_FACE('',(#215),#2560,.F.);
#2632=ADVANCED_FACE('',(#216),#96,.T.);
#2633=ADVANCED_FACE('',(#217),#2561,.F.);
#2634=ADVANCED_FACE('',(#218),#2562,.F.);
#2635=ADVANCED_FACE('',(#219),#2563,.F.);
#2636=ADVANCED_FACE('',(#220),#2564,.F.);
#2637=ADVANCED_FACE('',(#221),#46,.T.);
#2638=ADVANCED_FACE('',(#222,#61),#2565,.T.);
#2639=ADVANCED_FACE('',(#223),#47,.T.);
#2640=ADVANCED_FACE('',(#224,#62),#2566,.T.);
#2641=ADVANCED_FACE('',(#225),#48,.T.);
#2642=ADVANCED_FACE('',(#226,#63),#2567,.T.);
#2643=ADVANCED_FACE('',(#227),#49,.T.);
#2644=ADVANCED_FACE('',(#228,#64),#2568,.T.);
#2645=ADVANCED_FACE('',(#229,#65),#97,.T.);
#2646=ADVANCED_FACE('',(#230),#2569,.T.);
#2647=ADVANCED_FACE('',(#231),#98,.T.);
#2648=ADVANCED_FACE('',(#232),#2570,.T.);
#2649=ADVANCED_FACE('',(#233),#2571,.T.);
#2650=ADVANCED_FACE('',(#234,#66,#67,#68,#69,#70),#99,.T.);
#2651=ADVANCED_FACE('',(#235),#2572,.T.);
#2652=ADVANCED_FACE('',(#236),#100,.T.);
#2653=ADVANCED_FACE('',(#237),#101,.T.);
#2654=ADVANCED_FACE('',(#238),#102,.T.);
#2655=ADVANCED_FACE('',(#239),#103,.T.);
#2656=ADVANCED_FACE('',(#240,#71),#104,.T.);
#2657=ADVANCED_FACE('',(#241),#105,.T.);
#2658=ADVANCED_FACE('',(#242),#106,.T.);
#2659=ADVANCED_FACE('',(#243),#107,.F.);
#2660=ADVANCED_FACE('',(#244),#108,.T.);
#2661=ADVANCED_FACE('',(#245),#109,.T.);
#2662=ADVANCED_FACE('',(#246),#110,.T.);
#2663=ADVANCED_FACE('',(#247),#111,.T.);
#2664=ADVANCED_FACE('',(#248),#112,.T.);
#2665=ADVANCED_FACE('',(#249),#113,.T.);
#2666=ADVANCED_FACE('',(#250),#114,.T.);
#2667=ADVANCED_FACE('',(#251),#115,.T.);
#2668=ADVANCED_FACE('',(#252),#116,.T.);
#2669=ADVANCED_FACE('',(#253),#117,.T.);
#2670=ADVANCED_FACE('',(#254,#72),#118,.F.);
#2671=ADVANCED_FACE('',(#255),#119,.T.);
#2672=ADVANCED_FACE('',(#256),#120,.T.);
#2673=ADVANCED_FACE('',(#257),#121,.T.);
#2674=ADVANCED_FACE('',(#258),#122,.T.);
#2675=ADVANCED_FACE('',(#259),#2573,.T.);
#2676=ADVANCED_FACE('',(#260,#73),#123,.T.);
#2677=ADVANCED_FACE('',(#261),#124,.T.);
#2678=ADVANCED_FACE('',(#262),#2574,.F.);
#2679=ADVANCED_FACE('',(#263),#125,.T.);
#2680=ADVANCED_FACE('',(#264),#2575,.F.);
#2681=ADVANCED_FACE('',(#265),#126,.T.);
#2682=ADVANCED_FACE('',(#266),#2576,.F.);
#2683=ADVANCED_FACE('',(#267),#127,.T.);
#2684=ADVANCED_FACE('',(#268),#2577,.F.);
#2685=ADVANCED_FACE('',(#269),#128,.T.);
#2686=ADVANCED_FACE('',(#270),#2578,.F.);
#2687=ADVANCED_FACE('',(#271),#129,.T.);
#2688=ADVANCED_FACE('',(#272),#2579,.F.);
#2689=ADVANCED_FACE('',(#273),#130,.T.);
#2690=ADVANCED_FACE('',(#274),#2580,.F.);
#2691=ADVANCED_FACE('',(#275),#131,.T.);
#2692=ADVANCED_FACE('',(#276),#2581,.F.);
#2693=ADVANCED_FACE('',(#277),#2582,.T.);
#2694=ADVANCED_FACE('',(#278),#132,.T.);
#2695=ADVANCED_FACE('',(#279),#2583,.T.);
#2696=ADVANCED_FACE('',(#280),#133,.T.);
#2697=ADVANCED_FACE('',(#281),#2584,.T.);
#2698=ADVANCED_FACE('',(#282),#134,.T.);
#2699=ADVANCED_FACE('',(#283),#2585,.T.);
#2700=ADVANCED_FACE('',(#284),#135,.T.);
#2701=ADVANCED_FACE('',(#285,#74),#136,.F.);
#2702=ADVANCED_FACE('',(#286,#75),#137,.T.);
#2703=ADVANCED_FACE('',(#287),#138,.F.);
#2704=ADVANCED_FACE('',(#288),#2586,.T.);
#2705=ADVANCED_FACE('',(#289),#139,.T.);
#2706=ADVANCED_FACE('',(#290),#140,.T.);
#2707=ADVANCED_FACE('',(#291),#141,.T.);
#2708=ADVANCED_FACE('',(#292),#142,.T.);
#2709=ADVANCED_FACE('',(#293),#143,.F.);
#2710=ADVANCED_FACE('',(#294),#2587,.T.);
#2711=ADVANCED_FACE('',(#295),#144,.T.);
#2712=ADVANCED_FACE('',(#296),#145,.T.);
#2713=ADVANCED_FACE('',(#297),#146,.T.);
#2714=ADVANCED_FACE('',(#298),#147,.T.);
#2715=ADVANCED_FACE('',(#299),#148,.F.);
#2716=ADVANCED_FACE('',(#300),#2588,.T.);
#2717=ADVANCED_FACE('',(#301),#149,.T.);
#2718=ADVANCED_FACE('',(#302),#150,.T.);
#2719=ADVANCED_FACE('',(#303),#151,.T.);
#2720=ADVANCED_FACE('',(#304),#152,.T.);
#2721=ADVANCED_FACE('',(#305),#153,.F.);
#2722=ADVANCED_FACE('',(#306),#2589,.T.);
#2723=ADVANCED_FACE('',(#307),#154,.T.);
#2724=ADVANCED_FACE('',(#308),#155,.T.);
#2725=ADVANCED_FACE('',(#309),#156,.T.);
#2726=ADVANCED_FACE('',(#310),#157,.T.);
#2727=ADVANCED_FACE('',(#311),#158,.F.);
#2728=ADVANCED_FACE('',(#312),#2590,.T.);
#2729=ADVANCED_FACE('',(#313),#159,.T.);
#2730=ADVANCED_FACE('',(#314),#160,.T.);
#2731=ADVANCED_FACE('',(#315),#161,.T.);
#2732=ADVANCED_FACE('',(#316),#162,.T.);
#2733=ADVANCED_FACE('',(#317),#163,.F.);
#2734=ADVANCED_FACE('',(#318),#2591,.T.);
#2735=ADVANCED_FACE('',(#319),#164,.T.);
#2736=ADVANCED_FACE('',(#320),#165,.T.);
#2737=ADVANCED_FACE('',(#321),#166,.T.);
#2738=ADVANCED_FACE('',(#322),#167,.T.);
#2739=ADVANCED_FACE('',(#323),#168,.F.);
#2740=ADVANCED_FACE('',(#324),#2592,.T.);
#2741=ADVANCED_FACE('',(#325),#169,.T.);
#2742=ADVANCED_FACE('',(#326),#170,.T.);
#2743=ADVANCED_FACE('',(#327),#171,.T.);
#2744=ADVANCED_FACE('',(#328),#172,.T.);
#2745=ADVANCED_FACE('',(#329),#173,.F.);
#2746=ADVANCED_FACE('',(#330),#2593,.T.);
#2747=ADVANCED_FACE('',(#331),#174,.T.);
#2748=ADVANCED_FACE('',(#332),#175,.T.);
#2749=ADVANCED_FACE('',(#333),#176,.T.);
#2750=ADVANCED_FACE('',(#334),#177,.T.);
#2751=CLOSED_SHELL('',(#2594,#2595,#2596,#2597,#2598,#2599,#2600,#2601,
#2602,#2603,#2604,#2605,#2606,#2607,#2608,#2609,#2610,#2611,#2612,#2613,
#2614,#2615,#2616,#2617,#2618,#2619,#2620,#2621,#2622,#2623,#2624,#2625,
#2626,#2627,#2628,#2629,#2630,#2631,#2632,#2633,#2634,#2635,#2636,#2637,
#2638,#2639,#2640,#2641,#2642,#2643,#2644,#2645,#2646,#2647,#2648,#2649,
#2650,#2651,#2652,#2653,#2654,#2655,#2656,#2657));
#2752=CLOSED_SHELL('',(#2658,#2659,#2660,#2661,#2662,#2663,#2664,#2665,
#2666,#2667,#2668,#2669));
#2753=CLOSED_SHELL('',(#2670,#2671,#2672,#2673,#2674,#2675,#2676));
#2754=CLOSED_SHELL('',(#2677,#2678,#2679,#2680,#2681,#2682,#2683,#2684,
#2685,#2686,#2687,#2688,#2689,#2690,#2691,#2692,#2693,#2694,#2695,#2696,
#2697,#2698,#2699,#2700,#2701,#2702));
#2755=CLOSED_SHELL('',(#2703,#2704,#2705,#2706,#2707,#2708));
#2756=CLOSED_SHELL('',(#2709,#2710,#2711,#2712,#2713,#2714));
#2757=CLOSED_SHELL('',(#2715,#2716,#2717,#2718,#2719,#2720));
#2758=CLOSED_SHELL('',(#2721,#2722,#2723,#2724,#2725,#2726));
#2759=CLOSED_SHELL('',(#2727,#2728,#2729,#2730,#2731,#2732));
#2760=CLOSED_SHELL('',(#2733,#2734,#2735,#2736,#2737,#2738));
#2761=CLOSED_SHELL('',(#2739,#2740,#2741,#2742,#2743,#2744));
#2762=CLOSED_SHELL('',(#2745,#2746,#2747,#2748,#2749,#2750));
#2763=DERIVED_UNIT_ELEMENT(#2765,1.);
#2764=DERIVED_UNIT_ELEMENT(#4765,-3.);
#2765=(
MASS_UNIT()
NAMED_UNIT(*)
SI_UNIT(.KILO.,.GRAM.)
);
#2766=DERIVED_UNIT((#2763,#2764));
#2767=MEASURE_REPRESENTATION_ITEM('density measure',
POSITIVE_RATIO_MEASURE(7850.),#2766);
#2768=PROPERTY_DEFINITION_REPRESENTATION(#2773,#2770);
#2769=PROPERTY_DEFINITION_REPRESENTATION(#2774,#2771);
#2770=REPRESENTATION('material name',(#2772),#4762);
#2771=REPRESENTATION('density',(#2767),#4762);
#2772=DESCRIPTIVE_REPRESENTATION_ITEM('Steel','Steel');
#2773=PROPERTY_DEFINITION('material property','material name',#4772);
#2774=PROPERTY_DEFINITION('material property','density of part',#4772);
#2775=AXIS2_PLACEMENT_3D('',#3838,#3041,#3042);
#2776=AXIS2_PLACEMENT_3D('',#3839,#3043,#3044);
#2777=AXIS2_PLACEMENT_3D('',#3841,#3045,#3046);
#2778=AXIS2_PLACEMENT_3D('',#3844,#3048,#3049);
#2779=AXIS2_PLACEMENT_3D('',#3845,#3050,#3051);
#2780=AXIS2_PLACEMENT_3D('',#3847,#3052,#3053);
#2781=AXIS2_PLACEMENT_3D('',#3850,#3055,#3056);
#2782=AXIS2_PLACEMENT_3D('',#3851,#3057,#3058);
#2783=AXIS2_PLACEMENT_3D('',#3852,#3059,#3060);
#2784=AXIS2_PLACEMENT_3D('',#3853,#3061,#3062);
#2785=AXIS2_PLACEMENT_3D('',#3855,#3063,#3064);
#2786=AXIS2_PLACEMENT_3D('',#3858,#3066,#3067);
#2787=AXIS2_PLACEMENT_3D('',#3859,#3068,#3069);
#2788=AXIS2_PLACEMENT_3D('',#3861,#3070,#3071);
#2789=AXIS2_PLACEMENT_3D('',#3864,#3073,#3074);
#2790=AXIS2_PLACEMENT_3D('',#3865,#3075,#3076);
#2791=AXIS2_PLACEMENT_3D('',#3866,#3077,#3078);
#2792=AXIS2_PLACEMENT_3D('',#3867,#3079,#3080);
#2793=AXIS2_PLACEMENT_3D('',#3876,#3085,#3086);
#2794=AXIS2_PLACEMENT_3D('',#3878,#3087,#3088);
#2795=AXIS2_PLACEMENT_3D('',#3881,#3090,#3091);
#2796=AXIS2_PLACEMENT_3D('',#3882,#3092,#3093);
#2797=AXIS2_PLACEMENT_3D('',#3888,#3097,#3098);
#2798=AXIS2_PLACEMENT_3D('',#3889,#3099,#3100);
#2799=AXIS2_PLACEMENT_3D('',#3890,#3101,#3102);
#2800=AXIS2_PLACEMENT_3D('',#3891,#3103,#3104);
#2801=AXIS2_PLACEMENT_3D('',#3904,#3110,#3111);
#2802=AXIS2_PLACEMENT_3D('',#3907,#3113,#3114);
#2803=AXIS2_PLACEMENT_3D('',#3910,#3115,#3116);
#2804=AXIS2_PLACEMENT_3D('',#3914,#3118,#3119);
#2805=AXIS2_PLACEMENT_3D('',#3920,#3122,#3123);
#2806=AXIS2_PLACEMENT_3D('',#3923,#3125,#3126);
#2807=AXIS2_PLACEMENT_3D('',#3926,#3127,#3128);
#2808=AXIS2_PLACEMENT_3D('',#3930,#3130,#3131);
#2809=AXIS2_PLACEMENT_3D('',#3933,#3133,#3134);
#2810=AXIS2_PLACEMENT_3D('',#3934,#3135,#3136);
#2811=AXIS2_PLACEMENT_3D('',#3937,#3137,#3138);
#2812=AXIS2_PLACEMENT_3D('',#3941,#3140,#3141);
#2813=AXIS2_PLACEMENT_3D('',#3943,#3143,#3144);
#2814=AXIS2_PLACEMENT_3D('',#3949,#3148,#3149);
#2815=AXIS2_PLACEMENT_3D('',#3951,#3150,#3151);
#2816=AXIS2_PLACEMENT_3D('',#3954,#3153,#3154);
#2817=AXIS2_PLACEMENT_3D('',#3955,#3155,#3156);
#2818=AXIS2_PLACEMENT_3D('',#3961,#3160,#3161);
#2819=AXIS2_PLACEMENT_3D('',#3963,#3162,#3163);
#2820=AXIS2_PLACEMENT_3D('',#3966,#3165,#3166);
#2821=AXIS2_PLACEMENT_3D('',#3967,#3167,#3168);
#2822=AXIS2_PLACEMENT_3D('',#3973,#3172,#3173);
#2823=AXIS2_PLACEMENT_3D('',#3975,#3174,#3175);
#2824=AXIS2_PLACEMENT_3D('',#3978,#3177,#3178);
#2825=AXIS2_PLACEMENT_3D('',#3979,#3179,#3180);
#2826=AXIS2_PLACEMENT_3D('',#3982,#3183,#3184);
#2827=AXIS2_PLACEMENT_3D('',#3985,#3185,#3186);
#2828=AXIS2_PLACEMENT_3D('',#3989,#3188,#3189);
#2829=AXIS2_PLACEMENT_3D('',#3993,#3191,#3192);
#2830=AXIS2_PLACEMENT_3D('',#3995,#3193,#3194);
#2831=AXIS2_PLACEMENT_3D('',#3999,#3196,#3197);
#2832=AXIS2_PLACEMENT_3D('',#4003,#3199,#3200);
#2833=AXIS2_PLACEMENT_3D('',#4007,#3202,#3203);
#2834=AXIS2_PLACEMENT_3D('',#4011,#3205,#3206);
#2835=AXIS2_PLACEMENT_3D('',#4015,#3208,#3209);
#2836=AXIS2_PLACEMENT_3D('',#4017,#3211,#3212);
#2837=AXIS2_PLACEMENT_3D('',#4020,#3215,#3216);
#2838=AXIS2_PLACEMENT_3D('',#4022,#3218,#3219);
#2839=AXIS2_PLACEMENT_3D('',#4024,#3221,#3222);
#2840=AXIS2_PLACEMENT_3D('',#4027,#3225,#3226);
#2841=AXIS2_PLACEMENT_3D('',#4029,#3228,#3229);
#2842=AXIS2_PLACEMENT_3D('',#4031,#3231,#3232);
#2843=AXIS2_PLACEMENT_3D('',#4033,#3233,#3234);
#2844=AXIS2_PLACEMENT_3D('',#4035,#3235,#3236);
#2845=AXIS2_PLACEMENT_3D('',#4037,#3237,#3238);
#2846=AXIS2_PLACEMENT_3D('',#4038,#3239,#3240);
#2847=AXIS2_PLACEMENT_3D('',#4039,#3241,#3242);
#2848=AXIS2_PLACEMENT_3D('',#4041,#3243,#3244);
#2849=AXIS2_PLACEMENT_3D('',#4042,#3245,#3246);
#2850=AXIS2_PLACEMENT_3D('',#4048,#3252,#3253);
#2851=AXIS2_PLACEMENT_3D('',#4050,#3254,#3255);
#2852=AXIS2_PLACEMENT_3D('',#4052,#3256,#3257);
#2853=AXIS2_PLACEMENT_3D('',#4053,#3258,#3259);
#2854=AXIS2_PLACEMENT_3D('',#4054,#3260,#3261);
#2855=AXIS2_PLACEMENT_3D('',#4056,#3263,#3264);
#2856=AXIS2_PLACEMENT_3D('',#4058,#3266,#3267);
#2857=AXIS2_PLACEMENT_3D('',#4060,#3269,#3270);
#2858=AXIS2_PLACEMENT_3D('',#4062,#3272,#3273);
#2859=AXIS2_PLACEMENT_3D('',#4064,#3275,#3276);
#2860=AXIS2_PLACEMENT_3D('',#4065,#3277,#3278);
#2861=AXIS2_PLACEMENT_3D('',#4066,#3279,#3280);
#2862=AXIS2_PLACEMENT_3D('',#4107,#3282,#3283);
#2863=AXIS2_PLACEMENT_3D('',#4108,#3284,#3285);
#2864=AXIS2_PLACEMENT_3D('',#4146,#3287,#3288);
#2865=AXIS2_PLACEMENT_3D('',#4147,#3289,#3290);
#2866=AXIS2_PLACEMENT_3D('',#4188,#3292,#3293);
#2867=AXIS2_PLACEMENT_3D('',#4189,#3294,#3295);
#2868=AXIS2_PLACEMENT_3D('',#4230,#3297,#3298);
#2869=AXIS2_PLACEMENT_3D('',#4231,#3299,#3300);
#2870=AXIS2_PLACEMENT_3D('',#4233,#3301,#3302);
#2871=AXIS2_PLACEMENT_3D('',#4235,#3303,#3304);
#2872=AXIS2_PLACEMENT_3D('',#4236,#3305,#3306);
#2873=AXIS2_PLACEMENT_3D('',#4237,#3307,#3308);
#2874=AXIS2_PLACEMENT_3D('',#4239,#3309,#3310);
#2875=AXIS2_PLACEMENT_3D('',#4241,#3312,#3313);
#2876=AXIS2_PLACEMENT_3D('',#4243,#3314,#3315);
#2877=AXIS2_PLACEMENT_3D('',#4244,#3316,#3317);
#2878=AXIS2_PLACEMENT_3D('',#4245,#3318,#3319);
#2879=AXIS2_PLACEMENT_3D('',#4247,#3320,#3321);
#2880=AXIS2_PLACEMENT_3D('',#4249,#3323,#3324);
#2881=AXIS2_PLACEMENT_3D('',#4251,#3325,#3326);
#2882=AXIS2_PLACEMENT_3D('',#4252,#3327,#3328);
#2883=AXIS2_PLACEMENT_3D('',#4253,#3329,#3330);
#2884=AXIS2_PLACEMENT_3D('',#4255,#3331,#3332);
#2885=AXIS2_PLACEMENT_3D('',#4257,#3334,#3335);
#2886=AXIS2_PLACEMENT_3D('',#4259,#3336,#3337);
#2887=AXIS2_PLACEMENT_3D('',#4260,#3338,#3339);
#2888=AXIS2_PLACEMENT_3D('',#4261,#3340,#3341);
#2889=AXIS2_PLACEMENT_3D('',#4263,#3343,#3344);
#2890=AXIS2_PLACEMENT_3D('',#4269,#3348,#3349);
#2891=AXIS2_PLACEMENT_3D('',#4272,#3351,#3352);
#2892=AXIS2_PLACEMENT_3D('',#4273,#3353,#3354);
#2893=AXIS2_PLACEMENT_3D('',#4277,#3357,#3358);
#2894=AXIS2_PLACEMENT_3D('',#4280,#3360,#3361);
#2895=AXIS2_PLACEMENT_3D('',#4281,#3362,#3363);
#2896=AXIS2_PLACEMENT_3D('',#4283,#3364,#3365);
#2897=AXIS2_PLACEMENT_3D('',#4285,#3367,#3368);
#2898=AXIS2_PLACEMENT_3D('',#4289,#3370,#3371);
#2899=AXIS2_PLACEMENT_3D('',#4299,#3377,#3378);
#2900=AXIS2_PLACEMENT_3D('',#4302,#3381,#3382);
#2901=AXIS2_PLACEMENT_3D('',#4303,#3383,#3384);
#2902=AXIS2_PLACEMENT_3D('',#4306,#3387,#3388);
#2903=AXIS2_PLACEMENT_3D('',#4308,#3390,#3391);
#2904=AXIS2_PLACEMENT_3D('',#4310,#3393,#3394);
#2905=AXIS2_PLACEMENT_3D('',#4311,#3395,#3396);
#2906=AXIS2_PLACEMENT_3D('',#4312,#3397,#3398);
#2907=AXIS2_PLACEMENT_3D('',#4333,#3409,#3410);
#2908=AXIS2_PLACEMENT_3D('',#4354,#3421,#3422);
#2909=AXIS2_PLACEMENT_3D('',#4357,#3425,#3426);
#2910=AXIS2_PLACEMENT_3D('',#4359,#3428,#3429);
#2911=AXIS2_PLACEMENT_3D('',#4361,#3431,#3432);
#2912=AXIS2_PLACEMENT_3D('',#4363,#3434,#3435);
#2913=AXIS2_PLACEMENT_3D('',#4365,#3437,#3438);
#2914=AXIS2_PLACEMENT_3D('',#4367,#3440,#3441);
#2915=AXIS2_PLACEMENT_3D('',#4369,#3443,#3444);
#2916=AXIS2_PLACEMENT_3D('',#4371,#3446,#3447);
#2917=AXIS2_PLACEMENT_3D('',#4373,#3449,#3450);
#2918=AXIS2_PLACEMENT_3D('',#4374,#3451,#3452);
#2919=AXIS2_PLACEMENT_3D('',#4376,#3453,#3454);
#2920=AXIS2_PLACEMENT_3D('',#4385,#3459,#3460);
#2921=AXIS2_PLACEMENT_3D('',#4391,#3464,#3465);
#2922=AXIS2_PLACEMENT_3D('',#4395,#3468,#3469);
#2923=AXIS2_PLACEMENT_3D('',#4399,#3472,#3473);
#2924=AXIS2_PLACEMENT_3D('',#4401,#3475,#3476);
#2925=AXIS2_PLACEMENT_3D('',#4403,#3477,#3478);
#2926=AXIS2_PLACEMENT_3D('',#4405,#3480,#3481);
#2927=AXIS2_PLACEMENT_3D('',#4406,#3482,#3483);
#2928=AXIS2_PLACEMENT_3D('',#4415,#3488,#3489);
#2929=AXIS2_PLACEMENT_3D('',#4417,#3490,#3491);
#2930=AXIS2_PLACEMENT_3D('',#4419,#3492,#3493);
#2931=AXIS2_PLACEMENT_3D('',#4421,#3495,#3496);
#2932=AXIS2_PLACEMENT_3D('',#4427,#3500,#3501);
#2933=AXIS2_PLACEMENT_3D('',#4429,#3502,#3503);
#2934=AXIS2_PLACEMENT_3D('',#4431,#3504,#3505);
#2935=AXIS2_PLACEMENT_3D('',#4433,#3507,#3508);
#2936=AXIS2_PLACEMENT_3D('',#4439,#3512,#3513);
#2937=AXIS2_PLACEMENT_3D('',#4441,#3514,#3515);
#2938=AXIS2_PLACEMENT_3D('',#4443,#3516,#3517);
#2939=AXIS2_PLACEMENT_3D('',#4445,#3519,#3520);
#2940=AXIS2_PLACEMENT_3D('',#4451,#3524,#3525);
#2941=AXIS2_PLACEMENT_3D('',#4453,#3526,#3527);
#2942=AXIS2_PLACEMENT_3D('',#4455,#3528,#3529);
#2943=AXIS2_PLACEMENT_3D('',#4457,#3531,#3532);
#2944=AXIS2_PLACEMENT_3D('',#4463,#3536,#3537);
#2945=AXIS2_PLACEMENT_3D('',#4465,#3538,#3539);
#2946=AXIS2_PLACEMENT_3D('',#4467,#3540,#3541);
#2947=AXIS2_PLACEMENT_3D('',#4469,#3543,#3544);
#2948=AXIS2_PLACEMENT_3D('',#4475,#3548,#3549);
#2949=AXIS2_PLACEMENT_3D('',#4477,#3550,#3551);
#2950=AXIS2_PLACEMENT_3D('',#4479,#3552,#3553);
#2951=AXIS2_PLACEMENT_3D('',#4481,#3555,#3556);
#2952=AXIS2_PLACEMENT_3D('',#4487,#3560,#3561);
#2953=AXIS2_PLACEMENT_3D('',#4489,#3562,#3563);
#2954=AXIS2_PLACEMENT_3D('',#4491,#3564,#3565);
#2955=AXIS2_PLACEMENT_3D('',#4493,#3567,#3568);
#2956=AXIS2_PLACEMENT_3D('',#4499,#3572,#3573);
#2957=AXIS2_PLACEMENT_3D('',#4500,#3574,#3575);
#2958=AXIS2_PLACEMENT_3D('',#4501,#3576,#3577);
#2959=AXIS2_PLACEMENT_3D('',#4502,#3578,#3579);
#2960=AXIS2_PLACEMENT_3D('',#4505,#3580,#3581);
#2961=AXIS2_PLACEMENT_3D('',#4509,#3583,#3584);
#2962=AXIS2_PLACEMENT_3D('',#4511,#3586,#3587);
#2963=AXIS2_PLACEMENT_3D('',#4517,#3591,#3592);
#2964=AXIS2_PLACEMENT_3D('',#4519,#3593,#3594);
#2965=AXIS2_PLACEMENT_3D('',#4521,#3595,#3596);
#2966=AXIS2_PLACEMENT_3D('',#4523,#3598,#3599);
#2967=AXIS2_PLACEMENT_3D('',#4529,#3603,#3604);
#2968=AXIS2_PLACEMENT_3D('',#4531,#3605,#3606);
#2969=AXIS2_PLACEMENT_3D('',#4533,#3607,#3608);
#2970=AXIS2_PLACEMENT_3D('',#4535,#3610,#3611);
#2971=AXIS2_PLACEMENT_3D('',#4541,#3615,#3616);
#2972=AXIS2_PLACEMENT_3D('',#4543,#3617,#3618);
#2973=AXIS2_PLACEMENT_3D('',#4545,#3619,#3620);
#2974=AXIS2_PLACEMENT_3D('',#4547,#3622,#3623);
#2975=AXIS2_PLACEMENT_3D('',#4550,#3626,#3627);
#2976=AXIS2_PLACEMENT_3D('',#4551,#3628,#3629);
#2977=AXIS2_PLACEMENT_3D('',#4552,#3630,#3631);
#2978=AXIS2_PLACEMENT_3D('',#4555,#3632,#3633);
#2979=AXIS2_PLACEMENT_3D('',#4561,#3637,#3638);
#2980=AXIS2_PLACEMENT_3D('',#4564,#3639,#3640);
#2981=AXIS2_PLACEMENT_3D('',#4567,#3643,#3644);
#2982=AXIS2_PLACEMENT_3D('',#4573,#3648,#3649);
#2983=AXIS2_PLACEMENT_3D('',#4575,#3651,#3652);
#2984=AXIS2_PLACEMENT_3D('',#4577,#3654,#3655);
#2985=AXIS2_PLACEMENT_3D('',#4578,#3656,#3657);
#2986=AXIS2_PLACEMENT_3D('',#4581,#3658,#3659);
#2987=AXIS2_PLACEMENT_3D('',#4587,#3663,#3664);
#2988=AXIS2_PLACEMENT_3D('',#4590,#3665,#3666);
#2989=AXIS2_PLACEMENT_3D('',#4593,#3669,#3670);
#2990=AXIS2_PLACEMENT_3D('',#4599,#3674,#3675);
#2991=AXIS2_PLACEMENT_3D('',#4601,#3677,#3678);
#2992=AXIS2_PLACEMENT_3D('',#4603,#3680,#3681);
#2993=AXIS2_PLACEMENT_3D('',#4604,#3682,#3683);
#2994=AXIS2_PLACEMENT_3D('',#4607,#3684,#3685);
#2995=AXIS2_PLACEMENT_3D('',#4613,#3689,#3690);
#2996=AXIS2_PLACEMENT_3D('',#4616,#3691,#3692);
#2997=AXIS2_PLACEMENT_3D('',#4619,#3695,#3696);
#2998=AXIS2_PLACEMENT_3D('',#4625,#3700,#3701);
#2999=AXIS2_PLACEMENT_3D('',#4627,#3703,#3704);
#3000=AXIS2_PLACEMENT_3D('',#4629,#3706,#3707);
#3001=AXIS2_PLACEMENT_3D('',#4630,#3708,#3709);
#3002=AXIS2_PLACEMENT_3D('',#4633,#3710,#3711);
#3003=AXIS2_PLACEMENT_3D('',#4639,#3715,#3716);
#3004=AXIS2_PLACEMENT_3D('',#4642,#3717,#3718);
#3005=AXIS2_PLACEMENT_3D('',#4645,#3721,#3722);
#3006=AXIS2_PLACEMENT_3D('',#4651,#3726,#3727);
#3007=AXIS2_PLACEMENT_3D('',#4653,#3729,#3730);
#3008=AXIS2_PLACEMENT_3D('',#4655,#3732,#3733);
#3009=AXIS2_PLACEMENT_3D('',#4656,#3734,#3735);
#3010=AXIS2_PLACEMENT_3D('',#4659,#3736,#3737);
#3011=AXIS2_PLACEMENT_3D('',#4665,#3741,#3742);
#3012=AXIS2_PLACEMENT_3D('',#4668,#3743,#3744);
#3013=AXIS2_PLACEMENT_3D('',#4671,#3747,#3748);
#3014=AXIS2_PLACEMENT_3D('',#4677,#3752,#3753);
#3015=AXIS2_PLACEMENT_3D('',#4679,#3755,#3756);
#3016=AXIS2_PLACEMENT_3D('',#4681,#3758,#3759);
#3017=AXIS2_PLACEMENT_3D('',#4682,#3760,#3761);
#3018=AXIS2_PLACEMENT_3D('',#4685,#3762,#3763);
#3019=AXIS2_PLACEMENT_3D('',#4691,#3767,#3768);
#3020=AXIS2_PLACEMENT_3D('',#4694,#3769,#3770);
#3021=AXIS2_PLACEMENT_3D('',#4697,#3773,#3774);
#3022=AXIS2_PLACEMENT_3D('',#4703,#3778,#3779);
#3023=AXIS2_PLACEMENT_3D('',#4705,#3781,#3782);
#3024=AXIS2_PLACEMENT_3D('',#4707,#3784,#3785);
#3025=AXIS2_PLACEMENT_3D('',#4708,#3786,#3787);
#3026=AXIS2_PLACEMENT_3D('',#4711,#3788,#3789);
#3027=AXIS2_PLACEMENT_3D('',#4717,#3793,#3794);
#3028=AXIS2_PLACEMENT_3D('',#4720,#3795,#3796);
#3029=AXIS2_PLACEMENT_3D('',#4723,#3799,#3800);
#3030=AXIS2_PLACEMENT_3D('',#4729,#3804,#3805);
#3031=AXIS2_PLACEMENT_3D('',#4731,#3807,#3808);
#3032=AXIS2_PLACEMENT_3D('',#4733,#3810,#3811);
#3033=AXIS2_PLACEMENT_3D('',#4734,#3812,#3813);
#3034=AXIS2_PLACEMENT_3D('',#4737,#3814,#3815);
#3035=AXIS2_PLACEMENT_3D('',#4743,#3819,#3820);
#3036=AXIS2_PLACEMENT_3D('',#4746,#3821,#3822);
#3037=AXIS2_PLACEMENT_3D('',#4749,#3825,#3826);
#3038=AXIS2_PLACEMENT_3D('',#4755,#3830,#3831);
#3039=AXIS2_PLACEMENT_3D('',#4757,#3833,#3834);
#3040=AXIS2_PLACEMENT_3D('',#4759,#3836,#3837);
#3041=DIRECTION('axis',(0.,0.,1.));
#3042=DIRECTION('refdir',(1.,0.,0.));
#3043=DIRECTION('center_axis',(0.,1.,0.));
#3044=DIRECTION('ref_axis',(1.,0.,0.));
#3045=DIRECTION('center_axis',(0.,-1.,0.));
#3046=DIRECTION('ref_axis',(1.,0.,0.));
#3047=DIRECTION('',(0.,-1.,0.));
#3048=DIRECTION('center_axis',(0.,1.,0.));
#3049=DIRECTION('ref_axis',(1.,0.,0.));
#3050=DIRECTION('center_axis',(0.,1.,0.));
#3051=DIRECTION('ref_axis',(1.,0.,0.));
#3052=DIRECTION('center_axis',(0.,1.,0.));
#3053=DIRECTION('ref_axis',(1.,0.,0.));
#3054=DIRECTION('',(0.,-1.,0.));
#3055=DIRECTION('center_axis',(0.,-1.,0.));
#3056=DIRECTION('ref_axis',(1.,0.,0.));
#3057=DIRECTION('center_axis',(0.,1.,0.));
#3058=DIRECTION('ref_axis',(1.,0.,0.));
#3059=DIRECTION('center_axis',(0.,1.,0.));
#3060=DIRECTION('ref_axis',(1.,0.,0.));
#3061=DIRECTION('center_axis',(0.,1.,0.));
#3062=DIRECTION('ref_axis',(1.,0.,0.));
#3063=DIRECTION('center_axis',(0.,-1.,0.));
#3064=DIRECTION('ref_axis',(1.,0.,0.));
#3065=DIRECTION('',(0.,-1.,0.));
#3066=DIRECTION('center_axis',(0.,1.,0.));
#3067=DIRECTION('ref_axis',(1.,0.,0.));
#3068=DIRECTION('center_axis',(0.,1.,0.));
#3069=DIRECTION('ref_axis',(1.,0.,0.));
#3070=DIRECTION('center_axis',(0.,1.,0.));
#3071=DIRECTION('ref_axis',(1.,0.,0.));
#3072=DIRECTION('',(0.,-1.,0.));
#3073=DIRECTION('center_axis',(0.,-1.,0.));
#3074=DIRECTION('ref_axis',(1.,0.,0.));
#3075=DIRECTION('center_axis',(0.,1.,0.));
#3076=DIRECTION('ref_axis',(1.,0.,0.));
#3077=DIRECTION('center_axis',(0.,1.,0.));
#3078=DIRECTION('ref_axis',(1.,0.,0.));
#3079=DIRECTION('center_axis',(0.,1.,0.));
#3080=DIRECTION('ref_axis',(-1.,0.,0.));
#3081=DIRECTION('',(0.,0.,-1.));
#3082=DIRECTION('',(1.,0.,-6.76707367390572E-17));
#3083=DIRECTION('',(0.,0.,1.));
#3084=DIRECTION('',(-1.,0.,0.));
#3085=DIRECTION('center_axis',(0.,0.,1.));
#3086=DIRECTION('ref_axis',(0.707106781186549,-0.707106781186546,0.));
#3087=DIRECTION('center_axis',(0.,0.,-1.));
#3088=DIRECTION('ref_axis',(0.707106781186548,0.707106781186548,0.));
#3089=DIRECTION('',(0.,0.,1.));
#3090=DIRECTION('center_axis',(6.76707367390572E-17,0.,1.));
#3091=DIRECTION('ref_axis',(0.707106781186549,-0.707106781186546,0.));
#3092=DIRECTION('center_axis',(0.,-1.,0.));
#3093=DIRECTION('ref_axis',(1.,0.,0.));
#3094=DIRECTION('',(1.,0.,0.));
#3095=DIRECTION('',(0.,0.,-1.));
#3096=DIRECTION('',(-1.,0.,6.76707367390572E-17));
#3097=DIRECTION('center_axis',(0.,0.,1.));
#3098=DIRECTION('ref_axis',(-0.707106781186547,-0.707106781186548,0.));
#3099=DIRECTION('center_axis',(0.,0.,-1.));
#3100=DIRECTION('ref_axis',(-0.707106781186547,-0.707106781186548,0.));
#3101=DIRECTION('center_axis',(6.76707367390572E-17,0.,1.));
#3102=DIRECTION('ref_axis',(-0.707106781186545,0.70710678118655,0.));
#3103=DIRECTION('center_axis',(0.,1.,0.));
#3104=DIRECTION('ref_axis',(1.,0.,0.));
#3105=DIRECTION('',(0.,0.,-1.));
#3106=DIRECTION('',(-1.,0.,0.));
#3107=DIRECTION('',(0.,0.,1.));
#3108=DIRECTION('',(1.,0.,0.));
#3109=DIRECTION('',(0.,0.,-1.));
#3110=DIRECTION('center_axis',(0.,-1.,0.));
#3111=DIRECTION('ref_axis',(1.,0.,0.));
#3112=DIRECTION('',(-1.,0.,0.));
#3113=DIRECTION('center_axis',(0.,1.,0.));
#3114=DIRECTION('ref_axis',(1.,0.,0.));
#3115=DIRECTION('center_axis',(0.,1.,0.));
#3116=DIRECTION('ref_axis',(1.,0.,0.));
#3117=DIRECTION('',(1.,0.,0.));
#3118=DIRECTION('center_axis',(0.,-1.,0.));
#3119=DIRECTION('ref_axis',(1.,0.,0.));
#3120=DIRECTION('',(0.,0.,-1.));
#3121=DIRECTION('',(1.,0.,0.));
#3122=DIRECTION('center_axis',(0.,1.,0.));
#3123=DIRECTION('ref_axis',(1.,0.,0.));
#3124=DIRECTION('',(0.,0.,1.));
#3125=DIRECTION('center_axis',(0.,-1.,0.));
#3126=DIRECTION('ref_axis',(1.,0.,0.));
#3127=DIRECTION('center_axis',(0.,-1.,0.));
#3128=DIRECTION('ref_axis',(1.,0.,0.));
#3129=DIRECTION('',(0.,0.,1.));
#3130=DIRECTION('center_axis',(0.,1.,0.));
#3131=DIRECTION('ref_axis',(1.,0.,0.));
#3132=DIRECTION('',(-1.,0.,0.));
#3133=DIRECTION('center_axis',(0.,1.,0.));
#3134=DIRECTION('ref_axis',(1.,0.,0.));
#3135=DIRECTION('center_axis',(0.,1.,0.));
#3136=DIRECTION('ref_axis',(0.707106781186548,0.,-0.707106781186548));
#3137=DIRECTION('center_axis',(0.,1.,0.));
#3138=DIRECTION('ref_axis',(0.707106781186548,0.,-0.707106781186548));
#3139=DIRECTION('',(0.,1.,0.));
#3140=DIRECTION('center_axis',(0.,1.,0.));
#3141=DIRECTION('ref_axis',(0.707106781186548,0.,-0.707106781186548));
#3142=DIRECTION('',(0.,1.,0.));
#3143=DIRECTION('center_axis',(1.,0.,0.));
#3144=DIRECTION('ref_axis',(0.,0.,-1.));
#3145=DIRECTION('',(0.,0.,-1.));
#3146=DIRECTION('',(0.,1.,0.));
#3147=DIRECTION('',(0.,0.,-1.));
#3148=DIRECTION('center_axis',(0.,1.,0.));
#3149=DIRECTION('ref_axis',(0.707106781186548,0.,0.707106781186548));
#3150=DIRECTION('center_axis',(0.,1.,0.));
#3151=DIRECTION('ref_axis',(0.707106781186548,0.,0.707106781186548));
#3152=DIRECTION('',(0.,1.,0.));
#3153=DIRECTION('center_axis',(0.,1.,0.));
#3154=DIRECTION('ref_axis',(0.707106781186548,0.,0.707106781186548));
#3155=DIRECTION('center_axis',(6.76707367390572E-17,0.,1.));
#3156=DIRECTION('ref_axis',(1.,0.,-6.76707367390572E-17));
#3157=DIRECTION('',(1.,0.,-6.76707367390572E-17));
#3158=DIRECTION('',(0.,1.,0.));
#3159=DIRECTION('',(1.,0.,-6.76707367390572E-17));
#3160=DIRECTION('center_axis',(0.,1.,0.));
#3161=DIRECTION('ref_axis',(-0.707106781186548,0.,0.707106781186547));
#3162=DIRECTION('center_axis',(0.,1.,0.));
#3163=DIRECTION('ref_axis',(-0.707106781186548,0.,0.707106781186547));
#3164=DIRECTION('',(0.,1.,0.));
#3165=DIRECTION('center_axis',(0.,1.,0.));
#3166=DIRECTION('ref_axis',(-0.707106781186548,0.,0.707106781186547));
#3167=DIRECTION('center_axis',(-1.,0.,0.));
#3168=DIRECTION('ref_axis',(0.,0.,1.));
#3169=DIRECTION('',(0.,0.,1.));
#3170=DIRECTION('',(0.,1.,0.));
#3171=DIRECTION('',(0.,0.,1.));
#3172=DIRECTION('center_axis',(0.,1.,0.));
#3173=DIRECTION('ref_axis',(-0.707106781186547,0.,-0.707106781186548));
#3174=DIRECTION('center_axis',(0.,1.,0.));
#3175=DIRECTION('ref_axis',(-0.707106781186547,0.,-0.707106781186548));
#3176=DIRECTION('',(0.,1.,0.));
#3177=DIRECTION('center_axis',(0.,1.,0.));
#3178=DIRECTION('ref_axis',(-0.707106781186547,0.,-0.707106781186548));
#3179=DIRECTION('center_axis',(0.,0.,-1.));
#3180=DIRECTION('ref_axis',(-1.,0.,0.));
#3181=DIRECTION('',(-1.,0.,0.));
#3182=DIRECTION('',(-1.,0.,0.));
#3183=DIRECTION('center_axis',(0.,1.,0.));
#3184=DIRECTION('ref_axis',(1.,0.,0.));
#3185=DIRECTION('center_axis',(0.,-1.,0.));
#3186=DIRECTION('ref_axis',(1.,0.,0.));
#3187=DIRECTION('',(0.,0.,1.));
#3188=DIRECTION('center_axis',(0.,-1.,0.));
#3189=DIRECTION('ref_axis',(1.,0.,0.));
#3190=DIRECTION('',(-1.,0.,0.));
#3191=DIRECTION('center_axis',(0.,-1.,0.));
#3192=DIRECTION('ref_axis',(1.,0.,0.));
#3193=DIRECTION('center_axis',(0.,-1.,0.));
#3194=DIRECTION('ref_axis',(1.,0.,0.));
#3195=DIRECTION('',(1.,0.,0.));
#3196=DIRECTION('center_axis',(0.,-1.,0.));
#3197=DIRECTION('ref_axis',(1.,0.,0.));
#3198=DIRECTION('',(0.,0.,1.));
#3199=DIRECTION('center_axis',(0.,-1.,0.));
#3200=DIRECTION('ref_axis',(1.,0.,0.));
#3201=DIRECTION('',(0.,0.,-1.));
#3202=DIRECTION('center_axis',(0.,-1.,0.));
#3203=DIRECTION('ref_axis',(1.,0.,0.));
#3204=DIRECTION('',(1.,0.,0.));
#3205=DIRECTION('center_axis',(0.,-1.,0.));
#3206=DIRECTION('ref_axis',(1.,0.,0.));
#3207=DIRECTION('',(-1.,0.,0.));
#3208=DIRECTION('center_axis',(0.,-1.,0.));
#3209=DIRECTION('ref_axis',(1.,0.,0.));
#3210=DIRECTION('',(0.,0.,-1.));
#3211=DIRECTION('center_axis',(-1.,0.,0.));
#3212=DIRECTION('ref_axis',(0.,0.,1.));
#3213=DIRECTION('',(0.,-1.,0.));
#3214=DIRECTION('',(0.,1.,0.));
#3215=DIRECTION('center_axis',(0.,1.,0.));
#3216=DIRECTION('ref_axis',(1.,0.,0.));
#3217=DIRECTION('',(0.,1.,0.));
#3218=DIRECTION('center_axis',(0.,0.,1.));
#3219=DIRECTION('ref_axis',(1.,0.,0.));
#3220=DIRECTION('',(0.,-1.,0.));
#3221=DIRECTION('center_axis',(0.,0.,-1.));
#3222=DIRECTION('ref_axis',(-1.,0.,0.));
#3223=DIRECTION('',(0.,-1.,0.));
#3224=DIRECTION('',(0.,1.,0.));
#3225=DIRECTION('center_axis',(0.,1.,0.));
#3226=DIRECTION('ref_axis',(1.,0.,0.));
#3227=DIRECTION('',(0.,1.,0.));
#3228=DIRECTION('center_axis',(-1.,0.,0.));
#3229=DIRECTION('ref_axis',(0.,0.,1.));
#3230=DIRECTION('',(0.,-1.,0.));
#3231=DIRECTION('center_axis',(0.,-1.,0.));
#3232=DIRECTION('ref_axis',(0.,0.,-1.));
#3233=DIRECTION('center_axis',(0.,1.,0.));
#3234=DIRECTION('ref_axis',(1.,0.,0.));
#3235=DIRECTION('center_axis',(-1.,0.,0.));
#3236=DIRECTION('ref_axis',(0.,0.,1.));
#3237=DIRECTION('center_axis',(0.,-1.,0.));
#3238=DIRECTION('ref_axis',(1.,0.,0.));
#3239=DIRECTION('center_axis',(0.,-1.,0.));
#3240=DIRECTION('ref_axis',(1.,0.,0.));
#3241=DIRECTION('center_axis',(0.,1.,0.));
#3242=DIRECTION('ref_axis',(1.,0.,0.));
#3243=DIRECTION('center_axis',(0.,-1.,0.));
#3244=DIRECTION('ref_axis',(1.,0.,0.));
#3245=DIRECTION('center_axis',(0.,1.,0.));
#3246=DIRECTION('ref_axis',(1.,0.,0.));
#3247=DIRECTION('',(0.,1.,0.));
#3248=DIRECTION('',(0.,1.,0.));
#3249=DIRECTION('',(0.,-1.,0.));
#3250=DIRECTION('',(0.,1.,0.));
#3251=DIRECTION('',(0.,-1.,0.));
#3252=DIRECTION('center_axis',(0.,1.,0.));
#3253=DIRECTION('ref_axis',(0.,0.,1.));
#3254=DIRECTION('center_axis',(-1.,0.,0.));
#3255=DIRECTION('ref_axis',(0.,0.,-1.));
#3256=DIRECTION('center_axis',(0.,1.,0.));
#3257=DIRECTION('ref_axis',(1.,0.,0.));
#3258=DIRECTION('center_axis',(0.,1.,0.));
#3259=DIRECTION('ref_axis',(1.,0.,0.));
#3260=DIRECTION('center_axis',(0.,1.,0.));
#3261=DIRECTION('ref_axis',(1.,0.,0.));
#3262=DIRECTION('',(0.,1.,0.));
#3263=DIRECTION('center_axis',(0.,0.,1.));
#3264=DIRECTION('ref_axis',(1.,0.,0.));
#3265=DIRECTION('',(0.,-1.,0.));
#3266=DIRECTION('center_axis',(1.,0.,0.));
#3267=DIRECTION('ref_axis',(0.,0.,-1.));
#3268=DIRECTION('',(0.,1.,0.));
#3269=DIRECTION('center_axis',(1.,0.,0.));
#3270=DIRECTION('ref_axis',(0.,0.,-1.));
#3271=DIRECTION('',(0.,-1.,0.));
#3272=DIRECTION('center_axis',(0.,1.,0.));
#3273=DIRECTION('ref_axis',(1.,0.,0.));
#3274=DIRECTION('',(0.,1.,0.));
#3275=DIRECTION('center_axis',(0.,1.,0.));
#3276=DIRECTION('ref_axis',(1.,0.,0.));
#3277=DIRECTION('center_axis',(0.,0.,-1.));
#3278=DIRECTION('ref_axis',(-1.,0.,0.));
#3279=DIRECTION('center_axis',(0.,1.,0.));
#3280=DIRECTION('ref_axis',(1.,0.,0.));
#3281=DIRECTION('',(0.,1.,0.));
#3282=DIRECTION('center_axis',(0.,-1.,0.));
#3283=DIRECTION('ref_axis',(1.,0.,0.));
#3284=DIRECTION('center_axis',(0.,1.,0.));
#3285=DIRECTION('ref_axis',(1.,0.,0.));
#3286=DIRECTION('',(0.,1.,0.));
#3287=DIRECTION('center_axis',(0.,-1.,0.));
#3288=DIRECTION('ref_axis',(1.,0.,0.));
#3289=DIRECTION('center_axis',(0.,1.,0.));
#3290=DIRECTION('ref_axis',(1.,0.,0.));
#3291=DIRECTION('',(0.,1.,0.));
#3292=DIRECTION('center_axis',(0.,-1.,0.));
#3293=DIRECTION('ref_axis',(1.,0.,0.));
#3294=DIRECTION('center_axis',(0.,1.,0.));
#3295=DIRECTION('ref_axis',(1.,0.,0.));
#3296=DIRECTION('',(0.,1.,0.));
#3297=DIRECTION('center_axis',(0.,-1.,0.));
#3298=DIRECTION('ref_axis',(1.,0.,0.));
#3299=DIRECTION('center_axis',(0.,1.,0.));
#3300=DIRECTION('ref_axis',(0.,0.,1.));
#3301=DIRECTION('center_axis',(0.,0.,-1.));
#3302=DIRECTION('ref_axis',(1.,0.,0.));
#3303=DIRECTION('center_axis',(1.,0.,0.));
#3304=DIRECTION('ref_axis',(0.,-1.,0.));
#3305=DIRECTION('center_axis',(0.,-1.,0.));
#3306=DIRECTION('ref_axis',(0.707106781186547,0.,-0.707106781186547));
#3307=DIRECTION('center_axis',(1.,0.,0.));
#3308=DIRECTION('ref_axis',(0.,-0.707106781186547,-0.707106781186548));
#3309=DIRECTION('center_axis',(1.,0.,0.));
#3310=DIRECTION('ref_axis',(0.,-1.,0.));
#3311=DIRECTION('',(1.,0.,0.));
#3312=DIRECTION('center_axis',(0.,1.,0.));
#3313=DIRECTION('ref_axis',(0.,0.,1.));
#3314=DIRECTION('center_axis',(0.,0.,-1.));
#3315=DIRECTION('ref_axis',(0.,-1.,0.));
#3316=DIRECTION('center_axis',(0.,-1.,0.));
#3317=DIRECTION('ref_axis',(-0.707106781186547,0.,-0.707106781186548));
#3318=DIRECTION('center_axis',(0.,0.,-1.));
#3319=DIRECTION('ref_axis',(-0.707106781186548,-0.707106781186547,0.));
#3320=DIRECTION('center_axis',(-5.55111512312578E-16,0.,-1.));
#3321=DIRECTION('ref_axis',(0.,-1.,0.));
#3322=DIRECTION('',(0.,0.,-1.));
#3323=DIRECTION('center_axis',(0.,1.,0.));
#3324=DIRECTION('ref_axis',(0.,0.,1.));
#3325=DIRECTION('center_axis',(-1.,0.,0.));
#3326=DIRECTION('ref_axis',(0.,-1.,0.));
#3327=DIRECTION('center_axis',(0.,-1.,0.));
#3328=DIRECTION('ref_axis',(-0.707106781186548,0.,0.707106781186547));
#3329=DIRECTION('center_axis',(-1.,0.,6.76707367390572E-17));
#3330=DIRECTION('ref_axis',(0.,-0.707106781186548,0.707106781186547));
#3331=DIRECTION('center_axis',(-1.,0.,2.77555756156289E-16));
#3332=DIRECTION('ref_axis',(0.,-1.,0.));
#3333=DIRECTION('',(-1.,0.,6.76707367390572E-17));
#3334=DIRECTION('center_axis',(0.,1.,0.));
#3335=DIRECTION('ref_axis',(0.,0.,1.));
#3336=DIRECTION('center_axis',(-6.93889390390723E-17,0.,1.));
#3337=DIRECTION('ref_axis',(0.,-1.,0.));
#3338=DIRECTION('center_axis',(0.,-1.,0.));
#3339=DIRECTION('ref_axis',(0.707106781186547,0.,0.707106781186548));
#3340=DIRECTION('center_axis',(0.,0.,1.));
#3341=DIRECTION('ref_axis',(0.707106781186548,-0.707106781186547,0.));
#3342=DIRECTION('',(0.,0.,1.));
#3343=DIRECTION('center_axis',(6.76707367390572E-17,0.,1.));
#3344=DIRECTION('ref_axis',(1.,0.,-6.76707367390572E-17));
#3345=DIRECTION('',(0.,-1.,0.));
#3346=DIRECTION('',(1.,0.,-6.76707367390572E-17));
#3347=DIRECTION('',(0.,1.,0.));
#3348=DIRECTION('center_axis',(0.,1.,0.));
#3349=DIRECTION('ref_axis',(0.707106781186548,0.,0.707106781186547));
#3350=DIRECTION('',(0.,1.,0.));
#3351=DIRECTION('center_axis',(0.,-1.,0.));
#3352=DIRECTION('ref_axis',(0.707106781186548,0.,0.707106781186547));
#3353=DIRECTION('center_axis',(1.,0.,0.));
#3354=DIRECTION('ref_axis',(0.,0.,-1.));
#3355=DIRECTION('',(0.,-1.,0.));
#3356=DIRECTION('',(0.,0.,-1.));
#3357=DIRECTION('center_axis',(0.,1.,0.));
#3358=DIRECTION('ref_axis',(0.707106781186547,0.,-0.707106781186547));
#3359=DIRECTION('',(0.,1.,0.));
#3360=DIRECTION('center_axis',(0.,-1.,0.));
#3361=DIRECTION('ref_axis',(0.707106781186547,0.,-0.707106781186547));
#3362=DIRECTION('center_axis',(0.,1.,0.));
#3363=DIRECTION('ref_axis',(-0.707106781186548,0.,0.707106781186547));
#3364=DIRECTION('center_axis',(0.,-1.,0.));
#3365=DIRECTION('ref_axis',(-0.707106781186548,0.,0.707106781186547));
#3366=DIRECTION('',(0.,-1.,0.));
#3367=DIRECTION('center_axis',(0.,1.,0.));
#3368=DIRECTION('ref_axis',(0.,0.,1.));
#3369=DIRECTION('',(-1.,0.,0.));
#3370=DIRECTION('center_axis',(0.,-1.,0.));
#3371=DIRECTION('ref_axis',(-0.707106781186547,0.,-0.707106781186547));
#3372=DIRECTION('',(0.,0.,1.));
#3373=DIRECTION('',(-1.,0.,0.));
#3374=DIRECTION('',(0.,0.,-1.));
#3375=DIRECTION('',(1.,0.,0.));
#3376=DIRECTION('',(0.,0.,1.));
#3377=DIRECTION('center_axis',(0.,1.,0.));
#3378=DIRECTION('ref_axis',(-0.707106781186547,0.,-0.707106781186547));
#3379=DIRECTION('',(0.,1.,0.));
#3380=DIRECTION('',(0.,-1.,0.));
#3381=DIRECTION('center_axis',(0.,0.,-1.));
#3382=DIRECTION('ref_axis',(-1.,0.,0.));
#3383=DIRECTION('center_axis',(0.,0.,1.));
#3384=DIRECTION('ref_axis',(1.,0.,0.));
#3385=DIRECTION('',(0.,1.,0.));
#3386=DIRECTION('',(0.,1.,0.));
#3387=DIRECTION('center_axis',(-1.,0.,0.));
#3388=DIRECTION('ref_axis',(0.,0.,1.));
#3389=DIRECTION('',(0.,1.,0.));
#3390=DIRECTION('center_axis',(1.,0.,0.));
#3391=DIRECTION('ref_axis',(0.,0.,-1.));
#3392=DIRECTION('',(0.,1.,0.));
#3393=DIRECTION('center_axis',(0.,0.,-1.));
#3394=DIRECTION('ref_axis',(-1.,0.,0.));
#3395=DIRECTION('center_axis',(-1.,0.,0.));
#3396=DIRECTION('ref_axis',(0.,0.,1.));
#3397=DIRECTION('center_axis',(0.,0.,-1.));
#3398=DIRECTION('ref_axis',(-1.,0.,0.));
#3399=DIRECTION('',(-0.0712470687308363,-0.997458698491954,0.));
#3400=DIRECTION('',(0.985228962405354,-0.171242201684251,0.));
#3401=DIRECTION('',(-0.938487696076344,-0.345312676154983,0.));
#3402=DIRECTION('',(-0.0892553688059179,-0.996008774629681,0.));
#3403=DIRECTION('',(-0.439210132004943,0.898384360919201,0.));
#3404=DIRECTION('',(-0.946491450037688,-0.322728887776653,0.));
#3405=DIRECTION('',(0.657246551912132,0.753675639781208,0.));
#3406=DIRECTION('',(-0.447214420058621,0.894426778720109,0.));
#3407=DIRECTION('',(0.995153346453197,-0.0983352278840273,0.));
#3408=DIRECTION('',(0.666076848506206,0.745883122133784,0.));
#3409=DIRECTION('center_axis',(0.,0.,-1.));
#3410=DIRECTION('ref_axis',(-1.,0.,0.));
#3411=DIRECTION('',(-0.0712470687308363,-0.997458698491954,0.));
#3412=DIRECTION('',(0.666076848506206,0.745883122133784,0.));
#3413=DIRECTION('',(0.995153346453197,-0.0983352278840273,0.));
#3414=DIRECTION('',(-0.447214420058621,0.894426778720109,0.));
#3415=DIRECTION('',(0.657246551912132,0.753675639781208,0.));
#3416=DIRECTION('',(-0.946491450037688,-0.322728887776653,0.));
#3417=DIRECTION('',(-0.439210132004943,0.898384360919201,0.));
#3418=DIRECTION('',(-0.0892553688059179,-0.996008774629681,0.));
#3419=DIRECTION('',(-0.938487696076344,-0.345312676154983,0.));
#3420=DIRECTION('',(0.985228962405354,-0.171242201684251,0.));
#3421=DIRECTION('center_axis',(-0.753675639781208,0.657246551912132,0.));
#3422=DIRECTION('ref_axis',(-0.657246551912132,-0.753675639781208,0.));
#3423=DIRECTION('',(0.,0.,1.));
#3424=DIRECTION('',(0.,0.,1.));
#3425=DIRECTION('center_axis',(-0.894426778720109,-0.447214420058621,0.));
#3426=DIRECTION('ref_axis',(0.447214420058621,-0.894426778720109,0.));
#3427=DIRECTION('',(0.,0.,1.));
#3428=DIRECTION('center_axis',(0.0983352278840273,0.995153346453197,0.));
#3429=DIRECTION('ref_axis',(-0.995153346453197,0.0983352278840273,0.));
#3430=DIRECTION('',(0.,0.,1.));
#3431=DIRECTION('center_axis',(-0.745883122133784,0.666076848506206,0.));
#3432=DIRECTION('ref_axis',(-0.666076848506206,-0.745883122133784,0.));
#3433=DIRECTION('',(0.,0.,1.));
#3434=DIRECTION('center_axis',(0.997458698491954,-0.0712470687308363,0.));
#3435=DIRECTION('ref_axis',(0.0712470687308363,0.997458698491954,0.));
#3436=DIRECTION('',(0.,0.,-1.));
#3437=DIRECTION('center_axis',(0.171242201684251,0.985228962405354,0.));
#3438=DIRECTION('ref_axis',(-0.985228962405354,0.171242201684251,0.));
#3439=DIRECTION('',(0.,0.,1.));
#3440=DIRECTION('center_axis',(0.345312676154983,-0.938487696076344,0.));
#3441=DIRECTION('ref_axis',(0.938487696076344,0.345312676154983,0.));
#3442=DIRECTION('',(0.,0.,1.));
#3443=DIRECTION('center_axis',(0.996008774629682,-0.0892553688059179,0.));
#3444=DIRECTION('ref_axis',(0.0892553688059179,0.996008774629681,0.));
#3445=DIRECTION('',(0.,0.,1.));
#3446=DIRECTION('center_axis',(-0.898384360919201,-0.439210132004943,0.));
#3447=DIRECTION('ref_axis',(0.439210132004943,-0.898384360919201,0.));
#3448=DIRECTION('',(0.,0.,1.));
#3449=DIRECTION('center_axis',(0.322728887776653,-0.946491450037688,0.));
#3450=DIRECTION('ref_axis',(0.946491450037688,0.322728887776653,0.));
#3451=DIRECTION('center_axis',(0.,1.,0.));
#3452=DIRECTION('ref_axis',(1.,0.,0.));
#3453=DIRECTION('center_axis',(0.,1.,0.));
#3454=DIRECTION('ref_axis',(1.,0.,0.));
#3455=DIRECTION('',(0.,0.,1.));
#3456=DIRECTION('',(1.,0.,0.));
#3457=DIRECTION('',(0.,0.,-1.));
#3458=DIRECTION('',(-1.,0.,0.));
#3459=DIRECTION('center_axis',(0.,0.,-1.));
#3460=DIRECTION('ref_axis',(-1.,0.,0.));
#3461=DIRECTION('',(0.,1.,0.));
#3462=DIRECTION('',(-1.,0.,0.));
#3463=DIRECTION('',(0.,1.,0.));
#3464=DIRECTION('center_axis',(1.,0.,0.));
#3465=DIRECTION('ref_axis',(0.,0.,-1.));
#3466=DIRECTION('',(0.,1.,0.));
#3467=DIRECTION('',(0.,0.,-1.));
#3468=DIRECTION('center_axis',(0.,0.,1.));
#3469=DIRECTION('ref_axis',(1.,0.,0.));
#3470=DIRECTION('',(0.,1.,0.));
#3471=DIRECTION('',(1.,0.,0.));
#3472=DIRECTION('center_axis',(-1.,0.,0.));
#3473=DIRECTION('ref_axis',(0.,0.,1.));
#3474=DIRECTION('',(0.,0.,1.));
#3475=DIRECTION('center_axis',(0.,1.,0.));
#3476=DIRECTION('ref_axis',(1.,0.,0.));
#3477=DIRECTION('center_axis',(0.,1.,0.));
#3478=DIRECTION('ref_axis',(1.,0.,0.));
#3479=DIRECTION('',(0.,-1.,0.));
#3480=DIRECTION('center_axis',(0.,1.,0.));
#3481=DIRECTION('ref_axis',(1.,0.,0.));
#3482=DIRECTION('center_axis',(1.,0.,0.));
#3483=DIRECTION('ref_axis',(0.,0.,1.));
#3484=DIRECTION('',(0.,0.,-1.));
#3485=DIRECTION('',(0.,-1.,0.));
#3486=DIRECTION('',(0.,0.,1.));
#3487=DIRECTION('',(0.,-1.,0.));
#3488=DIRECTION('center_axis',(0.,-1.,0.));
#3489=DIRECTION('ref_axis',(1.,0.,0.));
#3490=DIRECTION('center_axis',(0.,-1.,0.));
#3491=DIRECTION('ref_axis',(1.,0.,0.));
#3492=DIRECTION('center_axis',(0.,1.,0.));
#3493=DIRECTION('ref_axis',(1.,0.,0.));
#3494=DIRECTION('',(0.,-1.,0.));
#3495=DIRECTION('center_axis',(0.,0.,-1.));
#3496=DIRECTION('ref_axis',(1.,0.,0.));
#3497=DIRECTION('',(-1.,0.,0.));
#3498=DIRECTION('',(1.,0.,0.));
#3499=DIRECTION('',(0.,-1.,0.));
#3500=DIRECTION('center_axis',(0.,-1.,0.));
#3501=DIRECTION('ref_axis',(1.,0.,0.));
#3502=DIRECTION('center_axis',(0.,-1.,0.));
#3503=DIRECTION('ref_axis',(1.,0.,0.));
#3504=DIRECTION('center_axis',(0.,1.,0.));
#3505=DIRECTION('ref_axis',(1.,0.,0.));
#3506=DIRECTION('',(0.,-1.,0.));
#3507=DIRECTION('center_axis',(0.,0.,1.));
#3508=DIRECTION('ref_axis',(-1.,0.,0.));
#3509=DIRECTION('',(1.,0.,0.));
#3510=DIRECTION('',(-1.,0.,0.));
#3511=DIRECTION('',(0.,-1.,0.));
#3512=DIRECTION('center_axis',(0.,-1.,0.));
#3513=DIRECTION('ref_axis',(1.,0.,0.));
#3514=DIRECTION('center_axis',(0.,-1.,0.));
#3515=DIRECTION('ref_axis',(1.,0.,0.));
#3516=DIRECTION('center_axis',(0.,1.,0.));
#3517=DIRECTION('ref_axis',(1.,0.,0.));
#3518=DIRECTION('',(0.,-1.,0.));
#3519=DIRECTION('center_axis',(1.,0.,0.));
#3520=DIRECTION('ref_axis',(0.,0.,1.));
#3521=DIRECTION('',(0.,0.,-1.));
#3522=DIRECTION('',(0.,0.,1.));
#3523=DIRECTION('',(0.,-1.,0.));
#3524=DIRECTION('center_axis',(0.,-1.,0.));
#3525=DIRECTION('ref_axis',(1.,0.,0.));
#3526=DIRECTION('center_axis',(0.,-1.,0.));
#3527=DIRECTION('ref_axis',(1.,0.,0.));
#3528=DIRECTION('center_axis',(0.,1.,0.));
#3529=DIRECTION('ref_axis',(1.,0.,0.));
#3530=DIRECTION('',(0.,-1.,0.));
#3531=DIRECTION('center_axis',(-1.,0.,0.));
#3532=DIRECTION('ref_axis',(0.,0.,-1.));
#3533=DIRECTION('',(0.,0.,1.));
#3534=DIRECTION('',(0.,0.,-1.));
#3535=DIRECTION('',(0.,-1.,0.));
#3536=DIRECTION('center_axis',(0.,-1.,0.));
#3537=DIRECTION('ref_axis',(1.,0.,0.));
#3538=DIRECTION('center_axis',(0.,-1.,0.));
#3539=DIRECTION('ref_axis',(1.,0.,0.));
#3540=DIRECTION('center_axis',(0.,1.,0.));
#3541=DIRECTION('ref_axis',(1.,0.,0.));
#3542=DIRECTION('',(0.,-1.,0.));
#3543=DIRECTION('center_axis',(0.,0.,1.));
#3544=DIRECTION('ref_axis',(-1.,0.,0.));
#3545=DIRECTION('',(1.,0.,0.));
#3546=DIRECTION('',(-1.,0.,0.));
#3547=DIRECTION('',(0.,-1.,0.));
#3548=DIRECTION('center_axis',(0.,-1.,0.));
#3549=DIRECTION('ref_axis',(-0.999958494133157,0.,0.00911098298478827));
#3550=DIRECTION('center_axis',(0.,-1.,0.));
#3551=DIRECTION('ref_axis',(1.,0.,0.));
#3552=DIRECTION('center_axis',(0.,1.,0.));
#3553=DIRECTION('ref_axis',(1.,0.,0.));
#3554=DIRECTION('',(0.,-1.,0.));
#3555=DIRECTION('center_axis',(0.,0.,-1.));
#3556=DIRECTION('ref_axis',(1.,0.,0.));
#3557=DIRECTION('',(-1.,0.,0.));
#3558=DIRECTION('',(1.,0.,0.));
#3559=DIRECTION('',(0.,-1.,0.));
#3560=DIRECTION('center_axis',(0.,-1.,0.));
#3561=DIRECTION('ref_axis',(1.,0.,0.));
#3562=DIRECTION('center_axis',(0.,-1.,0.));
#3563=DIRECTION('ref_axis',(1.,0.,0.));
#3564=DIRECTION('center_axis',(0.,1.,0.));
#3565=DIRECTION('ref_axis',(1.,0.,0.));
#3566=DIRECTION('',(0.,-1.,0.));
#3567=DIRECTION('center_axis',(-1.,0.,0.));
#3568=DIRECTION('ref_axis',(0.,0.,-1.));
#3569=DIRECTION('',(0.,0.,1.));
#3570=DIRECTION('',(0.,0.,-1.));
#3571=DIRECTION('',(0.,-1.,0.));
#3572=DIRECTION('center_axis',(0.,-1.,0.));
#3573=DIRECTION('ref_axis',(1.,0.,0.));
#3574=DIRECTION('center_axis',(0.,-1.,0.));
#3575=DIRECTION('ref_axis',(1.,0.,0.));
#3576=DIRECTION('center_axis',(0.,1.,0.));
#3577=DIRECTION('ref_axis',(1.,0.,0.));
#3578=DIRECTION('center_axis',(0.,-1.,0.));
#3579=DIRECTION('ref_axis',(-0.707106781186547,0.,-0.707106781186548));
#3580=DIRECTION('center_axis',(0.,1.,0.));
#3581=DIRECTION('ref_axis',(-0.707106781186547,0.,-0.707106781186548));
#3582=DIRECTION('',(0.,-1.,0.));
#3583=DIRECTION('center_axis',(0.,-1.,0.));
#3584=DIRECTION('ref_axis',(-0.707106781186547,0.,-0.707106781186548));
#3585=DIRECTION('',(0.,-1.,0.));
#3586=DIRECTION('center_axis',(-1.,0.,0.));
#3587=DIRECTION('ref_axis',(0.,0.,-1.));
#3588=DIRECTION('',(0.,0.,1.));
#3589=DIRECTION('',(0.,0.,-1.));
#3590=DIRECTION('',(0.,-1.,0.));
#3591=DIRECTION('center_axis',(0.,-1.,0.));
#3592=DIRECTION('ref_axis',(-0.707106781186548,0.,0.707106781186547));
#3593=DIRECTION('center_axis',(0.,1.,0.));
#3594=DIRECTION('ref_axis',(-0.707106781186548,0.,0.707106781186547));
#3595=DIRECTION('center_axis',(0.,-1.,0.));
#3596=DIRECTION('ref_axis',(-0.707106781186548,0.,0.707106781186547));
#3597=DIRECTION('',(0.,-1.,0.));
#3598=DIRECTION('center_axis',(6.76707367390572E-17,0.,1.));
#3599=DIRECTION('ref_axis',(-1.,0.,6.76707367390572E-17));
#3600=DIRECTION('',(1.,0.,-6.76707367390572E-17));
#3601=DIRECTION('',(-1.,0.,6.76707367390572E-17));
#3602=DIRECTION('',(0.,-1.,0.));
#3603=DIRECTION('center_axis',(0.,-1.,0.));
#3604=DIRECTION('ref_axis',(0.707106781186548,0.,0.707106781186548));
#3605=DIRECTION('center_axis',(0.,1.,0.));
#3606=DIRECTION('ref_axis',(0.707106781186548,0.,0.707106781186548));
#3607=DIRECTION('center_axis',(0.,-1.,0.));
#3608=DIRECTION('ref_axis',(0.707106781186548,0.,0.707106781186548));
#3609=DIRECTION('',(0.,-1.,0.));
#3610=DIRECTION('center_axis',(1.,0.,0.));
#3611=DIRECTION('ref_axis',(0.,0.,1.));
#3612=DIRECTION('',(0.,0.,-1.));
#3613=DIRECTION('',(0.,0.,1.));
#3614=DIRECTION('',(0.,-1.,0.));
#3615=DIRECTION('center_axis',(0.,-1.,0.));
#3616=DIRECTION('ref_axis',(0.707106781186548,0.,-0.707106781186548));
#3617=DIRECTION('center_axis',(0.,1.,0.));
#3618=DIRECTION('ref_axis',(0.707106781186548,0.,-0.707106781186548));
#3619=DIRECTION('center_axis',(0.,-1.,0.));
#3620=DIRECTION('ref_axis',(0.707106781186548,0.,-0.707106781186548));
#3621=DIRECTION('',(0.,-1.,0.));
#3622=DIRECTION('center_axis',(0.,0.,-1.));
#3623=DIRECTION('ref_axis',(1.,0.,0.));
#3624=DIRECTION('',(-1.,0.,0.));
#3625=DIRECTION('',(1.,0.,0.));
#3626=DIRECTION('center_axis',(0.,1.,0.));
#3627=DIRECTION('ref_axis',(1.,0.,0.));
#3628=DIRECTION('center_axis',(0.,1.,0.));
#3629=DIRECTION('ref_axis',(1.,0.,0.));
#3630=DIRECTION('center_axis',(1.,0.,0.));
#3631=DIRECTION('ref_axis',(0.,0.,-1.));
#3632=DIRECTION('center_axis',(1.,0.,0.));
#3633=DIRECTION('ref_axis',(0.,-0.707106781186547,-0.707106781186548));
#3634=DIRECTION('',(0.,1.,0.));
#3635=DIRECTION('',(0.,0.,-1.));
#3636=DIRECTION('',(0.,-1.,0.));
#3637=DIRECTION('center_axis',(1.,0.,0.));
#3638=DIRECTION('ref_axis',(0.,-0.707106781186547,0.707106781186548));
#3639=DIRECTION('center_axis',(-1.,0.,0.));
#3640=DIRECTION('ref_axis',(0.,-0.707106781186547,-0.707106781186548));
#3641=DIRECTION('',(-1.,0.,0.));
#3642=DIRECTION('',(1.,0.,0.));
#3643=DIRECTION('center_axis',(1.,0.,0.));
#3644=DIRECTION('ref_axis',(0.,0.,-1.));
#3645=DIRECTION('',(0.,1.,0.));
#3646=DIRECTION('',(0.,0.,1.));
#3647=DIRECTION('',(0.,-1.,0.));
#3648=DIRECTION('center_axis',(0.,0.,1.));
#3649=DIRECTION('ref_axis',(0.,-1.,0.));
#3650=DIRECTION('',(1.,0.,0.));
#3651=DIRECTION('center_axis',(0.,1.,0.));
#3652=DIRECTION('ref_axis',(0.,0.,1.));
#3653=DIRECTION('',(1.,0.,0.));
#3654=DIRECTION('center_axis',(0.,0.,-1.));
#3655=DIRECTION('ref_axis',(0.,1.,0.));
#3656=DIRECTION('center_axis',(1.,0.,0.));
#3657=DIRECTION('ref_axis',(0.,0.,-1.));
#3658=DIRECTION('center_axis',(1.,0.,0.));
#3659=DIRECTION('ref_axis',(0.,-0.707106781186547,-0.707106781186548));
#3660=DIRECTION('',(0.,1.,0.));
#3661=DIRECTION('',(0.,0.,-1.));
#3662=DIRECTION('',(0.,-1.,0.));
#3663=DIRECTION('center_axis',(1.,0.,0.));
#3664=DIRECTION('ref_axis',(0.,-0.707106781186548,0.707106781186548));
#3665=DIRECTION('center_axis',(-1.,0.,0.));
#3666=DIRECTION('ref_axis',(0.,-0.707106781186547,-0.707106781186548));
#3667=DIRECTION('',(-1.,0.,0.));
#3668=DIRECTION('',(1.,0.,0.));
#3669=DIRECTION('center_axis',(1.,0.,0.));
#3670=DIRECTION('ref_axis',(0.,0.,-1.));
#3671=DIRECTION('',(0.,1.,0.));
#3672=DIRECTION('',(0.,0.,1.));
#3673=DIRECTION('',(0.,-1.,0.));
#3674=DIRECTION('center_axis',(0.,0.,1.));
#3675=DIRECTION('ref_axis',(0.,-1.,0.));
#3676=DIRECTION('',(1.,0.,0.));
#3677=DIRECTION('center_axis',(0.,1.,0.));
#3678=DIRECTION('ref_axis',(0.,0.,1.));
#3679=DIRECTION('',(1.,0.,0.));
#3680=DIRECTION('center_axis',(0.,0.,-1.));
#3681=DIRECTION('ref_axis',(0.,1.,0.));
#3682=DIRECTION('center_axis',(1.,0.,0.));
#3683=DIRECTION('ref_axis',(0.,0.,-1.));
#3684=DIRECTION('center_axis',(1.,0.,0.));
#3685=DIRECTION('ref_axis',(0.,-0.707106781186547,-0.707106781186548));
#3686=DIRECTION('',(0.,1.,0.));
#3687=DIRECTION('',(0.,0.,-1.));
#3688=DIRECTION('',(0.,-1.,0.));
#3689=DIRECTION('center_axis',(1.,0.,0.));
#3690=DIRECTION('ref_axis',(0.,-0.707106781186548,0.707106781186548));
#3691=DIRECTION('center_axis',(-1.,0.,0.));
#3692=DIRECTION('ref_axis',(0.,-0.707106781186547,-0.707106781186548));
#3693=DIRECTION('',(-1.,0.,0.));
#3694=DIRECTION('',(1.,0.,0.));
#3695=DIRECTION('center_axis',(1.,0.,0.));
#3696=DIRECTION('ref_axis',(0.,0.,-1.));
#3697=DIRECTION('',(0.,1.,0.));
#3698=DIRECTION('',(0.,0.,1.));
#3699=DIRECTION('',(0.,-1.,0.));
#3700=DIRECTION('center_axis',(0.,0.,1.));
#3701=DIRECTION('ref_axis',(0.,-1.,0.));
#3702=DIRECTION('',(1.,0.,0.));
#3703=DIRECTION('center_axis',(0.,1.,0.));
#3704=DIRECTION('ref_axis',(0.,0.,1.));
#3705=DIRECTION('',(1.,0.,0.));
#3706=DIRECTION('center_axis',(0.,0.,-1.));
#3707=DIRECTION('ref_axis',(0.,1.,0.));
#3708=DIRECTION('center_axis',(1.,0.,0.));
#3709=DIRECTION('ref_axis',(0.,0.,-1.));
#3710=DIRECTION('center_axis',(1.,0.,0.));
#3711=DIRECTION('ref_axis',(0.,-0.707106781186547,-0.707106781186548));
#3712=DIRECTION('',(0.,1.,0.));
#3713=DIRECTION('',(0.,0.,-1.));
#3714=DIRECTION('',(0.,-1.,0.));
#3715=DIRECTION('center_axis',(1.,0.,0.));
#3716=DIRECTION('ref_axis',(0.,-0.707106781186547,0.707106781186548));
#3717=DIRECTION('center_axis',(-1.,0.,0.));
#3718=DIRECTION('ref_axis',(0.,-0.707106781186547,-0.707106781186548));
#3719=DIRECTION('',(-1.,0.,0.));
#3720=DIRECTION('',(1.,0.,0.));
#3721=DIRECTION('center_axis',(1.,0.,0.));
#3722=DIRECTION('ref_axis',(0.,0.,-1.));
#3723=DIRECTION('',(0.,1.,0.));
#3724=DIRECTION('',(0.,0.,1.));
#3725=DIRECTION('',(0.,-1.,0.));
#3726=DIRECTION('center_axis',(0.,0.,1.));
#3727=DIRECTION('ref_axis',(0.,-1.,0.));
#3728=DIRECTION('',(1.,0.,0.));
#3729=DIRECTION('center_axis',(0.,1.,0.));
#3730=DIRECTION('ref_axis',(0.,0.,1.));
#3731=DIRECTION('',(1.,0.,0.));
#3732=DIRECTION('center_axis',(0.,0.,-1.));
#3733=DIRECTION('ref_axis',(0.,1.,0.));
#3734=DIRECTION('center_axis',(1.,0.,0.));
#3735=DIRECTION('ref_axis',(0.,0.,-1.));
#3736=DIRECTION('center_axis',(1.,0.,0.));
#3737=DIRECTION('ref_axis',(0.,-0.707106781186547,-0.707106781186548));
#3738=DIRECTION('',(0.,1.,0.));
#3739=DIRECTION('',(0.,0.,-1.));
#3740=DIRECTION('',(0.,-1.,0.));
#3741=DIRECTION('center_axis',(1.,0.,0.));
#3742=DIRECTION('ref_axis',(0.,-0.707106781186547,0.707106781186548));
#3743=DIRECTION('center_axis',(-1.,0.,0.));
#3744=DIRECTION('ref_axis',(0.,-0.707106781186547,-0.707106781186548));
#3745=DIRECTION('',(-1.,0.,0.));
#3746=DIRECTION('',(1.,0.,0.));
#3747=DIRECTION('center_axis',(1.,0.,0.));
#3748=DIRECTION('ref_axis',(0.,0.,-1.));
#3749=DIRECTION('',(0.,1.,0.));
#3750=DIRECTION('',(0.,0.,1.));
#3751=DIRECTION('',(0.,-1.,0.));
#3752=DIRECTION('center_axis',(0.,0.,1.));
#3753=DIRECTION('ref_axis',(0.,-1.,0.));
#3754=DIRECTION('',(1.,0.,0.));
#3755=DIRECTION('center_axis',(0.,1.,0.));
#3756=DIRECTION('ref_axis',(0.,0.,1.));
#3757=DIRECTION('',(1.,0.,0.));
#3758=DIRECTION('center_axis',(0.,0.,-1.));
#3759=DIRECTION('ref_axis',(0.,1.,0.));
#3760=DIRECTION('center_axis',(1.,0.,0.));
#3761=DIRECTION('ref_axis',(0.,0.,-1.));
#3762=DIRECTION('center_axis',(1.,0.,0.));
#3763=DIRECTION('ref_axis',(0.,-0.707106781186547,-0.707106781186548));
#3764=DIRECTION('',(0.,1.,0.));
#3765=DIRECTION('',(0.,0.,-1.));
#3766=DIRECTION('',(0.,-1.,0.));
#3767=DIRECTION('center_axis',(1.,0.,0.));
#3768=DIRECTION('ref_axis',(0.,-0.707106781186548,0.707106781186548));
#3769=DIRECTION('center_axis',(-1.,0.,0.));
#3770=DIRECTION('ref_axis',(0.,-0.707106781186547,-0.707106781186548));
#3771=DIRECTION('',(-1.,0.,0.));
#3772=DIRECTION('',(1.,0.,0.));
#3773=DIRECTION('center_axis',(1.,0.,0.));
#3774=DIRECTION('ref_axis',(0.,0.,-1.));
#3775=DIRECTION('',(0.,1.,0.));
#3776=DIRECTION('',(0.,0.,1.));
#3777=DIRECTION('',(0.,-1.,0.));
#3778=DIRECTION('center_axis',(0.,0.,1.));
#3779=DIRECTION('ref_axis',(0.,-1.,0.));
#3780=DIRECTION('',(1.,0.,0.));
#3781=DIRECTION('center_axis',(0.,1.,0.));
#3782=DIRECTION('ref_axis',(0.,0.,1.));
#3783=DIRECTION('',(1.,0.,0.));
#3784=DIRECTION('center_axis',(0.,0.,-1.));
#3785=DIRECTION('ref_axis',(0.,1.,0.));
#3786=DIRECTION('center_axis',(1.,0.,0.));
#3787=DIRECTION('ref_axis',(0.,0.,-1.));
#3788=DIRECTION('center_axis',(1.,0.,0.));
#3789=DIRECTION('ref_axis',(0.,-0.707106781186547,-0.707106781186548));
#3790=DIRECTION('',(0.,1.,0.));
#3791=DIRECTION('',(0.,0.,-1.));
#3792=DIRECTION('',(0.,-1.,0.));
#3793=DIRECTION('center_axis',(1.,0.,0.));
#3794=DIRECTION('ref_axis',(0.,-0.707106781186547,0.707106781186548));
#3795=DIRECTION('center_axis',(-1.,0.,0.));
#3796=DIRECTION('ref_axis',(0.,-0.707106781186547,-0.707106781186548));
#3797=DIRECTION('',(-1.,0.,0.));
#3798=DIRECTION('',(1.,0.,0.));
#3799=DIRECTION('center_axis',(1.,0.,0.));
#3800=DIRECTION('ref_axis',(0.,0.,-1.));
#3801=DIRECTION('',(0.,1.,0.));
#3802=DIRECTION('',(0.,0.,1.));
#3803=DIRECTION('',(0.,-1.,0.));
#3804=DIRECTION('center_axis',(0.,0.,1.));
#3805=DIRECTION('ref_axis',(0.,-1.,0.));
#3806=DIRECTION('',(1.,0.,0.));
#3807=DIRECTION('center_axis',(0.,1.,0.));
#3808=DIRECTION('ref_axis',(0.,0.,1.));
#3809=DIRECTION('',(1.,0.,0.));
#3810=DIRECTION('center_axis',(0.,0.,-1.));
#3811=DIRECTION('ref_axis',(0.,1.,0.));
#3812=DIRECTION('center_axis',(1.,0.,0.));
#3813=DIRECTION('ref_axis',(0.,0.,-1.));
#3814=DIRECTION('center_axis',(1.,0.,0.));
#3815=DIRECTION('ref_axis',(0.,-0.707106781186547,-0.707106781186548));
#3816=DIRECTION('',(0.,1.,0.));
#3817=DIRECTION('',(0.,0.,-1.));
#3818=DIRECTION('',(0.,-1.,0.));
#3819=DIRECTION('center_axis',(1.,0.,0.));
#3820=DIRECTION('ref_axis',(0.,-0.707106781186548,0.707106781186548));
#3821=DIRECTION('center_axis',(-1.,0.,0.));
#3822=DIRECTION('ref_axis',(0.,-0.707106781186547,-0.707106781186548));
#3823=DIRECTION('',(-1.,0.,0.));
#3824=DIRECTION('',(1.,0.,0.));
#3825=DIRECTION('center_axis',(1.,0.,0.));
#3826=DIRECTION('ref_axis',(0.,0.,-1.));
#3827=DIRECTION('',(0.,1.,0.));
#3828=DIRECTION('',(0.,0.,1.));
#3829=DIRECTION('',(0.,-1.,0.));
#3830=DIRECTION('center_axis',(0.,0.,1.));
#3831=DIRECTION('ref_axis',(0.,-1.,0.));
#3832=DIRECTION('',(1.,0.,0.));
#3833=DIRECTION('center_axis',(0.,1.,0.));
#3834=DIRECTION('ref_axis',(0.,0.,1.));
#3835=DIRECTION('',(1.,0.,0.));
#3836=DIRECTION('center_axis',(0.,0.,-1.));
#3837=DIRECTION('ref_axis',(0.,1.,0.));
#3838=CARTESIAN_POINT('',(0.,0.,0.));
#3839=CARTESIAN_POINT('Origin',(-37.9053819457445,0.,7.90128295303523));
#3840=CARTESIAN_POINT('',(-39.2053819457445,15.,7.90128295303523));
#3841=CARTESIAN_POINT('Origin',(-37.9053819457445,15.,7.90128295303523));
#3842=CARTESIAN_POINT('',(-39.2053819457445,5.,7.90128295303523));
#3843=CARTESIAN_POINT('',(-39.2053819457445,0.,7.90128295303523));
#3844=CARTESIAN_POINT('Origin',(-37.9053819457445,5.,7.90128295303523));
#3845=CARTESIAN_POINT('Origin',(-37.9053819457445,0.,7.90128295303523));
#3846=CARTESIAN_POINT('',(-40.9053819457445,15.,7.90128295303523));
#3847=CARTESIAN_POINT('Origin',(-37.9053819457445,15.,7.90128295303523));
#3848=CARTESIAN_POINT('',(-40.9053819457445,5.,7.90128295303523));
#3849=CARTESIAN_POINT('',(-40.9053819457445,0.,7.90128295303523));
#3850=CARTESIAN_POINT('Origin',(-37.9053819457445,5.,7.90128295303523));
#3851=CARTESIAN_POINT('Origin',(-37.9053819457445,15.,7.90128295303523));
#3852=CARTESIAN_POINT('Origin',(-87.862008188771,5.,-24.7162724167542));
#3853=CARTESIAN_POINT('Origin',(-94.2353819457445,0.,-53.3087170469648));
#3854=CARTESIAN_POINT('',(-95.5353819457445,15.,-53.3087170469648));
#3855=CARTESIAN_POINT('Origin',(-94.2353819457445,15.,-53.3087170469648));
#3856=CARTESIAN_POINT('',(-95.5353819457445,5.,-53.3087170469648));
#3857=CARTESIAN_POINT('',(-95.5353819457445,0.,-53.3087170469648));
#3858=CARTESIAN_POINT('Origin',(-94.2353819457445,5.,-53.3087170469648));
#3859=CARTESIAN_POINT('Origin',(-94.2353819457445,0.,-53.3087170469648));
#3860=CARTESIAN_POINT('',(-98.2353820053491,15.,-53.3087170469648));
#3861=CARTESIAN_POINT('Origin',(-94.2353819457445,15.,-53.3087170469648));
#3862=CARTESIAN_POINT('',(-98.2353820053491,5.,-53.3087170469648));
#3863=CARTESIAN_POINT('',(-98.2353820053491,0.,-53.3087170469648));
#3864=CARTESIAN_POINT('Origin',(-94.2353819457445,5.,-53.3087170469648));
#3865=CARTESIAN_POINT('Origin',(-94.2353819457445,15.,-53.3087170469648));
#3866=CARTESIAN_POINT('Origin',(-87.862008188771,5.,-24.7162724167542));
#3867=CARTESIAN_POINT('Origin',(-15.5153819457445,16.4,12.2212829530352));
#3868=CARTESIAN_POINT('',(-17.0153819457445,16.4,22.2212829530352));
#3869=CARTESIAN_POINT('',(-17.0153819457445,16.4,12.2212829530352));
#3870=CARTESIAN_POINT('',(-17.0153819457445,16.4,12.2212829530352));
#3871=CARTESIAN_POINT('',(-24.0153819457445,16.4,22.2212829530352));
#3872=CARTESIAN_POINT('',(-69.1403819457445,16.4,22.2212829530352));
#3873=CARTESIAN_POINT('',(-24.0153819457445,16.4,12.2212829530352));
#3874=CARTESIAN_POINT('',(-24.0153819457445,16.4,12.2212829530352));
#3875=CARTESIAN_POINT('',(-8.51538194574448,16.4,12.2212829530352));
#3876=CARTESIAN_POINT('Origin',(-17.0153819457445,14.9,12.2212829530352));
#3877=CARTESIAN_POINT('',(-17.0153819457445,13.4,12.2212829530352));
#3878=CARTESIAN_POINT('Origin',(-17.0153819457445,14.9,12.2212829530352));
#3879=CARTESIAN_POINT('',(-17.0153819457445,13.4,22.2212829530352));
#3880=CARTESIAN_POINT('',(-17.0153819457445,13.4,12.2212829530352));
#3881=CARTESIAN_POINT('Origin',(-17.0153819457445,14.9,22.2212829530352));
#3882=CARTESIAN_POINT('Origin',(-25.5153819457445,13.4,12.2212829530352));
#3883=CARTESIAN_POINT('',(-24.0153819457445,13.4,12.2212829530352));
#3884=CARTESIAN_POINT('',(-13.5153819457445,13.4,12.2212829530352));
#3885=CARTESIAN_POINT('',(-24.0153819457445,13.4,22.2212829530352));
#3886=CARTESIAN_POINT('',(-24.0153819457445,13.4,12.2212829530352));
#3887=CARTESIAN_POINT('',(-74.1403819457445,13.4,22.2212829530352));
#3888=CARTESIAN_POINT('Origin',(-24.0153819457445,14.9,12.2212829530352));
#3889=CARTESIAN_POINT('Origin',(-24.0153819457445,14.9,12.2212829530352));
#3890=CARTESIAN_POINT('Origin',(-24.0153819457445,14.9,22.2212829530352));
#3891=CARTESIAN_POINT('Origin',(-87.862008188771,5.,-24.7162724167542));
#3892=CARTESIAN_POINT('',(-1.51538194574448,5.,12.2212829530352));
#3893=CARTESIAN_POINT('',(-1.51538194574448,5.,-62.1887170469648));
#3894=CARTESIAN_POINT('',(-1.51538194574448,5.,-43.5862170469648));
#3895=CARTESIAN_POINT('',(-112.765381945744,5.,-62.1887170469648));
#3896=CARTESIAN_POINT('',(-84.9528819457445,5.,-62.1887170469648));
#3897=CARTESIAN_POINT('',(-112.765381945744,5.,12.2212829530352));
#3898=CARTESIAN_POINT('',(-112.765381945744,5.,-6.38121704696476));
#3899=CARTESIAN_POINT('',(-29.3278819457445,5.,12.2212829530352));
#3900=CARTESIAN_POINT('',(-54.358887245006,5.,-50.7758048362273));
#3901=CARTESIAN_POINT('',(-54.358887245006,5.,-59.3273014919383));
#3902=CARTESIAN_POINT('',(-54.358887245006,5.,-50.7758048362273));
#3903=CARTESIAN_POINT('',(-23.2825164022597,5.,-28.1121472117317));
#3904=CARTESIAN_POINT('Origin',(-57.6403819457445,5.,-24.9837170469648));
#3905=CARTESIAN_POINT('',(-31.8292811419396,5.,-28.1121472117317));
#3906=CARTESIAN_POINT('',(-31.8292811419396,5.,-28.1121472117317));
#3907=CARTESIAN_POINT('Origin',(-57.6403819457445,5.,-24.9837170469648));
#3908=CARTESIAN_POINT('',(-54.358887245006,5.,0.808370742297768));
#3909=CARTESIAN_POINT('',(-31.8905700833713,5.,-21.3854967851709));
#3910=CARTESIAN_POINT('Origin',(-57.6403819457445,5.,-24.9837170469648));
#3911=CARTESIAN_POINT('',(-23.3285354354266,5.,-21.3854967851709));
#3912=CARTESIAN_POINT('',(-31.8905700833713,5.,-21.3854967851709));
#3913=CARTESIAN_POINT('',(-54.358887245006,5.,9.35986739800874));
#3914=CARTESIAN_POINT('Origin',(-57.6403819457445,5.,-24.9837170469648));
#3915=CARTESIAN_POINT('',(-54.358887245006,5.,0.808370742297768));
#3916=CARTESIAN_POINT('',(-91.9522284560624,5.,-21.3854967851709));
#3917=CARTESIAN_POINT('',(-83.3901938081177,5.,-21.3854967851709));
#3918=CARTESIAN_POINT('',(-91.9522284560624,5.,-21.3854967851709));
#3919=CARTESIAN_POINT('',(-60.921876646483,5.,0.808370742297768));
#3920=CARTESIAN_POINT('Origin',(-57.6403819457445,5.,-24.9837170469648));
#3921=CARTESIAN_POINT('',(-60.921876646483,5.,9.35986739800873));
#3922=CARTESIAN_POINT('',(-60.921876646483,5.,0.808370742297768));
#3923=CARTESIAN_POINT('Origin',(-57.6403819457445,5.,-24.9837170469648));
#3924=CARTESIAN_POINT('',(-91.9982474892292,5.,-28.1121472117317));
#3925=CARTESIAN_POINT('',(-60.921876646483,5.,-59.3273014919383));
#3926=CARTESIAN_POINT('Origin',(-57.6403819457445,5.,-24.9837170469648));
#3927=CARTESIAN_POINT('',(-60.921876646483,5.,-50.7758048362273));
#3928=CARTESIAN_POINT('',(-60.921876646483,5.,-59.3273014919383));
#3929=CARTESIAN_POINT('',(-83.4514827495494,5.,-28.1121472117317));
#3930=CARTESIAN_POINT('Origin',(-57.6403819457445,5.,-24.9837170469648));
#3931=CARTESIAN_POINT('',(-91.9982474892292,5.,-28.1121472117317));
#3932=CARTESIAN_POINT('',(-71.4329296355099,5.,-24.9837170469648));
#3933=CARTESIAN_POINT('Origin',(-57.6403819457445,5.,-24.9837170469648));
#3934=CARTESIAN_POINT('Origin',(-11.5153819457445,0.,-52.1887170469648));
#3935=CARTESIAN_POINT('',(0.484618054255523,0.,-52.1887170469648));
#3936=CARTESIAN_POINT('',(-11.5153819457445,0.,-64.1887170469648));
#3937=CARTESIAN_POINT('Origin',(-11.5153819457445,0.,-52.1887170469648));
#3938=CARTESIAN_POINT('',(0.484618054255526,3.,-52.1887170469648));
#3939=CARTESIAN_POINT('',(0.484618054255523,0.,-52.1887170469648));
#3940=CARTESIAN_POINT('',(-11.5153819457445,3.,-64.1887170469648));
#3941=CARTESIAN_POINT('Origin',(-11.5153819457445,3.,-52.1887170469648));
#3942=CARTESIAN_POINT('',(-11.5153819457445,0.,-64.1887170469648));
#3943=CARTESIAN_POINT('Origin',(0.484618054255521,0.,2.22128295303523));
#3944=CARTESIAN_POINT('',(0.484618054255523,0.,2.22128295303523));
#3945=CARTESIAN_POINT('',(0.484618054255521,0.,-1.38121704696477));
#3946=CARTESIAN_POINT('',(0.484618054255526,3.,2.22128295303524));
#3947=CARTESIAN_POINT('',(0.484618054255523,0.,2.22128295303523));
#3948=CARTESIAN_POINT('',(0.484618054255521,3.,-1.38121704696477));
#3949=CARTESIAN_POINT('Origin',(-11.5153819457445,0.,2.22128295303523));
#3950=CARTESIAN_POINT('',(-11.5153819457445,0.,14.2212829530352));
#3951=CARTESIAN_POINT('Origin',(-11.5153819457445,0.,2.22128295303523));
#3952=CARTESIAN_POINT('',(-11.5153819457445,3.,14.2212829530352));
#3953=CARTESIAN_POINT('',(-11.5153819457445,0.,14.2212829530352));
#3954=CARTESIAN_POINT('Origin',(-11.5153819457445,3.,2.22128295303523));
#3955=CARTESIAN_POINT('Origin',(-102.765381945744,0.,14.2212829530352));
#3956=CARTESIAN_POINT('',(-102.765381945744,0.,14.2212829530352));
#3957=CARTESIAN_POINT('',(-89.9528819457445,0.,14.2212829530352));
#3958=CARTESIAN_POINT('',(-102.765381945744,3.,14.2212829530352));
#3959=CARTESIAN_POINT('',(-102.765381945744,0.,14.2212829530352));
#3960=CARTESIAN_POINT('',(-89.9528819457445,3.,14.2212829530352));
#3961=CARTESIAN_POINT('Origin',(-102.765381945744,0.,2.22128295303524));
#3962=CARTESIAN_POINT('',(-114.765381945744,0.,2.22128295303524));
#3963=CARTESIAN_POINT('Origin',(-102.765381945744,0.,2.22128295303524));
#3964=CARTESIAN_POINT('',(-114.765381945744,3.,2.22128295303524));
#3965=CARTESIAN_POINT('',(-114.765381945744,0.,2.22128295303524));
#3966=CARTESIAN_POINT('Origin',(-102.765381945744,3.,2.22128295303524));
#3967=CARTESIAN_POINT('Origin',(-114.765381945744,0.,-52.1887170469648));
#3968=CARTESIAN_POINT('',(-114.765381945744,0.,-52.1887170469648));
#3969=CARTESIAN_POINT('',(-114.765381945744,0.,-48.5862170469648));
#3970=CARTESIAN_POINT('',(-114.765381945744,3.,-52.1887170469648));
#3971=CARTESIAN_POINT('',(-114.765381945744,0.,-52.1887170469648));
#3972=CARTESIAN_POINT('',(-114.765381945744,3.,-48.5862170469648));
#3973=CARTESIAN_POINT('Origin',(-102.765381945744,0.,-52.1887170469648));
#3974=CARTESIAN_POINT('',(-102.765381945744,0.,-64.1887170469648));
#3975=CARTESIAN_POINT('Origin',(-102.765381945744,0.,-52.1887170469648));
#3976=CARTESIAN_POINT('',(-102.765381945744,3.,-64.1887170469648));
#3977=CARTESIAN_POINT('',(-102.765381945744,0.,-64.1887170469648));
#3978=CARTESIAN_POINT('Origin',(-102.765381945744,3.,-52.1887170469648));
#3979=CARTESIAN_POINT('Origin',(-11.5153819457445,0.,-64.1887170469648));
#3980=CARTESIAN_POINT('',(-24.3278819457445,0.,-64.1887170469648));
#3981=CARTESIAN_POINT('',(-24.3278819457445,3.,-64.1887170469648));
#3982=CARTESIAN_POINT('Origin',(-57.1403819457445,3.,-24.9837170469648));
#3983=CARTESIAN_POINT('',(-60.921876646483,3.,-50.7758048362273));
#3984=CARTESIAN_POINT('',(-54.358887245006,3.,-50.7758048362273));
#3985=CARTESIAN_POINT('Origin',(-57.6403819457445,3.,-24.9837170469648));
#3986=CARTESIAN_POINT('',(-60.921876646483,3.,-59.3273014919383));
#3987=CARTESIAN_POINT('',(-60.921876646483,3.,-12.0876731523335));
#3988=CARTESIAN_POINT('',(-91.9982474892292,3.,-28.1121472117317));
#3989=CARTESIAN_POINT('Origin',(-57.6403819457445,3.,-24.9837170469648));
#3990=CARTESIAN_POINT('',(-83.4514827495494,3.,-28.1121472117317));
#3991=CARTESIAN_POINT('',(-70.2959323476469,3.,-28.1121472117317));
#3992=CARTESIAN_POINT('',(-83.6403819457445,3.,-24.9837170469648));
#3993=CARTESIAN_POINT('Origin',(-57.6403819457445,3.,-24.9837170469648));
#3994=CARTESIAN_POINT('',(-83.3901938081177,3.,-21.3854967851709));
#3995=CARTESIAN_POINT('Origin',(-57.6403819457445,3.,-24.9837170469648));
#3996=CARTESIAN_POINT('',(-91.9522284560624,3.,-21.3854967851709));
#3997=CARTESIAN_POINT('',(-74.5463052009034,3.,-21.3854967851709));
#3998=CARTESIAN_POINT('',(-60.921876646483,3.,9.35986739800874));
#3999=CARTESIAN_POINT('Origin',(-57.6403819457445,3.,-24.9837170469648));
#4000=CARTESIAN_POINT('',(-60.921876646483,3.,0.808370742297768));
#4001=CARTESIAN_POINT('',(-60.921876646483,3.,-12.0876731523335));
#4002=CARTESIAN_POINT('',(-54.358887245006,3.,0.808370742297768));
#4003=CARTESIAN_POINT('Origin',(-57.6403819457445,3.,-24.9837170469648));
#4004=CARTESIAN_POINT('',(-54.358887245006,3.,9.35986739800874));
#4005=CARTESIAN_POINT('',(-54.358887245006,3.,-7.81192482447802));
#4006=CARTESIAN_POINT('',(-23.3285354354266,3.,-21.3854967851709));
#4007=CARTESIAN_POINT('Origin',(-57.6403819457445,3.,-24.9837170469648));
#4008=CARTESIAN_POINT('',(-31.8905700833713,3.,-21.3854967851709));
#4009=CARTESIAN_POINT('',(-74.5463052009034,3.,-21.3854967851709));
#4010=CARTESIAN_POINT('',(-31.8292811419396,3.,-28.1121472117317));
#4011=CARTESIAN_POINT('Origin',(-57.6403819457445,3.,-24.9837170469648));
#4012=CARTESIAN_POINT('',(-23.2825164022597,3.,-28.1121472117317));
#4013=CARTESIAN_POINT('',(-70.2959323476469,3.,-28.1121472117317));
#4014=CARTESIAN_POINT('',(-54.358887245006,3.,-59.3273014919383));
#4015=CARTESIAN_POINT('Origin',(-57.6403819457445,3.,-24.9837170469648));
#4016=CARTESIAN_POINT('',(-54.358887245006,3.,-7.81192482447802));
#4017=CARTESIAN_POINT('Origin',(-60.921876646483,0.,0.808370742297768));
#4018=CARTESIAN_POINT('',(-60.921876646483,4.,9.35986739800874));
#4019=CARTESIAN_POINT('',(-60.921876646483,0.,0.808370742297768));
#4020=CARTESIAN_POINT('Origin',(-57.6403819457445,4.,-24.9837170469648));
#4021=CARTESIAN_POINT('',(-91.9522284560624,4.,-21.3854967851709));
#4022=CARTESIAN_POINT('Origin',(-91.9522284560624,0.,-21.3854967851709));
#4023=CARTESIAN_POINT('',(-83.3901938081177,0.,-21.3854967851709));
#4024=CARTESIAN_POINT('Origin',(-83.4514827495494,0.,-28.1121472117317));
#4025=CARTESIAN_POINT('',(-91.9982474892292,4.,-28.1121472117317));
#4026=CARTESIAN_POINT('',(-83.4514827495494,0.,-28.1121472117317));
#4027=CARTESIAN_POINT('Origin',(-57.6403819457445,4.,-24.9837170469648));
#4028=CARTESIAN_POINT('',(-60.921876646483,4.,-59.3273014919383));
#4029=CARTESIAN_POINT('Origin',(-60.921876646483,0.,0.808370742297768));
#4030=CARTESIAN_POINT('',(-60.921876646483,0.,-50.7758048362273));
#4031=CARTESIAN_POINT('Origin',(-57.6403819457445,-3.5,-24.9837170469648));
#4032=CARTESIAN_POINT('',(-57.6403819457445,-7.,-2.48371704696476));
#4033=CARTESIAN_POINT('Origin',(-57.6403819457445,-7.,-24.9837170469648));
#4034=CARTESIAN_POINT('',(-57.6403819457445,-3.5,1.01628295303524));
#4035=CARTESIAN_POINT('Origin',(-57.6403819457445,-3.5,-2.48371704696476));
#4036=CARTESIAN_POINT('',(-83.6403819457445,-3.5,-24.9837170469648));
#4037=CARTESIAN_POINT('Origin',(-57.6403819457445,-3.5,-24.9837170469648));
#4038=CARTESIAN_POINT('Origin',(-57.6403819457445,-3.5,-24.9837170469648));
#4039=CARTESIAN_POINT('Origin',(-57.6403819457445,-7.,-24.9837170469648));
#4040=CARTESIAN_POINT('',(-57.6403819457445,-7.,-44.7762647367302));
#4041=CARTESIAN_POINT('Origin',(-57.6403819457445,-7.,-24.9837170469648));
#4042=CARTESIAN_POINT('Origin',(-57.6403819457445,0.,-24.9837170469648));
#4043=CARTESIAN_POINT('',(-83.6403819457445,0.,-24.9837170469648));
#4044=CARTESIAN_POINT('',(-54.358887245006,0.,-50.7758048362273));
#4045=CARTESIAN_POINT('',(-31.8292811419396,0.,-28.1121472117317));
#4046=CARTESIAN_POINT('',(-31.8905700833713,0.,-21.3854967851709));
#4047=CARTESIAN_POINT('',(-54.358887245006,0.,0.808370742297768));
#4048=CARTESIAN_POINT('Origin',(-57.6403819457445,-1.,-24.9837170469648));
#4049=CARTESIAN_POINT('',(-57.6403819457445,-1.,-38.7762647367302));
#4050=CARTESIAN_POINT('Origin',(-57.6403819457445,-1.,-44.7762647367302));
#4051=CARTESIAN_POINT('',(-71.4329296355099,-1.,-24.9837170469648));
#4052=CARTESIAN_POINT('Origin',(-57.6403819457445,-1.,-24.9837170469648));
#4053=CARTESIAN_POINT('Origin',(-57.6403819457445,-1.,-24.9837170469648));
#4054=CARTESIAN_POINT('Origin',(-57.6403819457445,0.,-24.9837170469648));
#4055=CARTESIAN_POINT('',(-71.4329296355099,0.,-24.9837170469648));
#4056=CARTESIAN_POINT('Origin',(-91.9522284560624,0.,-21.3854967851709));
#4057=CARTESIAN_POINT('',(-23.3285354354266,4.,-21.3854967851709));
#4058=CARTESIAN_POINT('Origin',(-54.358887245006,0.,9.35986739800874));
#4059=CARTESIAN_POINT('',(-54.358887245006,4.,9.35986739800874));
#4060=CARTESIAN_POINT('Origin',(-54.358887245006,0.,9.35986739800874));
#4061=CARTESIAN_POINT('',(-54.358887245006,4.,-59.3273014919383));
#4062=CARTESIAN_POINT('Origin',(-57.6403819457445,4.,-24.9837170469648));
#4063=CARTESIAN_POINT('',(-23.2825164022597,4.,-28.1121472117317));
#4064=CARTESIAN_POINT('Origin',(-57.6403819457445,4.,-24.9837170469648));
#4065=CARTESIAN_POINT('Origin',(-83.4514827495494,0.,-28.1121472117317));
#4066=CARTESIAN_POINT('Origin',(-117.765381945744,0.,-24.9837170469648));
#4067=CARTESIAN_POINT('',(-116.415381945744,0.172005365356976,-24.9837170469648));
#4068=CARTESIAN_POINT('',(-119.115381945744,1.2860220435274,-24.9837170469648));
#4069=CARTESIAN_POINT('Ctrl Pts',(-116.415381945744,0.172005365356976,-24.9837170469648));
#4070=CARTESIAN_POINT('Ctrl Pts',(-116.415381945744,0.172005365356976,-25.1524737955904));
#4071=CARTESIAN_POINT('Ctrl Pts',(-116.449007409603,0.178859239139709,-25.3322657473245));
#4072=CARTESIAN_POINT('Ctrl Pts',(-116.584737583575,0.209314365424963,-25.6622499507033));
#4073=CARTESIAN_POINT('Ctrl Pts',(-116.686822842834,0.233240347180769,-25.8124201522588));
#4074=CARTESIAN_POINT('Ctrl Pts',(-116.926710385736,0.296431664152755,-26.0561526342791));
#4075=CARTESIAN_POINT('Ctrl Pts',(-117.082615097944,0.340903960260591,-26.1624610816024));
#4076=CARTESIAN_POINT('Ctrl Pts',(-117.419057573506,0.450872412329447,-26.3011643633333));
#4077=CARTESIAN_POINT('Ctrl Pts',(-117.599431253059,0.51667115239383,-26.3337170469648));
#4078=CARTESIAN_POINT('Ctrl Pts',(-117.941347027087,0.65498289308821,-26.3337170469648));
#4079=CARTESIAN_POINT('Ctrl Pts',(-118.126513331307,0.737875600728073,-26.2975053298111));
#4080=CARTESIAN_POINT('Ctrl Pts',(-118.465397644996,0.904540972851417,-26.1526625123063));
#4081=CARTESIAN_POINT('Ctrl Pts',(-118.619284053515,0.988067924114711,-26.0441428513712));
#4082=CARTESIAN_POINT('Ctrl Pts',(-118.85061392467,1.120554879357,-25.8021448580191));
#4083=CARTESIAN_POINT('Ctrl Pts',(-118.948718387062,1.18048329293199,-25.6566535479887));
#4084=CARTESIAN_POINT('Ctrl Pts',(-119.081193172052,1.2635405738672,-25.3326714087077));
#4085=CARTESIAN_POINT('Ctrl Pts',(-119.115381945744,1.2860220435274,-25.1539407688705));
#4086=CARTESIAN_POINT('Ctrl Pts',(-119.115381945744,1.2860220435274,-24.9837170469648));
#4087=CARTESIAN_POINT('Ctrl Pts',(-119.115381945744,1.2860220435274,-24.9837170469648));
#4088=CARTESIAN_POINT('Ctrl Pts',(-119.115381945744,1.2860220435274,-24.813493325059));
#4089=CARTESIAN_POINT('Ctrl Pts',(-119.081193172052,1.2635405738672,-24.6347626852219));
#4090=CARTESIAN_POINT('Ctrl Pts',(-118.948718387062,1.18048329293199,-24.3107805459408));
#4091=CARTESIAN_POINT('Ctrl Pts',(-118.85061392467,1.12055487935699,-24.1652892359105));
#4092=CARTESIAN_POINT('Ctrl Pts',(-118.619284053515,0.988067924114711,-23.9232912425583));
#4093=CARTESIAN_POINT('Ctrl Pts',(-118.465397644996,0.904540972851416,-23.8147715816232));
#4094=CARTESIAN_POINT('Ctrl Pts',(-118.126513331307,0.737875600728072,-23.6699287641184));
#4095=CARTESIAN_POINT('Ctrl Pts',(-117.941347027087,0.65498289308821,-23.6337170469648));
#4096=CARTESIAN_POINT('Ctrl Pts',(-117.599431253059,0.51667115239383,-23.6337170469648));
#4097=CARTESIAN_POINT('Ctrl Pts',(-117.419057573506,0.450872412329447,-23.6662697305962));
#4098=CARTESIAN_POINT('Ctrl Pts',(-117.082615097944,0.340903960260591,-23.8049730123272));
#4099=CARTESIAN_POINT('Ctrl Pts',(-116.926710385736,0.296431664152755,-23.9112814596505));
#4100=CARTESIAN_POINT('Ctrl Pts',(-116.686822842834,0.233240347180768,-24.1550139416708));
#4101=CARTESIAN_POINT('Ctrl Pts',(-116.584737583575,0.209314365424963,-24.3051841432263));
#4102=CARTESIAN_POINT('Ctrl Pts',(-116.449007409603,0.178859239139709,-24.635168346605));
#4103=CARTESIAN_POINT('Ctrl Pts',(-116.415381945744,0.172005365356976,-24.8149602983391));
#4104=CARTESIAN_POINT('Ctrl Pts',(-116.415381945744,0.172005365356976,-24.9837170469648));
#4105=CARTESIAN_POINT('',(-119.115381945744,30.,-24.9837170469648));
#4106=CARTESIAN_POINT('',(-119.115381945744,0.,-24.9837170469648));
#4107=CARTESIAN_POINT('Origin',(-117.765381945744,30.,-24.9837170469648));
#4108=CARTESIAN_POINT('Origin',(3.48461805425552,0.,-24.9837170469648));
#4109=CARTESIAN_POINT('',(2.13461805425552,0.172005365356974,-24.9837170469648));
#4110=CARTESIAN_POINT('Ctrl Pts',(2.13461805425552,0.172005365356974,-24.9837170469648));
#4111=CARTESIAN_POINT('Ctrl Pts',(2.13461805425552,0.172005365356974,-24.8149602983391));
#4112=CARTESIAN_POINT('Ctrl Pts',(2.1682435181143,0.178859239139709,-24.635168346605));
#4113=CARTESIAN_POINT('Ctrl Pts',(2.30397369208559,0.209314365424964,-24.3051841432263));
#4114=CARTESIAN_POINT('Ctrl Pts',(2.40605895134473,0.233240347180767,-24.1550139416708));
#4115=CARTESIAN_POINT('Ctrl Pts',(2.64594649424702,0.296431664152754,-23.9112814596505));
#4116=CARTESIAN_POINT('Ctrl Pts',(2.80185120645488,0.340903960260588,-23.8049730123272));
#4117=CARTESIAN_POINT('Ctrl Pts',(3.13829368201674,0.450872412329443,-23.6662697305962));
#4118=CARTESIAN_POINT('Ctrl Pts',(3.31866736157012,0.516671152393829,-23.6337170469648));
#4119=CARTESIAN_POINT('Ctrl Pts',(3.66058313559853,0.654982893088209,-23.6337170469648));
#4120=CARTESIAN_POINT('Ctrl Pts',(3.84574943981801,0.737875600728074,-23.6699287641184));
#4121=CARTESIAN_POINT('Ctrl Pts',(4.18463375350688,0.904540972851417,-23.8147715816232));
#4122=CARTESIAN_POINT('Ctrl Pts',(4.33852016202566,0.98806792411471,-23.9232912425583));
#4123=CARTESIAN_POINT('Ctrl Pts',(4.56985003318098,1.12055487935699,-24.1652892359104));
#4124=CARTESIAN_POINT('Ctrl Pts',(4.6679544955726,1.18048329293199,-24.3107805459408));
#4125=CARTESIAN_POINT('Ctrl Pts',(4.80042928056326,1.2635405738672,-24.6347626852219));
#4126=CARTESIAN_POINT('Ctrl Pts',(4.83461805425552,1.2860220435274,-24.813493325059));
#4127=CARTESIAN_POINT('Ctrl Pts',(4.83461805425552,1.2860220435274,-25.1539407688705));
#4128=CARTESIAN_POINT('Ctrl Pts',(4.80042928056326,1.2635405738672,-25.3326714087077));
#4129=CARTESIAN_POINT('Ctrl Pts',(4.6679544955726,1.18048329293199,-25.6566535479887));
#4130=CARTESIAN_POINT('Ctrl Pts',(4.56985003318098,1.12055487935699,-25.8021448580191));
#4131=CARTESIAN_POINT('Ctrl Pts',(4.33852016202566,0.98806792411471,-26.0441428513712));
#4132=CARTESIAN_POINT('Ctrl Pts',(4.18463375350688,0.904540972851417,-26.1526625123063));
#4133=CARTESIAN_POINT('Ctrl Pts',(3.84574943981801,0.737875600728074,-26.2975053298111));
#4134=CARTESIAN_POINT('Ctrl Pts',(3.66058313559853,0.654982893088209,-26.3337170469648));
#4135=CARTESIAN_POINT('Ctrl Pts',(3.31866736157012,0.516671152393829,-26.3337170469648));
#4136=CARTESIAN_POINT('Ctrl Pts',(3.13829368201674,0.450872412329443,-26.3011643633333));
#4137=CARTESIAN_POINT('Ctrl Pts',(2.80185120645488,0.340903960260588,-26.1624610816023));
#4138=CARTESIAN_POINT('Ctrl Pts',(2.64594649424702,0.296431664152754,-26.0561526342791));
#4139=CARTESIAN_POINT('Ctrl Pts',(2.40605895134473,0.233240347180767,-25.8124201522588));
#4140=CARTESIAN_POINT('Ctrl Pts',(2.30397369208559,0.209314365424964,-25.6622499507033));
#4141=CARTESIAN_POINT('Ctrl Pts',(2.1682435181143,0.178859239139709,-25.3322657473245));
#4142=CARTESIAN_POINT('Ctrl Pts',(2.13461805425552,0.172005365356974,-25.1524737955904));
#4143=CARTESIAN_POINT('Ctrl Pts',(2.13461805425552,0.172005365356974,-24.9837170469648));
#4144=CARTESIAN_POINT('',(2.13461805425552,30.,-24.9837170469648));
#4145=CARTESIAN_POINT('',(2.13461805425552,0.,-24.9837170469648));
#4146=CARTESIAN_POINT('Origin',(3.48461805425552,30.,-24.9837170469648));
#4147=CARTESIAN_POINT('Origin',(-57.1403819457445,0.,-67.1887170469648));
#4148=CARTESIAN_POINT('',(-57.1403819457445,0.172005365356974,-65.8387170469648));
#4149=CARTESIAN_POINT('',(-58.4903819457445,0.583801512904335,-67.1887170469648));
#4150=CARTESIAN_POINT('Ctrl Pts',(-57.1403819457445,0.172005365356974,-65.8387170469648));
#4151=CARTESIAN_POINT('Ctrl Pts',(-56.9716251971188,0.172005365356974,-65.8387170469648));
#4152=CARTESIAN_POINT('Ctrl Pts',(-56.7918332453847,0.178859239139709,-65.8723425108235));
#4153=CARTESIAN_POINT('Ctrl Pts',(-56.461849042006,0.209314365424964,-66.0080726847948));
#4154=CARTESIAN_POINT('Ctrl Pts',(-56.3116788404505,0.233240347180765,-66.110157944054));
#4155=CARTESIAN_POINT('Ctrl Pts',(-56.0679463584302,0.296431664152751,-66.3500454869563));
#4156=CARTESIAN_POINT('Ctrl Pts',(-55.9616379111069,0.340903960260589,-66.5059501991641));
#4157=CARTESIAN_POINT('Ctrl Pts',(-55.8229346293759,0.450872412329443,-66.842392674726));
#4158=CARTESIAN_POINT('Ctrl Pts',(-55.7903819457445,0.516671152393827,-67.0227663542794));
#4159=CARTESIAN_POINT('Ctrl Pts',(-55.7903819457445,0.654982893088206,-67.3646821283078));
#4160=CARTESIAN_POINT('Ctrl Pts',(-55.8265936628981,0.737875600728067,-67.5498484325272));
#4161=CARTESIAN_POINT('Ctrl Pts',(-55.9714364804029,0.904540972851409,-67.8887327462161));
#4162=CARTESIAN_POINT('Ctrl Pts',(-56.079956141338,0.988067924114706,-68.0426191547349));
#4163=CARTESIAN_POINT('Ctrl Pts',(-56.3219541346902,1.12055487935699,-68.2739490258902));
#4164=CARTESIAN_POINT('Ctrl Pts',(-56.4674454447205,1.18048329293198,-68.3720534882818));
#4165=CARTESIAN_POINT('Ctrl Pts',(-56.7914275840016,1.26354057386719,-68.5045282732725));
#4166=CARTESIAN_POINT('Ctrl Pts',(-56.9701582238387,1.2860220435274,-68.5387170469648));
#4167=CARTESIAN_POINT('Ctrl Pts',(-57.3106056676502,1.2860220435274,-68.5387170469648));
#4168=CARTESIAN_POINT('Ctrl Pts',(-57.4893363074874,1.26354057386719,-68.5045282732725));
#4169=CARTESIAN_POINT('Ctrl Pts',(-57.8133184467684,1.18048329293198,-68.3720534882818));
#4170=CARTESIAN_POINT('Ctrl Pts',(-57.9588097567988,1.12055487935699,-68.2739490258902));
#4171=CARTESIAN_POINT('Ctrl Pts',(-58.2008077501509,0.988067924114706,-68.0426191547349));
#4172=CARTESIAN_POINT('Ctrl Pts',(-58.309327411086,0.904540972851409,-67.8887327462161));
#4173=CARTESIAN_POINT('Ctrl Pts',(-58.4541702285908,0.737875600728067,-67.5498484325272));
#4174=CARTESIAN_POINT('Ctrl Pts',(-58.4903819457445,0.654982893088208,-67.3646821283078));
#4175=CARTESIAN_POINT('Ctrl Pts',(-58.4903819457445,0.583801512904337,-67.1887170469648));
#4176=CARTESIAN_POINT('Ctrl Pts',(-58.4903819457445,0.583801512904335,-67.1887170469648));
#4177=CARTESIAN_POINT('Ctrl Pts',(-58.4903819457445,0.516671152393826,-67.0227663542793));
#4178=CARTESIAN_POINT('Ctrl Pts',(-58.457829262113,0.450872412329443,-66.842392674726));
#4179=CARTESIAN_POINT('Ctrl Pts',(-58.3191259803821,0.340903960260589,-66.5059501991641));
#4180=CARTESIAN_POINT('Ctrl Pts',(-58.2128175330588,0.296431664152751,-66.3500454869563));
#4181=CARTESIAN_POINT('Ctrl Pts',(-57.9690850510385,0.233240347180765,-66.110157944054));
#4182=CARTESIAN_POINT('Ctrl Pts',(-57.818914849483,0.209314365424964,-66.0080726847948));
#4183=CARTESIAN_POINT('Ctrl Pts',(-57.4889306461042,0.178859239139709,-65.8723425108235));
#4184=CARTESIAN_POINT('Ctrl Pts',(-57.3091386943701,0.172005365356974,-65.8387170469648));
#4185=CARTESIAN_POINT('Ctrl Pts',(-57.1403819457445,0.172005365356974,-65.8387170469648));
#4186=CARTESIAN_POINT('',(-58.4903819457445,30.,-67.1887170469648));
#4187=CARTESIAN_POINT('',(-58.4903819457445,0.,-67.1887170469648));
#4188=CARTESIAN_POINT('Origin',(-57.1403819457445,30.,-67.1887170469648));
#4189=CARTESIAN_POINT('Origin',(-57.1403819457445,0.,17.2212829530352));
#4190=CARTESIAN_POINT('',(-57.1403819457445,0.172005365356975,15.8712829530352));
#4191=CARTESIAN_POINT('',(-58.4903819457445,0.583801512904338,17.2212829530352));
#4192=CARTESIAN_POINT('Ctrl Pts',(-57.1403819457445,0.172005365356975,15.8712829530352));
#4193=CARTESIAN_POINT('Ctrl Pts',(-57.3091386943701,0.172005365356975,15.8712829530352));
#4194=CARTESIAN_POINT('Ctrl Pts',(-57.4889306461042,0.17885923913971,15.904908416894));
#4195=CARTESIAN_POINT('Ctrl Pts',(-57.818914849483,0.209314365424965,16.0406385908653));
#4196=CARTESIAN_POINT('Ctrl Pts',(-57.9690850510385,0.233240347180767,16.1427238501244));
#4197=CARTESIAN_POINT('Ctrl Pts',(-58.2128175330588,0.296431664152754,16.3826113930267));
#4198=CARTESIAN_POINT('Ctrl Pts',(-58.3191259803821,0.340903960260587,16.5385161052346));
#4199=CARTESIAN_POINT('Ctrl Pts',(-58.457829262113,0.450872412329442,16.8749585807964));
#4200=CARTESIAN_POINT('Ctrl Pts',(-58.4903819457445,0.516671152393828,17.0553322603498));
#4201=CARTESIAN_POINT('Ctrl Pts',(-58.4903819457445,0.583801512904337,17.2212829530352));
#4202=CARTESIAN_POINT('Ctrl Pts',(-58.4903819457445,0.583801512904338,17.2212829530352));
#4203=CARTESIAN_POINT('Ctrl Pts',(-58.4903819457445,0.654982893088209,17.3972480343782));
#4204=CARTESIAN_POINT('Ctrl Pts',(-58.4541702285908,0.737875600728073,17.5824143385977));
#4205=CARTESIAN_POINT('Ctrl Pts',(-58.309327411086,0.904540972851415,17.9212986522866));
#4206=CARTESIAN_POINT('Ctrl Pts',(-58.2008077501509,0.988067924114709,18.0751850608054));
#4207=CARTESIAN_POINT('Ctrl Pts',(-57.9588097567988,1.12055487935699,18.3065149319607));
#4208=CARTESIAN_POINT('Ctrl Pts',(-57.8133184467684,1.18048329293199,18.4046193943523));
#4209=CARTESIAN_POINT('Ctrl Pts',(-57.4893363074874,1.2635405738672,18.537094179343));
#4210=CARTESIAN_POINT('Ctrl Pts',(-57.3106056676502,1.2860220435274,18.5712829530352));
#4211=CARTESIAN_POINT('Ctrl Pts',(-56.9701582238387,1.2860220435274,18.5712829530352));
#4212=CARTESIAN_POINT('Ctrl Pts',(-56.7914275840016,1.2635405738672,18.537094179343));
#4213=CARTESIAN_POINT('Ctrl Pts',(-56.4674454447205,1.18048329293198,18.4046193943523));
#4214=CARTESIAN_POINT('Ctrl Pts',(-56.3219541346902,1.12055487935699,18.3065149319607));
#4215=CARTESIAN_POINT('Ctrl Pts',(-56.079956141338,0.988067924114709,18.0751850608054));
#4216=CARTESIAN_POINT('Ctrl Pts',(-55.9714364804029,0.904540972851414,17.9212986522866));
#4217=CARTESIAN_POINT('Ctrl Pts',(-55.8265936628981,0.737875600728072,17.5824143385977));
#4218=CARTESIAN_POINT('Ctrl Pts',(-55.7903819457445,0.654982893088208,17.3972480343782));
#4219=CARTESIAN_POINT('Ctrl Pts',(-55.7903819457445,0.516671152393828,17.0553322603498));
#4220=CARTESIAN_POINT('Ctrl Pts',(-55.8229346293759,0.450872412329444,16.8749585807965));
#4221=CARTESIAN_POINT('Ctrl Pts',(-55.9616379111069,0.340903960260589,16.5385161052346));
#4222=CARTESIAN_POINT('Ctrl Pts',(-56.0679463584302,0.296431664152754,16.3826113930267));
#4223=CARTESIAN_POINT('Ctrl Pts',(-56.3116788404505,0.233240347180767,16.1427238501244));
#4224=CARTESIAN_POINT('Ctrl Pts',(-56.461849042006,0.209314365424965,16.0406385908653));
#4225=CARTESIAN_POINT('Ctrl Pts',(-56.7918332453847,0.17885923913971,15.904908416894));
#4226=CARTESIAN_POINT('Ctrl Pts',(-56.9716251971188,0.172005365356975,15.8712829530352));
#4227=CARTESIAN_POINT('Ctrl Pts',(-57.1403819457445,0.172005365356975,15.8712829530352));
#4228=CARTESIAN_POINT('',(-58.4903819457445,30.,17.2212829530352));
#4229=CARTESIAN_POINT('',(-58.4903819457445,0.,17.2212829530352));
#4230=CARTESIAN_POINT('Origin',(-57.1403819457445,30.,17.2212829530352));
#4231=CARTESIAN_POINT('Origin',(-11.5153819457445,8.,-52.1887170469648));
#4232=CARTESIAN_POINT('',(8.48461805425552,8.,-52.1887170469648));
#4233=CARTESIAN_POINT('Origin',(0.484618054255523,8.,-52.1887170469648));
#4234=CARTESIAN_POINT('',(-11.5153819457445,8.,-72.1887170469648));
#4235=CARTESIAN_POINT('Origin',(-11.5153819457445,8.,-64.1887170469648));
#4236=CARTESIAN_POINT('Origin',(-11.5153819457445,8.,-52.1887170469648));
#4237=CARTESIAN_POINT('Origin',(-24.3278819457445,8.,-64.1887170469648));
#4238=CARTESIAN_POINT('',(-102.765381945744,8.,-72.1887170469648));
#4239=CARTESIAN_POINT('Origin',(-102.765381945744,8.,-64.1887170469648));
#4240=CARTESIAN_POINT('',(-24.3278819457445,8.,-72.1887170469648));
#4241=CARTESIAN_POINT('Origin',(-102.765381945744,8.,-52.1887170469648));
#4242=CARTESIAN_POINT('',(-122.765381945744,8.,-52.1887170469648));
#4243=CARTESIAN_POINT('Origin',(-114.765381945744,8.,-52.1887170469648));
#4244=CARTESIAN_POINT('Origin',(-102.765381945744,8.,-52.1887170469648));
#4245=CARTESIAN_POINT('Origin',(-114.765381945744,8.,-48.5862170469648));
#4246=CARTESIAN_POINT('',(-122.765381945744,8.,2.22128295303524));
#4247=CARTESIAN_POINT('Origin',(-114.765381945744,8.,2.22128295303524));
#4248=CARTESIAN_POINT('',(-122.765381945744,8.,-48.5862170469648));
#4249=CARTESIAN_POINT('Origin',(-102.765381945744,8.,2.22128295303524));
#4250=CARTESIAN_POINT('',(-102.765381945744,8.,22.2212829530352));
#4251=CARTESIAN_POINT('Origin',(-102.765381945744,8.,14.2212829530352));
#4252=CARTESIAN_POINT('Origin',(-102.765381945744,8.,2.22128295303524));
#4253=CARTESIAN_POINT('Origin',(-89.9528819457445,8.,14.2212829530352));
#4254=CARTESIAN_POINT('',(-11.5153819457445,8.,22.2212829530352));
#4255=CARTESIAN_POINT('Origin',(-11.5153819457445,8.,14.2212829530352));
#4256=CARTESIAN_POINT('',(-89.9528819457445,8.,22.2212829530352));
#4257=CARTESIAN_POINT('Origin',(-11.5153819457445,8.,2.22128295303523));
#4258=CARTESIAN_POINT('',(8.48461805425552,8.,2.22128295303523));
#4259=CARTESIAN_POINT('Origin',(0.484618054255523,8.,2.22128295303523));
#4260=CARTESIAN_POINT('Origin',(-11.5153819457445,8.,2.22128295303523));
#4261=CARTESIAN_POINT('Origin',(0.484618054255521,8.,-1.38121704696477));
#4262=CARTESIAN_POINT('',(8.48461805425552,8.,-1.38121704696477));
#4263=CARTESIAN_POINT('Origin',(-122.765381945744,0.,22.2212829530352));
#4264=CARTESIAN_POINT('',(-11.5153819457445,30.,22.2212829530352));
#4265=CARTESIAN_POINT('',(-11.5153819457445,0.,22.2212829530352));
#4266=CARTESIAN_POINT('',(-102.765381945744,30.,22.2212829530352));
#4267=CARTESIAN_POINT('',(8.48461805425552,30.,22.2212829530352));
#4268=CARTESIAN_POINT('',(-102.765381945744,0.,22.2212829530352));
#4269=CARTESIAN_POINT('Origin',(-11.5153819457445,0.,2.22128295303523));
#4270=CARTESIAN_POINT('',(8.48461805425552,30.,2.22128295303524));
#4271=CARTESIAN_POINT('',(8.48461805425552,0.,2.22128295303523));
#4272=CARTESIAN_POINT('Origin',(-11.5153819457445,30.,2.22128295303523));
#4273=CARTESIAN_POINT('Origin',(8.48461805425552,0.,22.2212829530352));
#4274=CARTESIAN_POINT('',(8.48461805425552,30.,-52.1887170469648));
#4275=CARTESIAN_POINT('',(8.48461805425552,0.,-52.1887170469648));
#4276=CARTESIAN_POINT('',(8.48461805425552,30.,-72.1887170469648));
#4277=CARTESIAN_POINT('Origin',(-11.5153819457445,0.,-52.1887170469648));
#4278=CARTESIAN_POINT('',(-11.5153819457445,30.,-72.1887170469648));
#4279=CARTESIAN_POINT('',(-11.5153819457445,0.,-72.1887170469648));
#4280=CARTESIAN_POINT('Origin',(-11.5153819457445,30.,-52.1887170469648));
#4281=CARTESIAN_POINT('Origin',(-102.765381945744,0.,2.22128295303524));
#4282=CARTESIAN_POINT('',(-122.765381945744,30.,2.22128295303524));
#4283=CARTESIAN_POINT('Origin',(-102.765381945744,30.,2.22128295303524));
#4284=CARTESIAN_POINT('',(-122.765381945744,0.,2.22128295303524));
#4285=CARTESIAN_POINT('Origin',(-57.1403819457445,30.,-24.9837170469648));
#4286=CARTESIAN_POINT('',(-102.765381945744,30.,-72.1887170469648));
#4287=CARTESIAN_POINT('',(-122.765381945744,30.,-72.1887170469648));
#4288=CARTESIAN_POINT('',(-122.765381945744,30.,-52.1887170469648));
#4289=CARTESIAN_POINT('Origin',(-102.765381945744,30.,-52.1887170469648));
#4290=CARTESIAN_POINT('',(-122.765381945744,30.,22.2212829530352));
#4291=CARTESIAN_POINT('',(-1.51538194574448,30.,12.2212829530352));
#4292=CARTESIAN_POINT('',(-112.765381945744,30.,12.2212829530352));
#4293=CARTESIAN_POINT('',(-1.51538194574448,30.,12.2212829530352));
#4294=CARTESIAN_POINT('',(-112.765381945744,30.,-62.1887170469648));
#4295=CARTESIAN_POINT('',(-112.765381945744,30.,12.2212829530352));
#4296=CARTESIAN_POINT('',(-1.51538194574448,30.,-62.1887170469648));
#4297=CARTESIAN_POINT('',(-112.765381945744,30.,-62.1887170469648));
#4298=CARTESIAN_POINT('',(-1.51538194574448,30.,-62.1887170469648));
#4299=CARTESIAN_POINT('Origin',(-102.765381945744,0.,-52.1887170469648));
#4300=CARTESIAN_POINT('',(-122.765381945744,0.,-52.1887170469648));
#4301=CARTESIAN_POINT('',(-102.765381945744,0.,-72.1887170469648));
#4302=CARTESIAN_POINT('Origin',(8.48461805425552,0.,-72.1887170469648));
#4303=CARTESIAN_POINT('Origin',(-112.765381945744,0.,-62.1887170469648));
#4304=CARTESIAN_POINT('',(-1.51538194574448,0.,-62.1887170469648));
#4305=CARTESIAN_POINT('',(-112.765381945744,0.,-62.1887170469648));
#4306=CARTESIAN_POINT('Origin',(-1.51538194574448,0.,-62.1887170469648));
#4307=CARTESIAN_POINT('',(-1.51538194574448,0.,12.2212829530352));
#4308=CARTESIAN_POINT('Origin',(-112.765381945744,0.,12.2212829530352));
#4309=CARTESIAN_POINT('',(-112.765381945744,0.,12.2212829530352));
#4310=CARTESIAN_POINT('Origin',(-1.51538194574448,0.,12.2212829530352));
#4311=CARTESIAN_POINT('Origin',(-122.765381945744,0.,-72.1887170469648));
#4312=CARTESIAN_POINT('Origin',(-21.1181898065781,18.3939888370906,-75.0787170469648));
#4313=CARTESIAN_POINT('',(-19.5836040051778,24.962269621864,-75.0787170469648));
#4314=CARTESIAN_POINT('',(-19.8349581718445,21.443312218984,-75.0787170469648));
#4315=CARTESIAN_POINT('',(-19.8349581718445,21.443312218984,-75.0787170469648));
#4316=CARTESIAN_POINT('',(-14.2787089792887,20.4775830523173,-75.0787170469648));
#4317=CARTESIAN_POINT('',(-14.2787089792887,20.4775830523173,-75.0787170469648));
#4318=CARTESIAN_POINT('',(-20.1392290051778,18.3212288856506,-75.0787170469648));
#4319=CARTESIAN_POINT('',(-20.1392290051778,18.3212288856506,-75.0787170469648));
#4320=CARTESIAN_POINT('',(-20.7213123385111,11.8257080523173,-75.0787170469648));
#4321=CARTESIAN_POINT('',(-20.7213123385111,11.8257080523173,-75.0787170469648));
#4322=CARTESIAN_POINT('',(-23.3406873385111,17.1835205523173,-75.0787170469648));
#4323=CARTESIAN_POINT('',(-23.3406873385111,17.1835205523173,-75.0787170469648));
#4324=CARTESIAN_POINT('',(-27.9576706338674,15.609249718984,-75.0787170469648));
#4325=CARTESIAN_POINT('',(-27.9576706338674,15.609249718984,-75.0787170469648));
#4326=CARTESIAN_POINT('',(-24.5313123385111,19.538312218984,-75.0787170469648));
#4327=CARTESIAN_POINT('',(-24.5313123385111,19.538312218984,-75.0787170469648));
#4328=CARTESIAN_POINT('',(-25.801315164566,22.0783120171229,-75.0787170469648));
#4329=CARTESIAN_POINT('',(-25.801315164566,22.0783120171229,-75.0787170469648));
#4330=CARTESIAN_POINT('',(-22.4543331718445,21.7475828504562,-75.0787170469648));
#4331=CARTESIAN_POINT('',(-22.4543331718445,21.7475828504562,-75.0787170469648));
#4332=CARTESIAN_POINT('',(-19.5836040051778,24.962269621864,-75.0787170469648));
#4333=CARTESIAN_POINT('Origin',(-21.1181898065781,18.3939888370906,-70.4787170469648));
#4334=CARTESIAN_POINT('',(-19.5836040051778,24.962269621864,-70.4787170469648));
#4335=CARTESIAN_POINT('',(-19.8349581718445,21.443312218984,-70.4787170469648));
#4336=CARTESIAN_POINT('',(-19.9465667272498,19.8807928564586,-70.4787170469648));
#4337=CARTESIAN_POINT('',(-22.4543331718445,21.7475828504562,-70.4787170469648));
#4338=CARTESIAN_POINT('',(-21.5556317046487,22.753962606368,-70.4787170469648));
#4339=CARTESIAN_POINT('',(-25.801315164566,22.0783120171229,-70.4787170469648));
#4340=CARTESIAN_POINT('',(-21.6286325604423,21.6659919498422,-70.4787170469648));
#4341=CARTESIAN_POINT('',(-24.5313123385111,19.538312218984,-70.4787170469648));
#4342=CARTESIAN_POINT('',(-24.5961352468835,19.6679577369329,-70.4787170469648));
#4343=CARTESIAN_POINT('',(-27.9576706338674,15.609249718984,-70.4787170469648));
#4344=CARTESIAN_POINT('',(-24.077544600566,20.0586552914777,-70.4787170469648));
#4345=CARTESIAN_POINT('',(-23.3406873385111,17.1835205523173,-70.4787170469648));
#4346=CARTESIAN_POINT('',(-24.4687962503624,16.7988648489846,-70.4787170469648));
#4347=CARTESIAN_POINT('',(-20.7213123385111,11.8257080523173,-70.4787170469648));
#4348=CARTESIAN_POINT('',(-23.3651342887842,17.2335256778757,-70.4787170469648));
#4349=CARTESIAN_POINT('',(-20.1392290051778,18.3212288856506,-70.4787170469648));
#4350=CARTESIAN_POINT('',(-20.4309359794579,15.0660442408428,-70.4787170469648));
#4351=CARTESIAN_POINT('',(-14.2787089792887,20.4775830523173,-70.4787170469648));
#4352=CARTESIAN_POINT('',(-20.5585536291236,18.1669401201423,-70.4787170469648));
#4353=CARTESIAN_POINT('',(-17.4224048128465,21.0239874075544,-70.4787170469648));
#4354=CARTESIAN_POINT('Origin',(-24.5313123385111,19.538312218984,-72.7787170469648));
#4355=CARTESIAN_POINT('',(-24.5313123385111,19.538312218984,-72.7787170469648));
#4356=CARTESIAN_POINT('',(-27.9576706338674,15.609249718984,-72.7787170469648));
#4357=CARTESIAN_POINT('Origin',(-25.801315164566,22.0783120171229,-72.7787170469648));
#4358=CARTESIAN_POINT('',(-25.801315164566,22.0783120171229,-72.7787170469648));
#4359=CARTESIAN_POINT('Origin',(-22.4543331718445,21.7475828504562,-72.7787170469648));
#4360=CARTESIAN_POINT('',(-22.4543331718445,21.7475828504562,-72.7787170469648));
#4361=CARTESIAN_POINT('Origin',(-19.5836040051778,24.962269621864,-72.7787170469648));
#4362=CARTESIAN_POINT('',(-19.5836040051778,24.962269621864,-72.7787170469648));
#4363=CARTESIAN_POINT('Origin',(-19.8349581718445,21.443312218984,-72.7787170469648));
#4364=CARTESIAN_POINT('',(-19.8349581718445,21.443312218984,-72.7787170469648));
#4365=CARTESIAN_POINT('Origin',(-14.2787089792887,20.4775830523173,-72.7787170469648));
#4366=CARTESIAN_POINT('',(-14.2787089792887,20.4775830523173,-72.7787170469648));
#4367=CARTESIAN_POINT('Origin',(-20.1392290051778,18.3212288856506,-72.7787170469648));
#4368=CARTESIAN_POINT('',(-20.1392290051778,18.3212288856506,-72.7787170469648));
#4369=CARTESIAN_POINT('Origin',(-20.7213123385111,11.8257080523173,-72.7787170469648));
#4370=CARTESIAN_POINT('',(-20.7213123385111,11.8257080523173,-72.7787170469648));
#4371=CARTESIAN_POINT('Origin',(-23.3406873385111,17.1835205523173,-72.7787170469648));
#4372=CARTESIAN_POINT('',(-23.3406873385111,17.1835205523173,-72.7787170469648));
#4373=CARTESIAN_POINT('Origin',(-27.9576706338674,15.609249718984,-72.7787170469648));
#4374=CARTESIAN_POINT('Origin',(-57.6403819457445,4.3,-24.9837170469648));
#4375=CARTESIAN_POINT('',(-71.4329296355099,4.3,-24.9837170469648));
#4376=CARTESIAN_POINT('Origin',(-57.6403819457445,4.3,-24.9837170469648));
#4377=CARTESIAN_POINT('',(-53.6403819457445,4.3,-28.9837170469648));
#4378=CARTESIAN_POINT('',(-53.6403819457445,4.3,-20.9837170469648));
#4379=CARTESIAN_POINT('',(-53.6403819457445,4.3,-26.9837170469648));
#4380=CARTESIAN_POINT('',(-61.6403819457445,4.3,-28.9837170469648));
#4381=CARTESIAN_POINT('',(-59.6403819457445,4.3,-28.9837170469648));
#4382=CARTESIAN_POINT('',(-61.6403819457445,4.3,-20.9837170469648));
#4383=CARTESIAN_POINT('',(-61.6403819457445,4.3,-22.9837170469648));
#4384=CARTESIAN_POINT('',(-55.6403819457445,4.3,-20.9837170469648));
#4385=CARTESIAN_POINT('Origin',(-53.6403819457445,0.,-20.9837170469648));
#4386=CARTESIAN_POINT('',(-61.6403819457445,5.,-20.9837170469648));
#4387=CARTESIAN_POINT('',(-61.6403819457445,0.,-20.9837170469648));
#4388=CARTESIAN_POINT('',(-53.6403819457445,5.,-20.9837170469648));
#4389=CARTESIAN_POINT('',(-61.6403819457445,5.,-20.9837170469648));
#4390=CARTESIAN_POINT('',(-53.6403819457445,0.,-20.9837170469648));
#4391=CARTESIAN_POINT('Origin',(-61.6403819457445,0.,-20.9837170469648));
#4392=CARTESIAN_POINT('',(-61.6403819457445,5.,-28.9837170469648));
#4393=CARTESIAN_POINT('',(-61.6403819457445,0.,-28.9837170469648));
#4394=CARTESIAN_POINT('',(-61.6403819457445,5.,-28.9837170469648));
#4395=CARTESIAN_POINT('Origin',(-61.6403819457445,0.,-28.9837170469648));
#4396=CARTESIAN_POINT('',(-53.6403819457445,5.,-28.9837170469648));
#4397=CARTESIAN_POINT('',(-53.6403819457445,0.,-28.9837170469648));
#4398=CARTESIAN_POINT('',(-53.6403819457445,5.,-28.9837170469648));
#4399=CARTESIAN_POINT('Origin',(-53.6403819457445,0.,-28.9837170469648));
#4400=CARTESIAN_POINT('',(-53.6403819457445,5.,-20.9837170469648));
#4401=CARTESIAN_POINT('Origin',(-57.6403819457445,0.,-24.9837170469648));
#4402=CARTESIAN_POINT('',(-71.4329296355099,5.,-24.9837170469648));
#4403=CARTESIAN_POINT('Origin',(-57.6403819457445,5.,-24.9837170469648));
#4404=CARTESIAN_POINT('',(-71.4329296355099,0.,-24.9837170469648));
#4405=CARTESIAN_POINT('Origin',(-57.6403819457445,5.,-24.9837170469648));
#4406=CARTESIAN_POINT('Origin',(-54.358887245006,3.,-59.3273014919383));
#4407=CARTESIAN_POINT('',(-54.358887245006,3.,-50.7758048362273));
#4408=CARTESIAN_POINT('',(-54.358887245006,3.,-59.3273014919383));
#4409=CARTESIAN_POINT('',(-54.358887245006,3.,-7.81192482447802));
#4410=CARTESIAN_POINT('',(-54.358887245006,2.9,-50.7758048362273));
#4411=CARTESIAN_POINT('',(-54.358887245006,3.,-50.7758048362273));
#4412=CARTESIAN_POINT('',(-54.358887245006,2.9,-59.3273014919383));
#4413=CARTESIAN_POINT('',(-54.358887245006,2.9,-7.81192482447802));
#4414=CARTESIAN_POINT('',(-54.358887245006,3.,-59.3273014919383));
#4415=CARTESIAN_POINT('Origin',(-57.6403819457445,3.,-24.9837170469648));
#4416=CARTESIAN_POINT('',(-23.2825164022597,3.,-28.1121472117317));
#4417=CARTESIAN_POINT('Origin',(-57.6403819457445,3.,-24.9837170469648));
#4418=CARTESIAN_POINT('',(-23.2825164022597,2.9,-28.1121472117317));
#4419=CARTESIAN_POINT('Origin',(-57.6403819457445,2.9,-24.9837170469648));
#4420=CARTESIAN_POINT('',(-23.2825164022597,3.,-28.1121472117317));
#4421=CARTESIAN_POINT('Origin',(-31.8292811419396,3.,-28.1121472117317));
#4422=CARTESIAN_POINT('',(-31.8292811419396,3.,-28.1121472117317));
#4423=CARTESIAN_POINT('',(-70.2959323476469,3.,-28.1121472117317));
#4424=CARTESIAN_POINT('',(-31.8292811419396,2.9,-28.1121472117317));
#4425=CARTESIAN_POINT('',(-70.2959323476469,2.9,-28.1121472117317));
#4426=CARTESIAN_POINT('',(-31.8292811419396,3.,-28.1121472117317));
#4427=CARTESIAN_POINT('Origin',(-57.6403819457445,3.,-24.9837170469648));
#4428=CARTESIAN_POINT('',(-31.8905700833713,3.,-21.3854967851709));
#4429=CARTESIAN_POINT('Origin',(-57.6403819457445,3.,-24.9837170469648));
#4430=CARTESIAN_POINT('',(-31.8905700833713,2.9,-21.3854967851709));
#4431=CARTESIAN_POINT('Origin',(-57.6403819457445,2.9,-24.9837170469648));
#4432=CARTESIAN_POINT('',(-31.8905700833713,3.,-21.3854967851709));
#4433=CARTESIAN_POINT('Origin',(-23.3285354354266,3.,-21.3854967851709));
#4434=CARTESIAN_POINT('',(-23.3285354354266,3.,-21.3854967851709));
#4435=CARTESIAN_POINT('',(-74.5463052009034,3.,-21.3854967851709));
#4436=CARTESIAN_POINT('',(-23.3285354354266,2.9,-21.3854967851709));
#4437=CARTESIAN_POINT('',(-74.5463052009034,2.9,-21.3854967851709));
#4438=CARTESIAN_POINT('',(-23.3285354354266,3.,-21.3854967851709));
#4439=CARTESIAN_POINT('Origin',(-57.6403819457445,3.,-24.9837170469648));
#4440=CARTESIAN_POINT('',(-54.358887245006,3.,9.35986739800874));
#4441=CARTESIAN_POINT('Origin',(-57.6403819457445,3.,-24.9837170469648));
#4442=CARTESIAN_POINT('',(-54.358887245006,2.9,9.35986739800874));
#4443=CARTESIAN_POINT('Origin',(-57.6403819457445,2.9,-24.9837170469648));
#4444=CARTESIAN_POINT('',(-54.358887245006,3.,9.35986739800874));
#4445=CARTESIAN_POINT('Origin',(-54.358887245006,3.,0.808370742297768));
#4446=CARTESIAN_POINT('',(-54.358887245006,3.,0.808370742297768));
#4447=CARTESIAN_POINT('',(-54.358887245006,3.,-7.81192482447802));
#4448=CARTESIAN_POINT('',(-54.358887245006,2.9,0.808370742297768));
#4449=CARTESIAN_POINT('',(-54.358887245006,2.9,-7.81192482447802));
#4450=CARTESIAN_POINT('',(-54.358887245006,3.,0.808370742297768));
#4451=CARTESIAN_POINT('Origin',(-57.6403819457445,3.,-24.9837170469648));
#4452=CARTESIAN_POINT('',(-60.921876646483,3.,0.808370742297768));
#4453=CARTESIAN_POINT('Origin',(-57.6403819457445,3.,-24.9837170469648));
#4454=CARTESIAN_POINT('',(-60.921876646483,2.9,0.808370742297768));
#4455=CARTESIAN_POINT('Origin',(-57.6403819457445,2.9,-24.9837170469648));
#4456=CARTESIAN_POINT('',(-60.921876646483,3.,0.808370742297768));
#4457=CARTESIAN_POINT('Origin',(-60.921876646483,3.,9.35986739800874));
#4458=CARTESIAN_POINT('',(-60.921876646483,3.,9.35986739800874));
#4459=CARTESIAN_POINT('',(-60.921876646483,3.,-12.0876731523335));
#4460=CARTESIAN_POINT('',(-60.921876646483,2.9,9.35986739800874));
#4461=CARTESIAN_POINT('',(-60.921876646483,2.9,-12.0876731523335));
#4462=CARTESIAN_POINT('',(-60.921876646483,3.,9.35986739800874));
#4463=CARTESIAN_POINT('Origin',(-57.6403819457445,3.,-24.9837170469648));
#4464=CARTESIAN_POINT('',(-91.9522284560624,3.,-21.3854967851709));
#4465=CARTESIAN_POINT('Origin',(-57.6403819457445,3.,-24.9837170469648));
#4466=CARTESIAN_POINT('',(-91.9522284560624,2.9,-21.3854967851709));
#4467=CARTESIAN_POINT('Origin',(-57.6403819457445,2.9,-24.9837170469648));
#4468=CARTESIAN_POINT('',(-91.9522284560624,3.,-21.3854967851709));
#4469=CARTESIAN_POINT('Origin',(-83.3901938081177,3.,-21.3854967851709));
#4470=CARTESIAN_POINT('',(-83.3901938081177,3.,-21.3854967851709));
#4471=CARTESIAN_POINT('',(-74.5463052009034,3.,-21.3854967851709));
#4472=CARTESIAN_POINT('',(-83.3901938081177,2.9,-21.3854967851709));
#4473=CARTESIAN_POINT('',(-74.5463052009034,2.9,-21.3854967851709));
#4474=CARTESIAN_POINT('',(-83.3901938081177,3.,-21.3854967851709));
#4475=CARTESIAN_POINT('Origin',(-57.6403819457445,3.,-24.9837170469648));
#4476=CARTESIAN_POINT('',(-83.4514827495494,3.,-28.1121472117317));
#4477=CARTESIAN_POINT('Origin',(-57.6403819457445,3.,-24.9837170469648));
#4478=CARTESIAN_POINT('',(-83.4514827495494,2.9,-28.1121472117317));
#4479=CARTESIAN_POINT('Origin',(-57.6403819457445,2.9,-24.9837170469648));
#4480=CARTESIAN_POINT('',(-83.4514827495494,3.,-28.1121472117317));
#4481=CARTESIAN_POINT('Origin',(-91.9982474892292,3.,-28.1121472117317));
#4482=CARTESIAN_POINT('',(-91.9982474892292,3.,-28.1121472117317));
#4483=CARTESIAN_POINT('',(-70.2959323476469,3.,-28.1121472117317));
#4484=CARTESIAN_POINT('',(-91.9982474892292,2.9,-28.1121472117317));
#4485=CARTESIAN_POINT('',(-70.2959323476469,2.9,-28.1121472117317));
#4486=CARTESIAN_POINT('',(-91.9982474892292,3.,-28.1121472117317));
#4487=CARTESIAN_POINT('Origin',(-57.6403819457445,3.,-24.9837170469648));
#4488=CARTESIAN_POINT('',(-60.921876646483,3.,-59.3273014919383));
#4489=CARTESIAN_POINT('Origin',(-57.6403819457445,3.,-24.9837170469648));
#4490=CARTESIAN_POINT('',(-60.921876646483,2.9,-59.3273014919383));
#4491=CARTESIAN_POINT('Origin',(-57.6403819457445,2.9,-24.9837170469648));
#4492=CARTESIAN_POINT('',(-60.921876646483,3.,-59.3273014919383));
#4493=CARTESIAN_POINT('Origin',(-60.921876646483,3.,-50.7758048362273));
#4494=CARTESIAN_POINT('',(-60.921876646483,3.,-50.7758048362273));
#4495=CARTESIAN_POINT('',(-60.921876646483,3.,-12.0876731523335));
#4496=CARTESIAN_POINT('',(-60.921876646483,2.9,-50.7758048362273));
#4497=CARTESIAN_POINT('',(-60.921876646483,2.9,-12.0876731523335));
#4498=CARTESIAN_POINT('',(-60.921876646483,3.,-50.7758048362273));
#4499=CARTESIAN_POINT('Origin',(-57.6403819457445,3.,-24.9837170469648));
#4500=CARTESIAN_POINT('Origin',(-57.6403819457445,3.,-24.9837170469648));
#4501=CARTESIAN_POINT('Origin',(-57.6403819457445,2.9,-24.9837170469648));
#4502=CARTESIAN_POINT('Origin',(-102.765381945744,3.,-52.1887170469648));
#4503=CARTESIAN_POINT('',(-102.765381945744,3.,-64.1887170469648));
#4504=CARTESIAN_POINT('',(-114.765381945744,3.,-52.1887170469648));
#4505=CARTESIAN_POINT('Origin',(-102.765381945744,3.,-52.1887170469648));
#4506=CARTESIAN_POINT('',(-102.765381945744,2.9,-64.1887170469648));
#4507=CARTESIAN_POINT('',(-102.765381945744,3.,-64.1887170469648));
#4508=CARTESIAN_POINT('',(-114.765381945744,2.9,-52.1887170469648));
#4509=CARTESIAN_POINT('Origin',(-102.765381945744,2.9,-52.1887170469648));
#4510=CARTESIAN_POINT('',(-114.765381945744,3.,-52.1887170469648));
#4511=CARTESIAN_POINT('Origin',(-114.765381945744,3.,2.22128295303524));
#4512=CARTESIAN_POINT('',(-114.765381945744,3.,2.22128295303524));
#4513=CARTESIAN_POINT('',(-114.765381945744,3.,-48.5862170469648));
#4514=CARTESIAN_POINT('',(-114.765381945744,2.9,2.22128295303524));
#4515=CARTESIAN_POINT('',(-114.765381945744,2.9,-48.5862170469648));
#4516=CARTESIAN_POINT('',(-114.765381945744,3.,2.22128295303524));
#4517=CARTESIAN_POINT('Origin',(-102.765381945744,3.,2.22128295303524));
#4518=CARTESIAN_POINT('',(-102.765381945744,3.,14.2212829530352));
#4519=CARTESIAN_POINT('Origin',(-102.765381945744,3.,2.22128295303524));
#4520=CARTESIAN_POINT('',(-102.765381945744,2.9,14.2212829530352));
#4521=CARTESIAN_POINT('Origin',(-102.765381945744,2.9,2.22128295303524));
#4522=CARTESIAN_POINT('',(-102.765381945744,3.,14.2212829530352));
#4523=CARTESIAN_POINT('Origin',(-11.5153819457445,3.,14.2212829530352));
#4524=CARTESIAN_POINT('',(-11.5153819457445,3.,14.2212829530352));
#4525=CARTESIAN_POINT('',(-89.9528819457445,3.,14.2212829530352));
#4526=CARTESIAN_POINT('',(-11.5153819457445,2.9,14.2212829530352));
#4527=CARTESIAN_POINT('',(-89.9528819457445,2.9,14.2212829530352));
#4528=CARTESIAN_POINT('',(-11.5153819457445,3.,14.2212829530352));
#4529=CARTESIAN_POINT('Origin',(-11.5153819457445,3.,2.22128295303523));
#4530=CARTESIAN_POINT('',(0.484618054255526,3.,2.22128295303524));
#4531=CARTESIAN_POINT('Origin',(-11.5153819457445,3.,2.22128295303523));
#4532=CARTESIAN_POINT('',(0.484618054255526,2.9,2.22128295303524));
#4533=CARTESIAN_POINT('Origin',(-11.5153819457445,2.9,2.22128295303523));
#4534=CARTESIAN_POINT('',(0.484618054255526,3.,2.22128295303524));
#4535=CARTESIAN_POINT('Origin',(0.484618054255521,3.,-52.1887170469648));
#4536=CARTESIAN_POINT('',(0.484618054255526,3.,-52.1887170469648));
#4537=CARTESIAN_POINT('',(0.484618054255521,3.,-1.38121704696477));
#4538=CARTESIAN_POINT('',(0.484618054255526,2.9,-52.1887170469648));
#4539=CARTESIAN_POINT('',(0.484618054255521,2.9,-1.38121704696477));
#4540=CARTESIAN_POINT('',(0.484618054255526,3.,-52.1887170469648));
#4541=CARTESIAN_POINT('Origin',(-11.5153819457445,3.,-52.1887170469648));
#4542=CARTESIAN_POINT('',(-11.5153819457445,3.,-64.1887170469648));
#4543=CARTESIAN_POINT('Origin',(-11.5153819457445,3.,-52.1887170469648));
#4544=CARTESIAN_POINT('',(-11.5153819457445,2.9,-64.1887170469648));
#4545=CARTESIAN_POINT('Origin',(-11.5153819457445,2.9,-52.1887170469648));
#4546=CARTESIAN_POINT('',(-11.5153819457445,3.,-64.1887170469648));
#4547=CARTESIAN_POINT('Origin',(-102.765381945744,3.,-64.1887170469648));
#4548=CARTESIAN_POINT('',(-24.3278819457445,3.,-64.1887170469648));
#4549=CARTESIAN_POINT('',(-24.3278819457445,2.9,-64.1887170469648));
#4550=CARTESIAN_POINT('Origin',(-57.1403819457445,2.9,-24.9837170469648));
#4551=CARTESIAN_POINT('Origin',(-57.1403819457445,3.,-24.9837170469648));
#4552=CARTESIAN_POINT('Origin',(8.48461805425552,19.0000000596046,-24.7787170469648));
#4553=CARTESIAN_POINT('',(8.48461805425552,10.0000001192093,-22.7787170469648));
#4554=CARTESIAN_POINT('',(8.48461805425552,10.0000001192093,-26.7787170469648));
#4555=CARTESIAN_POINT('Origin',(8.48461805425552,10.0000001192093,-24.7787170469648));
#4556=CARTESIAN_POINT('',(8.48461805425552,30.,-22.7787170469648));
#4557=CARTESIAN_POINT('',(8.48461805425552,8.00000011920929,-22.7787170469648));
#4558=CARTESIAN_POINT('',(8.48461805425552,30.,-26.7787170469648));
#4559=CARTESIAN_POINT('',(8.48461805425552,30.,-22.7787170469648));
#4560=CARTESIAN_POINT('',(8.48461805425552,30.,-26.7787170469648));
#4561=CARTESIAN_POINT('Origin',(8.48461805425552,10.0000001192093,-24.7787170469648));
#4562=CARTESIAN_POINT('',(9.48461805425552,10.0000001192093,-26.7787170469648));
#4563=CARTESIAN_POINT('',(9.48461805425552,10.0000001192093,-22.7787170469648));
#4564=CARTESIAN_POINT('Origin',(9.48461805425552,10.0000001192093,-24.7787170469648));
#4565=CARTESIAN_POINT('',(8.48461805425552,10.0000001192093,-22.7787170469648));
#4566=CARTESIAN_POINT('',(8.48461805425552,10.0000001192093,-26.7787170469648));
#4567=CARTESIAN_POINT('Origin',(9.48461805425552,19.0000000596046,-24.7787170469648));
#4568=CARTESIAN_POINT('',(9.48461805425552,30.,-26.7787170469648));
#4569=CARTESIAN_POINT('',(9.48461805425552,30.,-26.7787170469648));
#4570=CARTESIAN_POINT('',(9.48461805425552,30.,-22.7787170469648));
#4571=CARTESIAN_POINT('',(9.48461805425552,30.,-22.7787170469648));
#4572=CARTESIAN_POINT('',(9.48461805425552,8.00000011920929,-22.7787170469648));
#4573=CARTESIAN_POINT('Origin',(8.48461805425552,30.,-22.7787170469648));
#4574=CARTESIAN_POINT('',(8.48461805425552,30.,-22.7787170469648));
#4575=CARTESIAN_POINT('Origin',(8.48461805425552,30.,-26.7787170469648));
#4576=CARTESIAN_POINT('',(8.48461805425552,30.,-26.7787170469648));
#4577=CARTESIAN_POINT('Origin',(8.48461805425552,8.00000011920929,-26.7787170469648));
#4578=CARTESIAN_POINT('Origin',(8.48461805425552,19.0000000596046,-32.7787170469648));
#4579=CARTESIAN_POINT('',(8.48461805425552,10.0000001192093,-30.7787170469648));
#4580=CARTESIAN_POINT('',(8.48461805425552,10.0000001192093,-34.7787170469648));
#4581=CARTESIAN_POINT('Origin',(8.48461805425552,10.0000001192093,-32.7787170469648));
#4582=CARTESIAN_POINT('',(8.48461805425552,30.,-30.7787170469648));
#4583=CARTESIAN_POINT('',(8.48461805425552,8.00000011920929,-30.7787170469648));
#4584=CARTESIAN_POINT('',(8.48461805425552,30.,-34.7787170469648));
#4585=CARTESIAN_POINT('',(8.48461805425552,30.,-30.7787170469648));
#4586=CARTESIAN_POINT('',(8.48461805425552,30.,-34.7787170469648));
#4587=CARTESIAN_POINT('Origin',(8.48461805425552,10.0000001192093,-32.7787170469648));
#4588=CARTESIAN_POINT('',(9.48461805425552,10.0000001192093,-34.7787170469648));
#4589=CARTESIAN_POINT('',(9.48461805425552,10.0000001192093,-30.7787170469648));
#4590=CARTESIAN_POINT('Origin',(9.48461805425552,10.0000001192093,-32.7787170469648));
#4591=CARTESIAN_POINT('',(8.48461805425552,10.0000001192093,-30.7787170469648));
#4592=CARTESIAN_POINT('',(8.48461805425552,10.0000001192093,-34.7787170469648));
#4593=CARTESIAN_POINT('Origin',(9.48461805425552,19.0000000596046,-32.7787170469648));
#4594=CARTESIAN_POINT('',(9.48461805425552,30.,-34.7787170469648));
#4595=CARTESIAN_POINT('',(9.48461805425552,30.,-34.7787170469648));
#4596=CARTESIAN_POINT('',(9.48461805425552,30.,-30.7787170469648));
#4597=CARTESIAN_POINT('',(9.48461805425552,30.,-30.7787170469648));
#4598=CARTESIAN_POINT('',(9.48461805425552,8.00000011920929,-30.7787170469648));
#4599=CARTESIAN_POINT('Origin',(8.48461805425552,30.,-30.7787170469648));
#4600=CARTESIAN_POINT('',(8.48461805425552,30.,-30.7787170469648));
#4601=CARTESIAN_POINT('Origin',(8.48461805425552,30.,-34.7787170469648));
#4602=CARTESIAN_POINT('',(8.48461805425552,30.,-34.7787170469648));
#4603=CARTESIAN_POINT('Origin',(8.48461805425552,8.00000011920929,-34.7787170469648));
#4604=CARTESIAN_POINT('Origin',(8.48461805425552,19.0000000596046,-48.7787170469648));
#4605=CARTESIAN_POINT('',(8.48461805425552,10.0000001192093,-46.7787170469648));
#4606=CARTESIAN_POINT('',(8.48461805425552,10.0000001192093,-50.7787170469648));
#4607=CARTESIAN_POINT('Origin',(8.48461805425552,10.0000001192093,-48.7787170469648));
#4608=CARTESIAN_POINT('',(8.48461805425552,30.,-46.7787170469648));
#4609=CARTESIAN_POINT('',(8.48461805425552,8.00000011920929,-46.7787170469648));
#4610=CARTESIAN_POINT('',(8.48461805425552,30.,-50.7787170469648));
#4611=CARTESIAN_POINT('',(8.48461805425552,30.,-46.7787170469648));
#4612=CARTESIAN_POINT('',(8.48461805425552,30.,-50.7787170469648));
#4613=CARTESIAN_POINT('Origin',(8.48461805425552,10.0000001192093,-48.7787170469648));
#4614=CARTESIAN_POINT('',(9.48461805425552,10.0000001192093,-50.7787170469648));
#4615=CARTESIAN_POINT('',(9.48461805425552,10.0000001192093,-46.7787170469648));
#4616=CARTESIAN_POINT('Origin',(9.48461805425552,10.0000001192093,-48.7787170469648));
#4617=CARTESIAN_POINT('',(8.48461805425552,10.0000001192093,-46.7787170469648));
#4618=CARTESIAN_POINT('',(8.48461805425552,10.0000001192093,-50.7787170469648));
#4619=CARTESIAN_POINT('Origin',(9.48461805425552,19.0000000596046,-48.7787170469648));
#4620=CARTESIAN_POINT('',(9.48461805425552,30.,-50.7787170469648));
#4621=CARTESIAN_POINT('',(9.48461805425552,30.,-50.7787170469648));
#4622=CARTESIAN_POINT('',(9.48461805425552,30.,-46.7787170469648));
#4623=CARTESIAN_POINT('',(9.48461805425552,30.,-46.7787170469648));
#4624=CARTESIAN_POINT('',(9.48461805425552,8.00000011920929,-46.7787170469648));
#4625=CARTESIAN_POINT('Origin',(8.48461805425552,30.,-46.7787170469648));
#4626=CARTESIAN_POINT('',(8.48461805425552,30.,-46.7787170469648));
#4627=CARTESIAN_POINT('Origin',(8.48461805425552,30.,-50.7787170469648));
#4628=CARTESIAN_POINT('',(8.48461805425552,30.,-50.7787170469648));
#4629=CARTESIAN_POINT('Origin',(8.48461805425552,8.00000011920929,-50.7787170469648));
#4630=CARTESIAN_POINT('Origin',(8.48461805425552,19.0000000596046,-40.7787170469648));
#4631=CARTESIAN_POINT('',(8.48461805425552,10.0000001192093,-38.7787170469648));
#4632=CARTESIAN_POINT('',(8.48461805425552,10.0000001192093,-42.7787170469648));
#4633=CARTESIAN_POINT('Origin',(8.48461805425552,10.0000001192093,-40.7787170469648));
#4634=CARTESIAN_POINT('',(8.48461805425552,30.,-38.7787170469648));
#4635=CARTESIAN_POINT('',(8.48461805425552,8.00000011920929,-38.7787170469648));
#4636=CARTESIAN_POINT('',(8.48461805425552,30.,-42.7787170469648));
#4637=CARTESIAN_POINT('',(8.48461805425552,30.,-38.7787170469648));
#4638=CARTESIAN_POINT('',(8.48461805425552,30.,-42.7787170469648));
#4639=CARTESIAN_POINT('Origin',(8.48461805425552,10.0000001192093,-40.7787170469648));
#4640=CARTESIAN_POINT('',(9.48461805425552,10.0000001192093,-42.7787170469648));
#4641=CARTESIAN_POINT('',(9.48461805425552,10.0000001192093,-38.7787170469648));
#4642=CARTESIAN_POINT('Origin',(9.48461805425552,10.0000001192093,-40.7787170469648));
#4643=CARTESIAN_POINT('',(8.48461805425552,10.0000001192093,-38.7787170469648));
#4644=CARTESIAN_POINT('',(8.48461805425552,10.0000001192093,-42.7787170469648));
#4645=CARTESIAN_POINT('Origin',(9.48461805425552,19.0000000596046,-40.7787170469648));
#4646=CARTESIAN_POINT('',(9.48461805425552,30.,-42.7787170469648));
#4647=CARTESIAN_POINT('',(9.48461805425552,30.,-42.7787170469648));
#4648=CARTESIAN_POINT('',(9.48461805425552,30.,-38.7787170469648));
#4649=CARTESIAN_POINT('',(9.48461805425552,30.,-38.7787170469648));
#4650=CARTESIAN_POINT('',(9.48461805425552,8.00000011920929,-38.7787170469648));
#4651=CARTESIAN_POINT('Origin',(8.48461805425552,30.,-38.7787170469648));
#4652=CARTESIAN_POINT('',(8.48461805425552,30.,-38.7787170469648));
#4653=CARTESIAN_POINT('Origin',(8.48461805425552,30.,-42.7787170469648));
#4654=CARTESIAN_POINT('',(8.48461805425552,30.,-42.7787170469648));
#4655=CARTESIAN_POINT('Origin',(8.48461805425552,8.00000011920929,-42.7787170469648));
#4656=CARTESIAN_POINT('Origin',(-123.745381945744,19.0000000596046,-40.7787170469648));
#4657=CARTESIAN_POINT('',(-123.745381945744,10.0000001192093,-38.7787170469648));
#4658=CARTESIAN_POINT('',(-123.745381945744,10.0000001192093,-42.7787170469648));
#4659=CARTESIAN_POINT('Origin',(-123.745381945744,10.0000001192093,-40.7787170469648));
#4660=CARTESIAN_POINT('',(-123.745381945744,30.,-38.7787170469648));
#4661=CARTESIAN_POINT('',(-123.745381945744,8.00000011920929,-38.7787170469648));
#4662=CARTESIAN_POINT('',(-123.745381945744,30.,-42.7787170469648));
#4663=CARTESIAN_POINT('',(-123.745381945744,30.,-38.7787170469648));
#4664=CARTESIAN_POINT('',(-123.745381945744,30.,-42.7787170469648));
#4665=CARTESIAN_POINT('Origin',(-123.745381945744,10.0000001192093,-40.7787170469648));
#4666=CARTESIAN_POINT('',(-122.745381945744,10.0000001192093,-42.7787170469648));
#4667=CARTESIAN_POINT('',(-122.745381945744,10.0000001192093,-38.7787170469648));
#4668=CARTESIAN_POINT('Origin',(-122.745381945744,10.0000001192093,-40.7787170469648));
#4669=CARTESIAN_POINT('',(-123.745381945744,10.0000001192093,-38.7787170469648));
#4670=CARTESIAN_POINT('',(-123.745381945744,10.0000001192093,-42.7787170469648));
#4671=CARTESIAN_POINT('Origin',(-122.745381945744,19.0000000596046,-40.7787170469648));
#4672=CARTESIAN_POINT('',(-122.745381945744,30.,-42.7787170469648));
#4673=CARTESIAN_POINT('',(-122.745381945744,30.,-42.7787170469648));
#4674=CARTESIAN_POINT('',(-122.745381945744,30.,-38.7787170469648));
#4675=CARTESIAN_POINT('',(-122.745381945744,30.,-38.7787170469648));
#4676=CARTESIAN_POINT('',(-122.745381945744,8.00000011920929,-38.7787170469648));
#4677=CARTESIAN_POINT('Origin',(-123.745381945744,30.,-38.7787170469648));
#4678=CARTESIAN_POINT('',(-123.745381945744,30.,-38.7787170469648));
#4679=CARTESIAN_POINT('Origin',(-123.745381945744,30.,-42.7787170469648));
#4680=CARTESIAN_POINT('',(-123.745381945744,30.,-42.7787170469648));
#4681=CARTESIAN_POINT('Origin',(-123.745381945744,8.00000011920929,-42.7787170469648));
#4682=CARTESIAN_POINT('Origin',(-123.745381945744,19.0000000596046,-48.7787170469648));
#4683=CARTESIAN_POINT('',(-123.745381945744,10.0000001192093,-46.7787170469648));
#4684=CARTESIAN_POINT('',(-123.745381945744,10.0000001192093,-50.7787170469648));
#4685=CARTESIAN_POINT('Origin',(-123.745381945744,10.0000001192093,-48.7787170469648));
#4686=CARTESIAN_POINT('',(-123.745381945744,30.,-46.7787170469648));
#4687=CARTESIAN_POINT('',(-123.745381945744,8.00000011920929,-46.7787170469648));
#4688=CARTESIAN_POINT('',(-123.745381945744,30.,-50.7787170469648));
#4689=CARTESIAN_POINT('',(-123.745381945744,30.,-46.7787170469648));
#4690=CARTESIAN_POINT('',(-123.745381945744,30.,-50.7787170469648));
#4691=CARTESIAN_POINT('Origin',(-123.745381945744,10.0000001192093,-48.7787170469648));
#4692=CARTESIAN_POINT('',(-122.745381945744,10.0000001192093,-50.7787170469648));
#4693=CARTESIAN_POINT('',(-122.745381945744,10.0000001192093,-46.7787170469648));
#4694=CARTESIAN_POINT('Origin',(-122.745381945744,10.0000001192093,-48.7787170469648));
#4695=CARTESIAN_POINT('',(-123.745381945744,10.0000001192093,-46.7787170469648));
#4696=CARTESIAN_POINT('',(-123.745381945744,10.0000001192093,-50.7787170469648));
#4697=CARTESIAN_POINT('Origin',(-122.745381945744,19.0000000596046,-48.7787170469648));
#4698=CARTESIAN_POINT('',(-122.745381945744,30.,-50.7787170469648));
#4699=CARTESIAN_POINT('',(-122.745381945744,30.,-50.7787170469648));
#4700=CARTESIAN_POINT('',(-122.745381945744,30.,-46.7787170469648));
#4701=CARTESIAN_POINT('',(-122.745381945744,30.,-46.7787170469648));
#4702=CARTESIAN_POINT('',(-122.745381945744,8.00000011920929,-46.7787170469648));
#4703=CARTESIAN_POINT('Origin',(-123.745381945744,30.,-46.7787170469648));
#4704=CARTESIAN_POINT('',(-123.745381945744,30.,-46.7787170469648));
#4705=CARTESIAN_POINT('Origin',(-123.745381945744,30.,-50.7787170469648));
#4706=CARTESIAN_POINT('',(-123.745381945744,30.,-50.7787170469648));
#4707=CARTESIAN_POINT('Origin',(-123.745381945744,8.00000011920929,-50.7787170469648));
#4708=CARTESIAN_POINT('Origin',(-123.745381945744,19.0000000596046,-24.7787170469648));
#4709=CARTESIAN_POINT('',(-123.745381945744,10.0000001192093,-22.7787170469648));
#4710=CARTESIAN_POINT('',(-123.745381945744,10.0000001192093,-26.7787170469648));
#4711=CARTESIAN_POINT('Origin',(-123.745381945744,10.0000001192093,-24.7787170469648));
#4712=CARTESIAN_POINT('',(-123.745381945744,30.,-22.7787170469648));
#4713=CARTESIAN_POINT('',(-123.745381945744,8.00000011920929,-22.7787170469648));
#4714=CARTESIAN_POINT('',(-123.745381945744,30.,-26.7787170469648));
#4715=CARTESIAN_POINT('',(-123.745381945744,30.,-22.7787170469648));
#4716=CARTESIAN_POINT('',(-123.745381945744,30.,-26.7787170469648));
#4717=CARTESIAN_POINT('Origin',(-123.745381945744,10.0000001192093,-24.7787170469648));
#4718=CARTESIAN_POINT('',(-122.745381945744,10.0000001192093,-26.7787170469648));
#4719=CARTESIAN_POINT('',(-122.745381945744,10.0000001192093,-22.7787170469648));
#4720=CARTESIAN_POINT('Origin',(-122.745381945744,10.0000001192093,-24.7787170469648));
#4721=CARTESIAN_POINT('',(-123.745381945744,10.0000001192093,-22.7787170469648));
#4722=CARTESIAN_POINT('',(-123.745381945744,10.0000001192093,-26.7787170469648));
#4723=CARTESIAN_POINT('Origin',(-122.745381945744,19.0000000596046,-24.7787170469648));
#4724=CARTESIAN_POINT('',(-122.745381945744,30.,-26.7787170469648));
#4725=CARTESIAN_POINT('',(-122.745381945744,30.,-26.7787170469648));
#4726=CARTESIAN_POINT('',(-122.745381945744,30.,-22.7787170469648));
#4727=CARTESIAN_POINT('',(-122.745381945744,30.,-22.7787170469648));
#4728=CARTESIAN_POINT('',(-122.745381945744,8.00000011920929,-22.7787170469648));
#4729=CARTESIAN_POINT('Origin',(-123.745381945744,30.,-22.7787170469648));
#4730=CARTESIAN_POINT('',(-123.745381945744,30.,-22.7787170469648));
#4731=CARTESIAN_POINT('Origin',(-123.745381945744,30.,-26.7787170469648));
#4732=CARTESIAN_POINT('',(-123.745381945744,30.,-26.7787170469648));
#4733=CARTESIAN_POINT('Origin',(-123.745381945744,8.00000011920929,-26.7787170469648));
#4734=CARTESIAN_POINT('Origin',(-123.745381945744,19.0000000596046,-32.7787170469648));
#4735=CARTESIAN_POINT('',(-123.745381945744,10.0000001192093,-30.7787170469648));
#4736=CARTESIAN_POINT('',(-123.745381945744,10.0000001192093,-34.7787170469648));
#4737=CARTESIAN_POINT('Origin',(-123.745381945744,10.0000001192093,-32.7787170469648));
#4738=CARTESIAN_POINT('',(-123.745381945744,30.,-30.7787170469648));
#4739=CARTESIAN_POINT('',(-123.745381945744,8.00000011920929,-30.7787170469648));
#4740=CARTESIAN_POINT('',(-123.745381945744,30.,-34.7787170469648));
#4741=CARTESIAN_POINT('',(-123.745381945744,30.,-30.7787170469648));
#4742=CARTESIAN_POINT('',(-123.745381945744,30.,-34.7787170469648));
#4743=CARTESIAN_POINT('Origin',(-123.745381945744,10.0000001192093,-32.7787170469648));
#4744=CARTESIAN_POINT('',(-122.745381945744,10.0000001192093,-34.7787170469648));
#4745=CARTESIAN_POINT('',(-122.745381945744,10.0000001192093,-30.7787170469648));
#4746=CARTESIAN_POINT('Origin',(-122.745381945744,10.0000001192093,-32.7787170469648));
#4747=CARTESIAN_POINT('',(-123.745381945744,10.0000001192093,-30.7787170469648));
#4748=CARTESIAN_POINT('',(-123.745381945744,10.0000001192093,-34.7787170469648));
#4749=CARTESIAN_POINT('Origin',(-122.745381945744,19.0000000596046,-32.7787170469648));
#4750=CARTESIAN_POINT('',(-122.745381945744,30.,-34.7787170469648));
#4751=CARTESIAN_POINT('',(-122.745381945744,30.,-34.7787170469648));
#4752=CARTESIAN_POINT('',(-122.745381945744,30.,-30.7787170469648));
#4753=CARTESIAN_POINT('',(-122.745381945744,30.,-30.7787170469648));
#4754=CARTESIAN_POINT('',(-122.745381945744,8.00000011920929,-30.7787170469648));
#4755=CARTESIAN_POINT('Origin',(-123.745381945744,30.,-30.7787170469648));
#4756=CARTESIAN_POINT('',(-123.745381945744,30.,-30.7787170469648));
#4757=CARTESIAN_POINT('Origin',(-123.745381945744,30.,-34.7787170469648));
#4758=CARTESIAN_POINT('',(-123.745381945744,30.,-34.7787170469648));
#4759=CARTESIAN_POINT('Origin',(-123.745381945744,8.00000011920929,-34.7787170469648));
#4760=UNCERTAINTY_MEASURE_WITH_UNIT(LENGTH_MEASURE(0.01),#4764,
'DISTANCE_ACCURACY_VALUE',
'Maximum model space distance between geometric entities at asserted c
onnectivities');
#4761=UNCERTAINTY_MEASURE_WITH_UNIT(LENGTH_MEASURE(0.01),#4764,
'DISTANCE_ACCURACY_VALUE',
'Maximum model space distance between geometric entities at asserted c
onnectivities');
#4762=(
GEOMETRIC_REPRESENTATION_CONTEXT(3)
GLOBAL_UNCERTAINTY_ASSIGNED_CONTEXT((#4760))
GLOBAL_UNIT_ASSIGNED_CONTEXT((#4764,#4766,#4767))
REPRESENTATION_CONTEXT('','3D')
);
#4763=(
GEOMETRIC_REPRESENTATION_CONTEXT(3)
GLOBAL_UNCERTAINTY_ASSIGNED_CONTEXT((#4761))
GLOBAL_UNIT_ASSIGNED_CONTEXT((#4764,#4766,#4767))
REPRESENTATION_CONTEXT('','3D')
);
#4764=(
LENGTH_UNIT()
NAMED_UNIT(*)
SI_UNIT(.MILLI.,.METRE.)
);
#4765=(
LENGTH_UNIT()
NAMED_UNIT(*)
SI_UNIT($,.METRE.)
);
#4766=(
NAMED_UNIT(*)
PLANE_ANGLE_UNIT()
SI_UNIT($,.RADIAN.)
);
#4767=(
NAMED_UNIT(*)
SI_UNIT($,.STERADIAN.)
SOLID_ANGLE_UNIT()
);
#4768=SHAPE_DEFINITION_REPRESENTATION(#4769,#4770);
#4769=PRODUCT_DEFINITION_SHAPE('',$,#4772);
#4770=SHAPE_REPRESENTATION('',(#2775),#4762);
#4771=PRODUCT_DEFINITION_CONTEXT('part definition',#4776,'design');
#4772=PRODUCT_DEFINITION('2026-06-30-18-32-52-648','cam',#4773,#4771);
#4773=PRODUCT_DEFINITION_FORMATION('',$,#4778);
#4774=PRODUCT_RELATED_PRODUCT_CATEGORY('cam','cam',(#4778));
#4775=APPLICATION_PROTOCOL_DEFINITION('international standard',
'automotive_design',2009,#4776);
#4776=APPLICATION_CONTEXT(
'Core Data for Automotive Mechanical Design Process');
#4777=PRODUCT_CONTEXT('part definition',#4776,'mechanical');
#4778=PRODUCT('2026-06-30-18-32-52-648','cam',$,(#4777));
#4779=PRESENTATION_STYLE_ASSIGNMENT((#4783));
#4780=PRESENTATION_STYLE_ASSIGNMENT((#4784));
#4781=PRESENTATION_STYLE_ASSIGNMENT((#4785));
#4782=PRESENTATION_STYLE_ASSIGNMENT((#4786));
#4783=SURFACE_STYLE_USAGE(.BOTH.,#4787);
#4784=SURFACE_STYLE_USAGE(.BOTH.,#4788);
#4785=SURFACE_STYLE_USAGE(.BOTH.,#4789);
#4786=SURFACE_STYLE_USAGE(.BOTH.,#4790);
#4787=SURFACE_SIDE_STYLE('',(#4791));
#4788=SURFACE_SIDE_STYLE('',(#4792));
#4789=SURFACE_SIDE_STYLE('',(#4793));
#4790=SURFACE_SIDE_STYLE('',(#4794));
#4791=SURFACE_STYLE_FILL_AREA(#4795);
#4792=SURFACE_STYLE_FILL_AREA(#4796);
#4793=SURFACE_STYLE_FILL_AREA(#4797);
#4794=SURFACE_STYLE_FILL_AREA(#4798);
#4795=FILL_AREA_STYLE('Steel - Satin',(#4799));
#4796=FILL_AREA_STYLE('ABS (White)',(#4800));
#4797=FILL_AREA_STYLE('ABS (White) (1)',(#4801));
#4798=FILL_AREA_STYLE('ABS (White) (2)',(#4802));
#4799=FILL_AREA_STYLE_COLOUR('Steel - Satin',#4803);
#4800=FILL_AREA_STYLE_COLOUR('ABS (White)',#4804);
#4801=FILL_AREA_STYLE_COLOUR('ABS (White) (1)',#4805);
#4802=FILL_AREA_STYLE_COLOUR('ABS (White) (2)',#4806);
#4803=COLOUR_RGB('Steel - Satin',0.627450980392157,0.627450980392157,0.627450980392157);
#4804=COLOUR_RGB('ABS (White)',0.152941176470588,0.152941176470588,0.152941176470588);
#4805=COLOUR_RGB('ABS (White) (1)',0.933333333333333,0.933333333333333,
0.933333333333333);
#4806=COLOUR_RGB('ABS (White) (2)',0.952941176470588,0.945098039215686,
0.917647058823529);
ENDSEC;
END-ISO-10303-21;
