ISO-10303-21;
HEADER;
/* Generated by software containing ST-Developer
 * from STEP Tools, Inc. (www.steptools.com) 
 */

FILE_DESCRIPTION(
/* description */ (''),
/* implementation_level */ '2;1');

FILE_NAME(
/* name */ 'top plate.step',
/* time_stamp */ '2026-09-08T18:55:46+05:30',
/* author */ (''),
/* organization */ (''),
/* preprocessor_version */ 'ST-DEVELOPER v20.1',
/* originating_system */ 'Autodesk Translation Framework v15.8.0.0',
/* authorisation */ '');

FILE_SCHEMA (('AUTOMOTIVE_DESIGN { 1 0 10303 214 3 1 1 }'));
ENDSEC;

DATA;
#10=MECHANICAL_DESIGN_GEOMETRIC_PRESENTATION_REPRESENTATION('',(#16,#17,
#18,#19,#20),#2749);
#11=SHAPE_REPRESENTATION_RELATIONSHIP('SRR','None',#2756,#12);
#12=ADVANCED_BREP_SHAPE_REPRESENTATION('',(#21,#22,#23,#24,#25),#2748);
#13=(
BOUNDED_CURVE()
B_SPLINE_CURVE(5,(#2597,#2598,#2599,#2600,#2601,#2602,#2603,#2604,#2605,
#2606,#2607,#2608,#2609,#2610,#2611,#2612,#2613,#2614,#2615,#2616,#2617,
#2618,#2619,#2620,#2621),.UNSPECIFIED.,.T.,.F.)
B_SPLINE_CURVE_WITH_KNOTS((6,1,1,1,1,1,1,1,1,1,1,1,1,1,1,1,1,1,1,1,6),(-1.,
-0.95,-0.9,-0.85,-0.8,-0.75,-0.7,-0.65,-0.6,-0.55,-0.5,-0.45,-0.4,-0.35,
-0.3,-0.25,-0.2,-0.15,-0.1,-0.05,0.),.UNSPECIFIED.)
CURVE()
GEOMETRIC_REPRESENTATION_ITEM()
RATIONAL_B_SPLINE_CURVE((1.,1.,1.,1.,1.,1.,1.,1.,1.,1.,1.,1.,1.,1.,1.,1.,
1.,1.,1.,1.,1.,1.,1.,1.,1.))
REPRESENTATION_ITEM('')
);
#14=B_SPLINE_CURVE_WITH_KNOTS('',3,(#2429,#2430,#2431,#2432,#2433,#2434,
#2435,#2436,#2437,#2438,#2439,#2440,#2441,#2442,#2443,#2444,#2445,#2446,
#2447,#2448,#2449,#2450,#2451,#2452,#2453,#2454,#2455,#2456,#2457,#2458,
#2459,#2460,#2461,#2462,#2463,#2464,#2465,#2466,#2467,#2468,#2469,#2470,
#2471,#2472,#2473,#2474,#2475,#2476,#2477,#2478,#2479,#2480,#2481,#2482,
#2483,#2484,#2485,#2486,#2487,#2488,#2489,#2490,#2491,#2492,#2493,#2494,
#2495,#2496,#2497,#2498,#2499,#2500,#2501,#2502,#2503,#2504,#2505,#2506,
#2507,#2508,#2509,#2510,#2511,#2512,#2513,#2514,#2515,#2516,#2517,#2518,
#2519,#2520,#2521,#2522,#2523,#2524,#2525,#2526,#2527,#2528,#2529,#2530,
#2531,#2532,#2533,#2534,#2535,#2536,#2537,#2538,#2539,#2540,#2541,#2542,
#2543,#2544,#2545,#2546,#2547,#2548,#2549,#2550,#2551,#2552,#2553,#2554,
#2555,#2556,#2557,#2558,#2559,#2560,#2561,#2562,#2563,#2564,#2565,#2566,
#2567,#2568,#2569,#2570,#2571,#2572,#2573,#2574,#2575,#2576,#2577,#2578,
#2579,#2580,#2581,#2582,#2583,#2584,#2585,#2586,#2587,#2588,#2589,#2590,
#2591,#2592,#2593,#2594),.UNSPECIFIED.,.T.,.F.,(4,3,3,3,3,3,3,3,3,3,3,3,
3,3,3,3,3,3,3,3,3,3,3,3,3,3,3,3,3,3,3,3,3,3,3,3,3,3,3,3,3,3,3,3,3,3,3,3,
3,3,3,3,3,3,3,4),(0.769488137715521,0.787932187346723,0.807299963553013,
0.827093905607257,0.84632781583861,0.864537075537871,0.881799855055689,
0.898287614666591,0.914090759383628,0.929306963362061,0.944046250919589,
0.958445171416042,0.972567555512541,0.986468645219683,1.00061776592971,
1.01532621408425,1.03071047796364,1.04680738969164,1.06358868332184,1.08158494234182,
1.09901881826742,1.11590788557035,1.13226916952006,1.14732072640289,1.16176525183984,
1.1757550065383,1.18938482219494,1.20269849205434,1.21634756955143,1.23031976736061,
1.24484905597342,1.25998077336441,1.2757638294605,1.29227670303163,1.30949088522558,
1.32693461669642,1.34388513259693,1.36007843819025,1.37554776663922,1.39033583553533,
1.40448005506096,1.41810499085239,1.43194023967169,1.44561051557164,1.45952020497941,
1.47375261910942,1.48844572138085,1.50370731899735,1.51965859608735,1.53686676047997,
1.55523352759596,1.57533268162516,1.59781116668061,1.61864006932089,1.6372281606829,
1.63946897196117),.UNSPECIFIED.);
#15=(
BOUNDED_SURFACE()
B_SPLINE_SURFACE(5,1,((#2378,#2379),(#2380,#2381),(#2382,#2383),(#2384,
#2385),(#2386,#2387),(#2388,#2389),(#2390,#2391),(#2392,#2393),(#2394,#2395),
(#2396,#2397),(#2398,#2399),(#2400,#2401),(#2402,#2403),(#2404,#2405),(#2406,
#2407),(#2408,#2409),(#2410,#2411),(#2412,#2413),(#2414,#2415),(#2416,#2417),
(#2418,#2419),(#2420,#2421),(#2422,#2423),(#2424,#2425),(#2426,#2427)),
 .UNSPECIFIED.,.T.,.F.,.F.)
B_SPLINE_SURFACE_WITH_KNOTS((6,1,1,1,1,1,1,1,1,1,1,1,1,1,1,1,1,1,1,1,6),
(2,2),(-1.,-0.95,-0.9,-0.85,-0.8,-0.75,-0.7,-0.65,-0.6,-0.55,-0.5,-0.45,
-0.4,-0.35,-0.3,-0.25,-0.2,-0.15,-0.1,-0.05,0.),(0.,0.3),.UNSPECIFIED.)
GEOMETRIC_REPRESENTATION_ITEM()
RATIONAL_B_SPLINE_SURFACE(((1.,1.),(1.,1.),(1.,1.),(1.,1.),(1.,1.),(1.,
1.),(1.,1.),(1.,1.),(1.,1.),(1.,1.),(1.,1.),(1.,1.),(1.,1.),(1.,1.),(1.,
1.),(1.,1.),(1.,1.),(1.,1.),(1.,1.),(1.,1.),(1.,1.),(1.,1.),(1.,1.),(1.,
1.),(1.,1.)))
REPRESENTATION_ITEM('')
SURFACE()
);
#16=STYLED_ITEM('',(#2766),#21);
#17=STYLED_ITEM('',(#2767),#22);
#18=STYLED_ITEM('',(#2767),#23);
#19=STYLED_ITEM('',(#2767),#24);
#20=STYLED_ITEM('',(#2767),#25);
#21=MANIFOLD_SOLID_BREP('Body1',#1568);
#22=MANIFOLD_SOLID_BREP('Body2',#1569);
#23=MANIFOLD_SOLID_BREP('Body3',#1570);
#24=MANIFOLD_SOLID_BREP('Body4',#1571);
#25=MANIFOLD_SOLID_BREP('Body5',#1572);
#26=FACE_BOUND('',#154,.T.);
#27=FACE_BOUND('',#155,.T.);
#28=FACE_BOUND('',#156,.T.);
#29=FACE_BOUND('',#157,.T.);
#30=FACE_BOUND('',#158,.T.);
#31=FACE_BOUND('',#159,.T.);
#32=FACE_BOUND('',#160,.T.);
#33=FACE_BOUND('',#180,.T.);
#34=FACE_BOUND('',#181,.T.);
#35=FACE_BOUND('',#182,.T.);
#36=FACE_BOUND('',#183,.T.);
#37=FACE_BOUND('',#184,.T.);
#38=FACE_BOUND('',#185,.T.);
#39=FACE_BOUND('',#186,.T.);
#40=FACE_BOUND('',#227,.T.);
#41=FACE_BOUND('',#229,.T.);
#42=CIRCLE('',#1591,20.);
#43=CIRCLE('',#1592,20.);
#44=CIRCLE('',#1595,20.);
#45=CIRCLE('',#1596,20.);
#46=CIRCLE('',#1597,20.);
#47=CIRCLE('',#1598,1.35);
#48=CIRCLE('',#1599,1.35);
#49=CIRCLE('',#1600,1.35);
#50=CIRCLE('',#1601,1.35);
#51=CIRCLE('',#1603,20.);
#52=CIRCLE('',#1606,20.);
#53=CIRCLE('',#1608,20.);
#54=CIRCLE('',#1618,1.35);
#55=CIRCLE('',#1620,1.35);
#56=CIRCLE('',#1622,1.35);
#57=CIRCLE('',#1624,1.35);
#58=CYLINDRICAL_SURFACE('',#1590,20.);
#59=CYLINDRICAL_SURFACE('',#1602,20.);
#60=CYLINDRICAL_SURFACE('',#1605,20.);
#61=CYLINDRICAL_SURFACE('',#1607,20.);
#62=CYLINDRICAL_SURFACE('',#1617,1.35);
#63=CYLINDRICAL_SURFACE('',#1619,1.35);
#64=CYLINDRICAL_SURFACE('',#1621,1.35);
#65=CYLINDRICAL_SURFACE('',#1623,1.35);
#66=FACE_OUTER_BOUND('',#147,.T.);
#67=FACE_OUTER_BOUND('',#148,.T.);
#68=FACE_OUTER_BOUND('',#149,.T.);
#69=FACE_OUTER_BOUND('',#150,.T.);
#70=FACE_OUTER_BOUND('',#151,.T.);
#71=FACE_OUTER_BOUND('',#152,.T.);
#72=FACE_OUTER_BOUND('',#153,.T.);
#73=FACE_OUTER_BOUND('',#161,.T.);
#74=FACE_OUTER_BOUND('',#162,.T.);
#75=FACE_OUTER_BOUND('',#163,.T.);
#76=FACE_OUTER_BOUND('',#164,.T.);
#77=FACE_OUTER_BOUND('',#165,.T.);
#78=FACE_OUTER_BOUND('',#166,.T.);
#79=FACE_OUTER_BOUND('',#167,.T.);
#80=FACE_OUTER_BOUND('',#168,.T.);
#81=FACE_OUTER_BOUND('',#169,.T.);
#82=FACE_OUTER_BOUND('',#170,.T.);
#83=FACE_OUTER_BOUND('',#171,.T.);
#84=FACE_OUTER_BOUND('',#172,.T.);
#85=FACE_OUTER_BOUND('',#173,.T.);
#86=FACE_OUTER_BOUND('',#174,.T.);
#87=FACE_OUTER_BOUND('',#175,.T.);
#88=FACE_OUTER_BOUND('',#176,.T.);
#89=FACE_OUTER_BOUND('',#177,.T.);
#90=FACE_OUTER_BOUND('',#178,.T.);
#91=FACE_OUTER_BOUND('',#179,.T.);
#92=FACE_OUTER_BOUND('',#187,.T.);
#93=FACE_OUTER_BOUND('',#188,.T.);
#94=FACE_OUTER_BOUND('',#189,.T.);
#95=FACE_OUTER_BOUND('',#190,.T.);
#96=FACE_OUTER_BOUND('',#191,.T.);
#97=FACE_OUTER_BOUND('',#192,.T.);
#98=FACE_OUTER_BOUND('',#193,.T.);
#99=FACE_OUTER_BOUND('',#194,.T.);
#100=FACE_OUTER_BOUND('',#195,.T.);
#101=FACE_OUTER_BOUND('',#196,.T.);
#102=FACE_OUTER_BOUND('',#197,.T.);
#103=FACE_OUTER_BOUND('',#198,.T.);
#104=FACE_OUTER_BOUND('',#199,.T.);
#105=FACE_OUTER_BOUND('',#200,.T.);
#106=FACE_OUTER_BOUND('',#201,.T.);
#107=FACE_OUTER_BOUND('',#202,.T.);
#108=FACE_OUTER_BOUND('',#203,.T.);
#109=FACE_OUTER_BOUND('',#204,.T.);
#110=FACE_OUTER_BOUND('',#205,.T.);
#111=FACE_OUTER_BOUND('',#206,.T.);
#112=FACE_OUTER_BOUND('',#207,.T.);
#113=FACE_OUTER_BOUND('',#208,.T.);
#114=FACE_OUTER_BOUND('',#209,.T.);
#115=FACE_OUTER_BOUND('',#210,.T.);
#116=FACE_OUTER_BOUND('',#211,.T.);
#117=FACE_OUTER_BOUND('',#212,.T.);
#118=FACE_OUTER_BOUND('',#213,.T.);
#119=FACE_OUTER_BOUND('',#214,.T.);
#120=FACE_OUTER_BOUND('',#215,.T.);
#121=FACE_OUTER_BOUND('',#216,.T.);
#122=FACE_OUTER_BOUND('',#217,.T.);
#123=FACE_OUTER_BOUND('',#218,.T.);
#124=FACE_OUTER_BOUND('',#219,.T.);
#125=FACE_OUTER_BOUND('',#220,.T.);
#126=FACE_OUTER_BOUND('',#221,.T.);
#127=FACE_OUTER_BOUND('',#222,.T.);
#128=FACE_OUTER_BOUND('',#223,.T.);
#129=FACE_OUTER_BOUND('',#224,.T.);
#130=FACE_OUTER_BOUND('',#225,.T.);
#131=FACE_OUTER_BOUND('',#226,.T.);
#132=FACE_OUTER_BOUND('',#228,.T.);
#133=FACE_OUTER_BOUND('',#230,.T.);
#134=FACE_OUTER_BOUND('',#231,.T.);
#135=FACE_OUTER_BOUND('',#232,.T.);
#136=FACE_OUTER_BOUND('',#233,.T.);
#137=FACE_OUTER_BOUND('',#234,.T.);
#138=FACE_OUTER_BOUND('',#235,.T.);
#139=FACE_OUTER_BOUND('',#236,.T.);
#140=FACE_OUTER_BOUND('',#237,.T.);
#141=FACE_OUTER_BOUND('',#238,.T.);
#142=FACE_OUTER_BOUND('',#239,.T.);
#143=FACE_OUTER_BOUND('',#240,.T.);
#144=FACE_OUTER_BOUND('',#241,.T.);
#145=FACE_OUTER_BOUND('',#242,.T.);
#146=FACE_OUTER_BOUND('',#243,.T.);
#147=EDGE_LOOP('',(#989,#990,#991,#992));
#148=EDGE_LOOP('',(#993,#994,#995,#996));
#149=EDGE_LOOP('',(#997,#998,#999,#1000));
#150=EDGE_LOOP('',(#1001,#1002,#1003,#1004));
#151=EDGE_LOOP('',(#1005,#1006,#1007,#1008));
#152=EDGE_LOOP('',(#1009,#1010,#1011,#1012));
#153=EDGE_LOOP('',(#1013,#1014,#1015,#1016,#1017,#1018,#1019,#1020));
#154=EDGE_LOOP('',(#1021));
#155=EDGE_LOOP('',(#1022));
#156=EDGE_LOOP('',(#1023));
#157=EDGE_LOOP('',(#1024));
#158=EDGE_LOOP('',(#1025,#1026,#1027,#1028));
#159=EDGE_LOOP('',(#1029,#1030,#1031,#1032));
#160=EDGE_LOOP('',(#1033,#1034,#1035,#1036));
#161=EDGE_LOOP('',(#1037,#1038,#1039,#1040));
#162=EDGE_LOOP('',(#1041,#1042,#1043,#1044));
#163=EDGE_LOOP('',(#1045,#1046,#1047,#1048));
#164=EDGE_LOOP('',(#1049,#1050,#1051,#1052));
#165=EDGE_LOOP('',(#1053,#1054,#1055,#1056));
#166=EDGE_LOOP('',(#1057,#1058,#1059,#1060));
#167=EDGE_LOOP('',(#1061,#1062,#1063,#1064));
#168=EDGE_LOOP('',(#1065,#1066,#1067,#1068));
#169=EDGE_LOOP('',(#1069,#1070,#1071,#1072));
#170=EDGE_LOOP('',(#1073,#1074,#1075,#1076));
#171=EDGE_LOOP('',(#1077,#1078,#1079,#1080));
#172=EDGE_LOOP('',(#1081,#1082,#1083,#1084));
#173=EDGE_LOOP('',(#1085,#1086,#1087,#1088));
#174=EDGE_LOOP('',(#1089,#1090,#1091,#1092));
#175=EDGE_LOOP('',(#1093,#1094,#1095,#1096));
#176=EDGE_LOOP('',(#1097,#1098,#1099,#1100));
#177=EDGE_LOOP('',(#1101,#1102,#1103,#1104));
#178=EDGE_LOOP('',(#1105,#1106,#1107,#1108));
#179=EDGE_LOOP('',(#1109,#1110,#1111,#1112,#1113,#1114,#1115,#1116));
#180=EDGE_LOOP('',(#1117));
#181=EDGE_LOOP('',(#1118));
#182=EDGE_LOOP('',(#1119));
#183=EDGE_LOOP('',(#1120));
#184=EDGE_LOOP('',(#1121,#1122,#1123,#1124));
#185=EDGE_LOOP('',(#1125,#1126,#1127,#1128));
#186=EDGE_LOOP('',(#1129,#1130,#1131,#1132));
#187=EDGE_LOOP('',(#1133,#1134,#1135,#1136));
#188=EDGE_LOOP('',(#1137,#1138,#1139,#1140));
#189=EDGE_LOOP('',(#1141,#1142,#1143,#1144));
#190=EDGE_LOOP('',(#1145,#1146,#1147,#1148));
#191=EDGE_LOOP('',(#1149,#1150,#1151,#1152));
#192=EDGE_LOOP('',(#1153,#1154,#1155,#1156));
#193=EDGE_LOOP('',(#1157,#1158,#1159,#1160));
#194=EDGE_LOOP('',(#1161,#1162,#1163,#1164));
#195=EDGE_LOOP('',(#1165,#1166,#1167,#1168));
#196=EDGE_LOOP('',(#1169,#1170,#1171,#1172));
#197=EDGE_LOOP('',(#1173,#1174,#1175,#1176));
#198=EDGE_LOOP('',(#1177,#1178,#1179,#1180));
#199=EDGE_LOOP('',(#1181,#1182,#1183,#1184));
#200=EDGE_LOOP('',(#1185,#1186,#1187,#1188));
#201=EDGE_LOOP('',(#1189,#1190,#1191,#1192,#1193,#1194,#1195,#1196,#1197,
#1198,#1199,#1200,#1201,#1202));
#202=EDGE_LOOP('',(#1203,#1204,#1205,#1206,#1207,#1208,#1209,#1210,#1211,
#1212,#1213,#1214,#1215,#1216));
#203=EDGE_LOOP('',(#1217,#1218,#1219,#1220));
#204=EDGE_LOOP('',(#1221,#1222,#1223,#1224));
#205=EDGE_LOOP('',(#1225,#1226,#1227,#1228));
#206=EDGE_LOOP('',(#1229,#1230,#1231,#1232));
#207=EDGE_LOOP('',(#1233,#1234,#1235,#1236));
#208=EDGE_LOOP('',(#1237,#1238,#1239,#1240));
#209=EDGE_LOOP('',(#1241,#1242,#1243,#1244));
#210=EDGE_LOOP('',(#1245,#1246,#1247,#1248));
#211=EDGE_LOOP('',(#1249,#1250,#1251,#1252));
#212=EDGE_LOOP('',(#1253,#1254,#1255,#1256));
#213=EDGE_LOOP('',(#1257,#1258,#1259,#1260));
#214=EDGE_LOOP('',(#1261,#1262,#1263,#1264));
#215=EDGE_LOOP('',(#1265,#1266,#1267,#1268,#1269,#1270,#1271,#1272,#1273,
#1274,#1275,#1276));
#216=EDGE_LOOP('',(#1277,#1278,#1279,#1280,#1281,#1282,#1283,#1284,#1285,
#1286,#1287,#1288));
#217=EDGE_LOOP('',(#1289,#1290,#1291,#1292));
#218=EDGE_LOOP('',(#1293,#1294,#1295,#1296));
#219=EDGE_LOOP('',(#1297,#1298,#1299,#1300));
#220=EDGE_LOOP('',(#1301,#1302,#1303,#1304));
#221=EDGE_LOOP('',(#1305,#1306,#1307,#1308));
#222=EDGE_LOOP('',(#1309,#1310,#1311,#1312));
#223=EDGE_LOOP('',(#1313,#1314,#1315,#1316));
#224=EDGE_LOOP('',(#1317,#1318,#1319,#1320));
#225=EDGE_LOOP('',(#1321,#1322,#1323,#1324));
#226=EDGE_LOOP('',(#1325,#1326,#1327,#1328,#1329,#1330,#1331,#1332));
#227=EDGE_LOOP('',(#1333));
#228=EDGE_LOOP('',(#1334,#1335,#1336,#1337,#1338,#1339,#1340,#1341));
#229=EDGE_LOOP('',(#1342));
#230=EDGE_LOOP('',(#1343,#1344,#1345,#1346));
#231=EDGE_LOOP('',(#1347,#1348,#1349,#1350));
#232=EDGE_LOOP('',(#1351,#1352,#1353,#1354));
#233=EDGE_LOOP('',(#1355,#1356,#1357,#1358));
#234=EDGE_LOOP('',(#1359,#1360,#1361,#1362));
#235=EDGE_LOOP('',(#1363,#1364,#1365,#1366));
#236=EDGE_LOOP('',(#1367,#1368,#1369,#1370));
#237=EDGE_LOOP('',(#1371,#1372,#1373,#1374));
#238=EDGE_LOOP('',(#1375,#1376,#1377,#1378));
#239=EDGE_LOOP('',(#1379,#1380,#1381,#1382));
#240=EDGE_LOOP('',(#1383,#1384,#1385,#1386));
#241=EDGE_LOOP('',(#1387,#1388,#1389,#1390));
#242=EDGE_LOOP('',(#1391,#1392,#1393,#1394,#1395,#1396,#1397,#1398,#1399,
#1400,#1401,#1402));
#243=EDGE_LOOP('',(#1403,#1404,#1405,#1406,#1407,#1408,#1409,#1410,#1411,
#1412,#1413,#1414));
#244=LINE('',#2075,#439);
#245=LINE('',#2077,#440);
#246=LINE('',#2079,#441);
#247=LINE('',#2080,#442);
#248=LINE('',#2083,#443);
#249=LINE('',#2085,#444);
#250=LINE('',#2086,#445);
#251=LINE('',#2089,#446);
#252=LINE('',#2091,#447);
#253=LINE('',#2092,#448);
#254=LINE('',#2094,#449);
#255=LINE('',#2095,#450);
#256=LINE('',#2101,#451);
#257=LINE('',#2104,#452);
#258=LINE('',#2107,#453);
#259=LINE('',#2109,#454);
#260=LINE('',#2110,#455);
#261=LINE('',#2113,#456);
#262=LINE('',#2117,#457);
#263=LINE('',#2121,#458);
#264=LINE('',#2133,#459);
#265=LINE('',#2135,#460);
#266=LINE('',#2137,#461);
#267=LINE('',#2138,#462);
#268=LINE('',#2141,#463);
#269=LINE('',#2143,#464);
#270=LINE('',#2145,#465);
#271=LINE('',#2146,#466);
#272=LINE('',#2151,#467);
#273=LINE('',#2152,#468);
#274=LINE('',#2155,#469);
#275=LINE('',#2156,#470);
#276=LINE('',#2160,#471);
#277=LINE('',#2164,#472);
#278=LINE('',#2168,#473);
#279=LINE('',#2169,#474);
#280=LINE('',#2170,#475);
#281=LINE('',#2173,#476);
#282=LINE('',#2174,#477);
#283=LINE('',#2177,#478);
#284=LINE('',#2178,#479);
#285=LINE('',#2180,#480);
#286=LINE('',#2184,#481);
#287=LINE('',#2185,#482);
#288=LINE('',#2186,#483);
#289=LINE('',#2189,#484);
#290=LINE('',#2190,#485);
#291=LINE('',#2193,#486);
#292=LINE('',#2194,#487);
#293=LINE('',#2196,#488);
#294=LINE('',#2200,#489);
#295=LINE('',#2204,#490);
#296=LINE('',#2208,#491);
#297=LINE('',#2212,#492);
#298=LINE('',#2214,#493);
#299=LINE('',#2216,#494);
#300=LINE('',#2221,#495);
#301=LINE('',#2223,#496);
#302=LINE('',#2225,#497);
#303=LINE('',#2226,#498);
#304=LINE('',#2229,#499);
#305=LINE('',#2231,#500);
#306=LINE('',#2232,#501);
#307=LINE('',#2235,#502);
#308=LINE('',#2237,#503);
#309=LINE('',#2238,#504);
#310=LINE('',#2241,#505);
#311=LINE('',#2243,#506);
#312=LINE('',#2244,#507);
#313=LINE('',#2247,#508);
#314=LINE('',#2249,#509);
#315=LINE('',#2250,#510);
#316=LINE('',#2253,#511);
#317=LINE('',#2255,#512);
#318=LINE('',#2256,#513);
#319=LINE('',#2259,#514);
#320=LINE('',#2261,#515);
#321=LINE('',#2262,#516);
#322=LINE('',#2265,#517);
#323=LINE('',#2267,#518);
#324=LINE('',#2268,#519);
#325=LINE('',#2271,#520);
#326=LINE('',#2273,#521);
#327=LINE('',#2274,#522);
#328=LINE('',#2277,#523);
#329=LINE('',#2279,#524);
#330=LINE('',#2280,#525);
#331=LINE('',#2283,#526);
#332=LINE('',#2285,#527);
#333=LINE('',#2286,#528);
#334=LINE('',#2289,#529);
#335=LINE('',#2291,#530);
#336=LINE('',#2292,#531);
#337=LINE('',#2295,#532);
#338=LINE('',#2297,#533);
#339=LINE('',#2298,#534);
#340=LINE('',#2300,#535);
#341=LINE('',#2301,#536);
#342=LINE('',#2307,#537);
#343=LINE('',#2309,#538);
#344=LINE('',#2311,#539);
#345=LINE('',#2312,#540);
#346=LINE('',#2315,#541);
#347=LINE('',#2317,#542);
#348=LINE('',#2318,#543);
#349=LINE('',#2321,#544);
#350=LINE('',#2323,#545);
#351=LINE('',#2324,#546);
#352=LINE('',#2327,#547);
#353=LINE('',#2329,#548);
#354=LINE('',#2330,#549);
#355=LINE('',#2333,#550);
#356=LINE('',#2335,#551);
#357=LINE('',#2336,#552);
#358=LINE('',#2339,#553);
#359=LINE('',#2341,#554);
#360=LINE('',#2342,#555);
#361=LINE('',#2345,#556);
#362=LINE('',#2347,#557);
#363=LINE('',#2348,#558);
#364=LINE('',#2351,#559);
#365=LINE('',#2353,#560);
#366=LINE('',#2354,#561);
#367=LINE('',#2357,#562);
#368=LINE('',#2359,#563);
#369=LINE('',#2360,#564);
#370=LINE('',#2363,#565);
#371=LINE('',#2365,#566);
#372=LINE('',#2366,#567);
#373=LINE('',#2369,#568);
#374=LINE('',#2371,#569);
#375=LINE('',#2372,#570);
#376=LINE('',#2374,#571);
#377=LINE('',#2375,#572);
#378=LINE('',#2596,#573);
#379=LINE('',#2625,#574);
#380=LINE('',#2627,#575);
#381=LINE('',#2629,#576);
#382=LINE('',#2630,#577);
#383=LINE('',#2633,#578);
#384=LINE('',#2635,#579);
#385=LINE('',#2636,#580);
#386=LINE('',#2639,#581);
#387=LINE('',#2641,#582);
#388=LINE('',#2642,#583);
#389=LINE('',#2645,#584);
#390=LINE('',#2647,#585);
#391=LINE('',#2648,#586);
#392=LINE('',#2651,#587);
#393=LINE('',#2653,#588);
#394=LINE('',#2654,#589);
#395=LINE('',#2657,#590);
#396=LINE('',#2659,#591);
#397=LINE('',#2660,#592);
#398=LINE('',#2663,#593);
#399=LINE('',#2665,#594);
#400=LINE('',#2666,#595);
#401=LINE('',#2668,#596);
#402=LINE('',#2669,#597);
#403=LINE('',#2675,#598);
#404=LINE('',#2677,#599);
#405=LINE('',#2679,#600);
#406=LINE('',#2680,#601);
#407=LINE('',#2683,#602);
#408=LINE('',#2685,#603);
#409=LINE('',#2686,#604);
#410=LINE('',#2689,#605);
#411=LINE('',#2691,#606);
#412=LINE('',#2692,#607);
#413=LINE('',#2695,#608);
#414=LINE('',#2697,#609);
#415=LINE('',#2698,#610);
#416=LINE('',#2701,#611);
#417=LINE('',#2703,#612);
#418=LINE('',#2704,#613);
#419=LINE('',#2707,#614);
#420=LINE('',#2709,#615);
#421=LINE('',#2710,#616);
#422=LINE('',#2713,#617);
#423=LINE('',#2715,#618);
#424=LINE('',#2716,#619);
#425=LINE('',#2719,#620);
#426=LINE('',#2721,#621);
#427=LINE('',#2722,#622);
#428=LINE('',#2725,#623);
#429=LINE('',#2727,#624);
#430=LINE('',#2728,#625);
#431=LINE('',#2731,#626);
#432=LINE('',#2733,#627);
#433=LINE('',#2734,#628);
#434=LINE('',#2737,#629);
#435=LINE('',#2739,#630);
#436=LINE('',#2740,#631);
#437=LINE('',#2742,#632);
#438=LINE('',#2743,#633);
#439=VECTOR('',#1686,10.);
#440=VECTOR('',#1687,10.);
#441=VECTOR('',#1688,10.);
#442=VECTOR('',#1689,10.);
#443=VECTOR('',#1692,10.);
#444=VECTOR('',#1693,10.);
#445=VECTOR('',#1694,10.);
#446=VECTOR('',#1697,10.);
#447=VECTOR('',#1698,10.);
#448=VECTOR('',#1699,10.);
#449=VECTOR('',#1702,10.);
#450=VECTOR('',#1703,10.);
#451=VECTOR('',#1708,10.);
#452=VECTOR('',#1711,10.);
#453=VECTOR('',#1714,10.);
#454=VECTOR('',#1715,10.);
#455=VECTOR('',#1716,10.);
#456=VECTOR('',#1719,10.);
#457=VECTOR('',#1722,10.);
#458=VECTOR('',#1725,10.);
#459=VECTOR('',#1736,10.);
#460=VECTOR('',#1737,10.);
#461=VECTOR('',#1738,10.);
#462=VECTOR('',#1739,10.);
#463=VECTOR('',#1740,10.);
#464=VECTOR('',#1741,10.);
#465=VECTOR('',#1742,10.);
#466=VECTOR('',#1743,10.);
#467=VECTOR('',#1748,10.);
#468=VECTOR('',#1749,10.);
#469=VECTOR('',#1752,10.);
#470=VECTOR('',#1753,10.);
#471=VECTOR('',#1758,10.);
#472=VECTOR('',#1763,10.);
#473=VECTOR('',#1766,10.);
#474=VECTOR('',#1767,10.);
#475=VECTOR('',#1768,10.);
#476=VECTOR('',#1771,10.);
#477=VECTOR('',#1772,10.);
#478=VECTOR('',#1775,10.);
#479=VECTOR('',#1776,10.);
#480=VECTOR('',#1779,10.);
#481=VECTOR('',#1782,10.);
#482=VECTOR('',#1783,10.);
#483=VECTOR('',#1784,10.);
#484=VECTOR('',#1787,10.);
#485=VECTOR('',#1788,10.);
#486=VECTOR('',#1791,10.);
#487=VECTOR('',#1792,10.);
#488=VECTOR('',#1795,10.);
#489=VECTOR('',#1800,1.35);
#490=VECTOR('',#1805,1.35);
#491=VECTOR('',#1810,1.35);
#492=VECTOR('',#1815,1.35);
#493=VECTOR('',#1818,10.);
#494=VECTOR('',#1821,10.);
#495=VECTOR('',#1826,10.);
#496=VECTOR('',#1827,10.);
#497=VECTOR('',#1828,10.);
#498=VECTOR('',#1829,10.);
#499=VECTOR('',#1832,10.);
#500=VECTOR('',#1833,10.);
#501=VECTOR('',#1834,10.);
#502=VECTOR('',#1837,10.);
#503=VECTOR('',#1838,10.);
#504=VECTOR('',#1839,10.);
#505=VECTOR('',#1842,10.);
#506=VECTOR('',#1843,10.);
#507=VECTOR('',#1844,10.);
#508=VECTOR('',#1847,10.);
#509=VECTOR('',#1848,10.);
#510=VECTOR('',#1849,10.);
#511=VECTOR('',#1852,10.);
#512=VECTOR('',#1853,10.);
#513=VECTOR('',#1854,10.);
#514=VECTOR('',#1857,10.);
#515=VECTOR('',#1858,10.);
#516=VECTOR('',#1859,10.);
#517=VECTOR('',#1862,10.);
#518=VECTOR('',#1863,10.);
#519=VECTOR('',#1864,10.);
#520=VECTOR('',#1867,10.);
#521=VECTOR('',#1868,10.);
#522=VECTOR('',#1869,10.);
#523=VECTOR('',#1872,10.);
#524=VECTOR('',#1873,10.);
#525=VECTOR('',#1874,10.);
#526=VECTOR('',#1877,10.);
#527=VECTOR('',#1878,10.);
#528=VECTOR('',#1879,10.);
#529=VECTOR('',#1882,10.);
#530=VECTOR('',#1883,10.);
#531=VECTOR('',#1884,10.);
#532=VECTOR('',#1887,10.);
#533=VECTOR('',#1888,10.);
#534=VECTOR('',#1889,10.);
#535=VECTOR('',#1892,10.);
#536=VECTOR('',#1893,10.);
#537=VECTOR('',#1900,10.);
#538=VECTOR('',#1901,10.);
#539=VECTOR('',#1902,10.);
#540=VECTOR('',#1903,10.);
#541=VECTOR('',#1906,10.);
#542=VECTOR('',#1907,10.);
#543=VECTOR('',#1908,10.);
#544=VECTOR('',#1911,10.);
#545=VECTOR('',#1912,10.);
#546=VECTOR('',#1913,10.);
#547=VECTOR('',#1916,10.);
#548=VECTOR('',#1917,10.);
#549=VECTOR('',#1918,10.);
#550=VECTOR('',#1921,10.);
#551=VECTOR('',#1922,10.);
#552=VECTOR('',#1923,10.);
#553=VECTOR('',#1926,10.);
#554=VECTOR('',#1927,10.);
#555=VECTOR('',#1928,10.);
#556=VECTOR('',#1931,10.);
#557=VECTOR('',#1932,10.);
#558=VECTOR('',#1933,10.);
#559=VECTOR('',#1936,10.);
#560=VECTOR('',#1937,10.);
#561=VECTOR('',#1938,10.);
#562=VECTOR('',#1941,10.);
#563=VECTOR('',#1942,10.);
#564=VECTOR('',#1943,10.);
#565=VECTOR('',#1946,10.);
#566=VECTOR('',#1947,10.);
#567=VECTOR('',#1948,10.);
#568=VECTOR('',#1951,10.);
#569=VECTOR('',#1952,10.);
#570=VECTOR('',#1953,10.);
#571=VECTOR('',#1956,10.);
#572=VECTOR('',#1957,10.);
#573=VECTOR('',#1962,10.);
#574=VECTOR('',#1965,10.);
#575=VECTOR('',#1966,10.);
#576=VECTOR('',#1967,10.);
#577=VECTOR('',#1968,10.);
#578=VECTOR('',#1971,10.);
#579=VECTOR('',#1972,10.);
#580=VECTOR('',#1973,10.);
#581=VECTOR('',#1976,10.);
#582=VECTOR('',#1977,10.);
#583=VECTOR('',#1978,10.);
#584=VECTOR('',#1981,10.);
#585=VECTOR('',#1982,10.);
#586=VECTOR('',#1983,10.);
#587=VECTOR('',#1986,10.);
#588=VECTOR('',#1987,10.);
#589=VECTOR('',#1988,10.);
#590=VECTOR('',#1991,10.);
#591=VECTOR('',#1992,10.);
#592=VECTOR('',#1993,10.);
#593=VECTOR('',#1996,10.);
#594=VECTOR('',#1997,10.);
#595=VECTOR('',#1998,10.);
#596=VECTOR('',#2001,10.);
#597=VECTOR('',#2002,10.);
#598=VECTOR('',#2009,10.);
#599=VECTOR('',#2010,10.);
#600=VECTOR('',#2011,10.);
#601=VECTOR('',#2012,10.);
#602=VECTOR('',#2015,10.);
#603=VECTOR('',#2016,10.);
#604=VECTOR('',#2017,10.);
#605=VECTOR('',#2020,10.);
#606=VECTOR('',#2021,10.);
#607=VECTOR('',#2022,10.);
#608=VECTOR('',#2025,10.);
#609=VECTOR('',#2026,10.);
#610=VECTOR('',#2027,10.);
#611=VECTOR('',#2030,10.);
#612=VECTOR('',#2031,10.);
#613=VECTOR('',#2032,10.);
#614=VECTOR('',#2035,10.);
#615=VECTOR('',#2036,10.);
#616=VECTOR('',#2037,10.);
#617=VECTOR('',#2040,10.);
#618=VECTOR('',#2041,10.);
#619=VECTOR('',#2042,10.);
#620=VECTOR('',#2045,10.);
#621=VECTOR('',#2046,10.);
#622=VECTOR('',#2047,10.);
#623=VECTOR('',#2050,10.);
#624=VECTOR('',#2051,10.);
#625=VECTOR('',#2052,10.);
#626=VECTOR('',#2055,10.);
#627=VECTOR('',#2056,10.);
#628=VECTOR('',#2057,10.);
#629=VECTOR('',#2060,10.);
#630=VECTOR('',#2061,10.);
#631=VECTOR('',#2062,10.);
#632=VECTOR('',#2065,10.);
#633=VECTOR('',#2066,10.);
#634=VERTEX_POINT('',#2073);
#635=VERTEX_POINT('',#2074);
#636=VERTEX_POINT('',#2076);
#637=VERTEX_POINT('',#2078);
#638=VERTEX_POINT('',#2082);
#639=VERTEX_POINT('',#2084);
#640=VERTEX_POINT('',#2088);
#641=VERTEX_POINT('',#2090);
#642=VERTEX_POINT('',#2097);
#643=VERTEX_POINT('',#2098);
#644=VERTEX_POINT('',#2100);
#645=VERTEX_POINT('',#2102);
#646=VERTEX_POINT('',#2106);
#647=VERTEX_POINT('',#2108);
#648=VERTEX_POINT('',#2112);
#649=VERTEX_POINT('',#2114);
#650=VERTEX_POINT('',#2116);
#651=VERTEX_POINT('',#2118);
#652=VERTEX_POINT('',#2120);
#653=VERTEX_POINT('',#2123);
#654=VERTEX_POINT('',#2125);
#655=VERTEX_POINT('',#2127);
#656=VERTEX_POINT('',#2129);
#657=VERTEX_POINT('',#2131);
#658=VERTEX_POINT('',#2132);
#659=VERTEX_POINT('',#2134);
#660=VERTEX_POINT('',#2136);
#661=VERTEX_POINT('',#2139);
#662=VERTEX_POINT('',#2140);
#663=VERTEX_POINT('',#2142);
#664=VERTEX_POINT('',#2144);
#665=VERTEX_POINT('',#2148);
#666=VERTEX_POINT('',#2149);
#667=VERTEX_POINT('',#2154);
#668=VERTEX_POINT('',#2158);
#669=VERTEX_POINT('',#2162);
#670=VERTEX_POINT('',#2166);
#671=VERTEX_POINT('',#2167);
#672=VERTEX_POINT('',#2172);
#673=VERTEX_POINT('',#2176);
#674=VERTEX_POINT('',#2182);
#675=VERTEX_POINT('',#2183);
#676=VERTEX_POINT('',#2188);
#677=VERTEX_POINT('',#2192);
#678=VERTEX_POINT('',#2198);
#679=VERTEX_POINT('',#2202);
#680=VERTEX_POINT('',#2206);
#681=VERTEX_POINT('',#2210);
#682=VERTEX_POINT('',#2219);
#683=VERTEX_POINT('',#2220);
#684=VERTEX_POINT('',#2222);
#685=VERTEX_POINT('',#2224);
#686=VERTEX_POINT('',#2228);
#687=VERTEX_POINT('',#2230);
#688=VERTEX_POINT('',#2234);
#689=VERTEX_POINT('',#2236);
#690=VERTEX_POINT('',#2240);
#691=VERTEX_POINT('',#2242);
#692=VERTEX_POINT('',#2246);
#693=VERTEX_POINT('',#2248);
#694=VERTEX_POINT('',#2252);
#695=VERTEX_POINT('',#2254);
#696=VERTEX_POINT('',#2258);
#697=VERTEX_POINT('',#2260);
#698=VERTEX_POINT('',#2264);
#699=VERTEX_POINT('',#2266);
#700=VERTEX_POINT('',#2270);
#701=VERTEX_POINT('',#2272);
#702=VERTEX_POINT('',#2276);
#703=VERTEX_POINT('',#2278);
#704=VERTEX_POINT('',#2282);
#705=VERTEX_POINT('',#2284);
#706=VERTEX_POINT('',#2288);
#707=VERTEX_POINT('',#2290);
#708=VERTEX_POINT('',#2294);
#709=VERTEX_POINT('',#2296);
#710=VERTEX_POINT('',#2305);
#711=VERTEX_POINT('',#2306);
#712=VERTEX_POINT('',#2308);
#713=VERTEX_POINT('',#2310);
#714=VERTEX_POINT('',#2314);
#715=VERTEX_POINT('',#2316);
#716=VERTEX_POINT('',#2320);
#717=VERTEX_POINT('',#2322);
#718=VERTEX_POINT('',#2326);
#719=VERTEX_POINT('',#2328);
#720=VERTEX_POINT('',#2332);
#721=VERTEX_POINT('',#2334);
#722=VERTEX_POINT('',#2338);
#723=VERTEX_POINT('',#2340);
#724=VERTEX_POINT('',#2344);
#725=VERTEX_POINT('',#2346);
#726=VERTEX_POINT('',#2350);
#727=VERTEX_POINT('',#2352);
#728=VERTEX_POINT('',#2356);
#729=VERTEX_POINT('',#2358);
#730=VERTEX_POINT('',#2362);
#731=VERTEX_POINT('',#2364);
#732=VERTEX_POINT('',#2368);
#733=VERTEX_POINT('',#2370);
#734=VERTEX_POINT('',#2428);
#735=VERTEX_POINT('',#2595);
#736=VERTEX_POINT('',#2623);
#737=VERTEX_POINT('',#2624);
#738=VERTEX_POINT('',#2626);
#739=VERTEX_POINT('',#2628);
#740=VERTEX_POINT('',#2632);
#741=VERTEX_POINT('',#2634);
#742=VERTEX_POINT('',#2638);
#743=VERTEX_POINT('',#2640);
#744=VERTEX_POINT('',#2644);
#745=VERTEX_POINT('',#2646);
#746=VERTEX_POINT('',#2650);
#747=VERTEX_POINT('',#2652);
#748=VERTEX_POINT('',#2656);
#749=VERTEX_POINT('',#2658);
#750=VERTEX_POINT('',#2662);
#751=VERTEX_POINT('',#2664);
#752=VERTEX_POINT('',#2673);
#753=VERTEX_POINT('',#2674);
#754=VERTEX_POINT('',#2676);
#755=VERTEX_POINT('',#2678);
#756=VERTEX_POINT('',#2682);
#757=VERTEX_POINT('',#2684);
#758=VERTEX_POINT('',#2688);
#759=VERTEX_POINT('',#2690);
#760=VERTEX_POINT('',#2694);
#761=VERTEX_POINT('',#2696);
#762=VERTEX_POINT('',#2700);
#763=VERTEX_POINT('',#2702);
#764=VERTEX_POINT('',#2706);
#765=VERTEX_POINT('',#2708);
#766=VERTEX_POINT('',#2712);
#767=VERTEX_POINT('',#2714);
#768=VERTEX_POINT('',#2718);
#769=VERTEX_POINT('',#2720);
#770=VERTEX_POINT('',#2724);
#771=VERTEX_POINT('',#2726);
#772=VERTEX_POINT('',#2730);
#773=VERTEX_POINT('',#2732);
#774=VERTEX_POINT('',#2736);
#775=VERTEX_POINT('',#2738);
#776=EDGE_CURVE('',#634,#635,#244,.T.);
#777=EDGE_CURVE('',#636,#635,#245,.T.);
#778=EDGE_CURVE('',#637,#636,#246,.T.);
#779=EDGE_CURVE('',#634,#637,#247,.T.);
#780=EDGE_CURVE('',#638,#635,#248,.T.);
#781=EDGE_CURVE('',#638,#639,#249,.T.);
#782=EDGE_CURVE('',#636,#639,#250,.T.);
#783=EDGE_CURVE('',#638,#640,#251,.T.);
#784=EDGE_CURVE('',#641,#640,#252,.T.);
#785=EDGE_CURVE('',#639,#641,#253,.T.);
#786=EDGE_CURVE('',#641,#637,#254,.T.);
#787=EDGE_CURVE('',#634,#640,#255,.T.);
#788=EDGE_CURVE('',#642,#643,#42,.T.);
#789=EDGE_CURVE('',#643,#644,#256,.T.);
#790=EDGE_CURVE('',#644,#645,#43,.T.);
#791=EDGE_CURVE('',#645,#642,#257,.T.);
#792=EDGE_CURVE('',#646,#645,#258,.T.);
#793=EDGE_CURVE('',#647,#646,#259,.T.);
#794=EDGE_CURVE('',#642,#647,#260,.T.);
#795=EDGE_CURVE('',#644,#648,#261,.T.);
#796=EDGE_CURVE('',#649,#648,#44,.T.);
#797=EDGE_CURVE('',#649,#650,#262,.T.);
#798=EDGE_CURVE('',#651,#650,#45,.T.);
#799=EDGE_CURVE('',#651,#652,#263,.T.);
#800=EDGE_CURVE('',#646,#652,#46,.T.);
#801=EDGE_CURVE('',#653,#653,#47,.T.);
#802=EDGE_CURVE('',#654,#654,#48,.T.);
#803=EDGE_CURVE('',#655,#655,#49,.T.);
#804=EDGE_CURVE('',#656,#656,#50,.T.);
#805=EDGE_CURVE('',#657,#658,#264,.T.);
#806=EDGE_CURVE('',#658,#659,#265,.T.);
#807=EDGE_CURVE('',#659,#660,#266,.T.);
#808=EDGE_CURVE('',#660,#657,#267,.T.);
#809=EDGE_CURVE('',#661,#662,#268,.T.);
#810=EDGE_CURVE('',#662,#663,#269,.T.);
#811=EDGE_CURVE('',#663,#664,#270,.T.);
#812=EDGE_CURVE('',#664,#661,#271,.T.);
#813=EDGE_CURVE('',#665,#666,#51,.T.);
#814=EDGE_CURVE('',#666,#649,#272,.T.);
#815=EDGE_CURVE('',#648,#665,#273,.T.);
#816=EDGE_CURVE('',#667,#666,#274,.T.);
#817=EDGE_CURVE('',#650,#667,#275,.T.);
#818=EDGE_CURVE('',#667,#668,#52,.T.);
#819=EDGE_CURVE('',#668,#651,#276,.T.);
#820=EDGE_CURVE('',#669,#647,#53,.T.);
#821=EDGE_CURVE('',#652,#669,#277,.T.);
#822=EDGE_CURVE('',#670,#671,#278,.T.);
#823=EDGE_CURVE('',#664,#670,#279,.T.);
#824=EDGE_CURVE('',#663,#671,#280,.T.);
#825=EDGE_CURVE('',#671,#672,#281,.T.);
#826=EDGE_CURVE('',#662,#672,#282,.T.);
#827=EDGE_CURVE('',#672,#673,#283,.T.);
#828=EDGE_CURVE('',#661,#673,#284,.T.);
#829=EDGE_CURVE('',#673,#670,#285,.T.);
#830=EDGE_CURVE('',#674,#675,#286,.T.);
#831=EDGE_CURVE('',#660,#674,#287,.T.);
#832=EDGE_CURVE('',#659,#675,#288,.T.);
#833=EDGE_CURVE('',#675,#676,#289,.T.);
#834=EDGE_CURVE('',#658,#676,#290,.T.);
#835=EDGE_CURVE('',#676,#677,#291,.T.);
#836=EDGE_CURVE('',#657,#677,#292,.T.);
#837=EDGE_CURVE('',#677,#674,#293,.T.);
#838=EDGE_CURVE('',#678,#678,#54,.T.);
#839=EDGE_CURVE('',#678,#653,#294,.T.);
#840=EDGE_CURVE('',#679,#679,#55,.T.);
#841=EDGE_CURVE('',#679,#654,#295,.T.);
#842=EDGE_CURVE('',#680,#680,#56,.T.);
#843=EDGE_CURVE('',#680,#655,#296,.T.);
#844=EDGE_CURVE('',#681,#681,#57,.T.);
#845=EDGE_CURVE('',#681,#656,#297,.T.);
#846=EDGE_CURVE('',#669,#668,#298,.T.);
#847=EDGE_CURVE('',#665,#643,#299,.T.);
#848=EDGE_CURVE('',#682,#683,#300,.T.);
#849=EDGE_CURVE('',#683,#684,#301,.T.);
#850=EDGE_CURVE('',#685,#684,#302,.T.);
#851=EDGE_CURVE('',#682,#685,#303,.T.);
#852=EDGE_CURVE('',#686,#682,#304,.T.);
#853=EDGE_CURVE('',#687,#685,#305,.T.);
#854=EDGE_CURVE('',#686,#687,#306,.T.);
#855=EDGE_CURVE('',#688,#686,#307,.T.);
#856=EDGE_CURVE('',#689,#687,#308,.T.);
#857=EDGE_CURVE('',#688,#689,#309,.T.);
#858=EDGE_CURVE('',#690,#688,#310,.T.);
#859=EDGE_CURVE('',#691,#689,#311,.T.);
#860=EDGE_CURVE('',#690,#691,#312,.T.);
#861=EDGE_CURVE('',#692,#690,#313,.T.);
#862=EDGE_CURVE('',#693,#691,#314,.T.);
#863=EDGE_CURVE('',#692,#693,#315,.T.);
#864=EDGE_CURVE('',#694,#692,#316,.T.);
#865=EDGE_CURVE('',#695,#693,#317,.T.);
#866=EDGE_CURVE('',#694,#695,#318,.T.);
#867=EDGE_CURVE('',#696,#694,#319,.T.);
#868=EDGE_CURVE('',#697,#695,#320,.T.);
#869=EDGE_CURVE('',#696,#697,#321,.T.);
#870=EDGE_CURVE('',#698,#696,#322,.T.);
#871=EDGE_CURVE('',#699,#697,#323,.T.);
#872=EDGE_CURVE('',#698,#699,#324,.T.);
#873=EDGE_CURVE('',#700,#698,#325,.T.);
#874=EDGE_CURVE('',#701,#699,#326,.T.);
#875=EDGE_CURVE('',#700,#701,#327,.T.);
#876=EDGE_CURVE('',#702,#700,#328,.T.);
#877=EDGE_CURVE('',#703,#701,#329,.T.);
#878=EDGE_CURVE('',#702,#703,#330,.T.);
#879=EDGE_CURVE('',#704,#702,#331,.T.);
#880=EDGE_CURVE('',#705,#703,#332,.T.);
#881=EDGE_CURVE('',#704,#705,#333,.T.);
#882=EDGE_CURVE('',#706,#704,#334,.T.);
#883=EDGE_CURVE('',#707,#705,#335,.T.);
#884=EDGE_CURVE('',#706,#707,#336,.T.);
#885=EDGE_CURVE('',#708,#706,#337,.T.);
#886=EDGE_CURVE('',#709,#707,#338,.T.);
#887=EDGE_CURVE('',#708,#709,#339,.T.);
#888=EDGE_CURVE('',#683,#708,#340,.T.);
#889=EDGE_CURVE('',#684,#709,#341,.T.);
#890=EDGE_CURVE('',#710,#711,#342,.T.);
#891=EDGE_CURVE('',#711,#712,#343,.T.);
#892=EDGE_CURVE('',#713,#712,#344,.T.);
#893=EDGE_CURVE('',#710,#713,#345,.T.);
#894=EDGE_CURVE('',#714,#710,#346,.T.);
#895=EDGE_CURVE('',#715,#713,#347,.T.);
#896=EDGE_CURVE('',#714,#715,#348,.T.);
#897=EDGE_CURVE('',#716,#714,#349,.T.);
#898=EDGE_CURVE('',#717,#715,#350,.T.);
#899=EDGE_CURVE('',#716,#717,#351,.T.);
#900=EDGE_CURVE('',#718,#716,#352,.T.);
#901=EDGE_CURVE('',#719,#717,#353,.T.);
#902=EDGE_CURVE('',#718,#719,#354,.T.);
#903=EDGE_CURVE('',#720,#718,#355,.T.);
#904=EDGE_CURVE('',#721,#719,#356,.T.);
#905=EDGE_CURVE('',#720,#721,#357,.T.);
#906=EDGE_CURVE('',#722,#720,#358,.T.);
#907=EDGE_CURVE('',#723,#721,#359,.T.);
#908=EDGE_CURVE('',#722,#723,#360,.T.);
#909=EDGE_CURVE('',#724,#722,#361,.T.);
#910=EDGE_CURVE('',#725,#723,#362,.T.);
#911=EDGE_CURVE('',#724,#725,#363,.T.);
#912=EDGE_CURVE('',#726,#724,#364,.T.);
#913=EDGE_CURVE('',#727,#725,#365,.T.);
#914=EDGE_CURVE('',#726,#727,#366,.T.);
#915=EDGE_CURVE('',#728,#726,#367,.T.);
#916=EDGE_CURVE('',#729,#727,#368,.T.);
#917=EDGE_CURVE('',#728,#729,#369,.T.);
#918=EDGE_CURVE('',#730,#728,#370,.T.);
#919=EDGE_CURVE('',#731,#729,#371,.T.);
#920=EDGE_CURVE('',#730,#731,#372,.T.);
#921=EDGE_CURVE('',#732,#730,#373,.T.);
#922=EDGE_CURVE('',#733,#731,#374,.T.);
#923=EDGE_CURVE('',#732,#733,#375,.T.);
#924=EDGE_CURVE('',#711,#732,#376,.T.);
#925=EDGE_CURVE('',#712,#733,#377,.T.);
#926=EDGE_CURVE('',#734,#734,#14,.T.);
#927=EDGE_CURVE('',#735,#734,#378,.T.);
#928=EDGE_CURVE('',#735,#735,#13,.T.);
#929=EDGE_CURVE('',#736,#737,#379,.T.);
#930=EDGE_CURVE('',#736,#738,#380,.T.);
#931=EDGE_CURVE('',#739,#738,#381,.T.);
#932=EDGE_CURVE('',#737,#739,#382,.T.);
#933=EDGE_CURVE('',#737,#740,#383,.T.);
#934=EDGE_CURVE('',#741,#739,#384,.T.);
#935=EDGE_CURVE('',#740,#741,#385,.T.);
#936=EDGE_CURVE('',#740,#742,#386,.T.);
#937=EDGE_CURVE('',#743,#741,#387,.T.);
#938=EDGE_CURVE('',#742,#743,#388,.T.);
#939=EDGE_CURVE('',#742,#744,#389,.T.);
#940=EDGE_CURVE('',#745,#743,#390,.T.);
#941=EDGE_CURVE('',#744,#745,#391,.T.);
#942=EDGE_CURVE('',#744,#746,#392,.T.);
#943=EDGE_CURVE('',#747,#745,#393,.T.);
#944=EDGE_CURVE('',#746,#747,#394,.T.);
#945=EDGE_CURVE('',#746,#748,#395,.T.);
#946=EDGE_CURVE('',#749,#747,#396,.T.);
#947=EDGE_CURVE('',#748,#749,#397,.T.);
#948=EDGE_CURVE('',#748,#750,#398,.T.);
#949=EDGE_CURVE('',#751,#749,#399,.T.);
#950=EDGE_CURVE('',#750,#751,#400,.T.);
#951=EDGE_CURVE('',#750,#736,#401,.T.);
#952=EDGE_CURVE('',#738,#751,#402,.T.);
#953=EDGE_CURVE('',#752,#753,#403,.T.);
#954=EDGE_CURVE('',#753,#754,#404,.T.);
#955=EDGE_CURVE('',#755,#754,#405,.T.);
#956=EDGE_CURVE('',#752,#755,#406,.T.);
#957=EDGE_CURVE('',#756,#752,#407,.T.);
#958=EDGE_CURVE('',#757,#755,#408,.T.);
#959=EDGE_CURVE('',#756,#757,#409,.T.);
#960=EDGE_CURVE('',#758,#756,#410,.T.);
#961=EDGE_CURVE('',#759,#757,#411,.T.);
#962=EDGE_CURVE('',#758,#759,#412,.T.);
#963=EDGE_CURVE('',#760,#758,#413,.T.);
#964=EDGE_CURVE('',#761,#759,#414,.T.);
#965=EDGE_CURVE('',#760,#761,#415,.T.);
#966=EDGE_CURVE('',#762,#760,#416,.T.);
#967=EDGE_CURVE('',#763,#761,#417,.T.);
#968=EDGE_CURVE('',#762,#763,#418,.T.);
#969=EDGE_CURVE('',#764,#762,#419,.T.);
#970=EDGE_CURVE('',#765,#763,#420,.T.);
#971=EDGE_CURVE('',#764,#765,#421,.T.);
#972=EDGE_CURVE('',#766,#764,#422,.T.);
#973=EDGE_CURVE('',#767,#765,#423,.T.);
#974=EDGE_CURVE('',#766,#767,#424,.T.);
#975=EDGE_CURVE('',#768,#766,#425,.T.);
#976=EDGE_CURVE('',#769,#767,#426,.T.);
#977=EDGE_CURVE('',#768,#769,#427,.T.);
#978=EDGE_CURVE('',#770,#768,#428,.T.);
#979=EDGE_CURVE('',#771,#769,#429,.T.);
#980=EDGE_CURVE('',#770,#771,#430,.T.);
#981=EDGE_CURVE('',#772,#770,#431,.T.);
#982=EDGE_CURVE('',#773,#771,#432,.T.);
#983=EDGE_CURVE('',#772,#773,#433,.T.);
#984=EDGE_CURVE('',#774,#772,#434,.T.);
#985=EDGE_CURVE('',#775,#773,#435,.T.);
#986=EDGE_CURVE('',#774,#775,#436,.T.);
#987=EDGE_CURVE('',#753,#774,#437,.T.);
#988=EDGE_CURVE('',#754,#775,#438,.T.);
#989=ORIENTED_EDGE('',*,*,#776,.T.);
#990=ORIENTED_EDGE('',*,*,#777,.F.);
#991=ORIENTED_EDGE('',*,*,#778,.F.);
#992=ORIENTED_EDGE('',*,*,#779,.F.);
#993=ORIENTED_EDGE('',*,*,#777,.T.);
#994=ORIENTED_EDGE('',*,*,#780,.F.);
#995=ORIENTED_EDGE('',*,*,#781,.T.);
#996=ORIENTED_EDGE('',*,*,#782,.F.);
#997=ORIENTED_EDGE('',*,*,#783,.T.);
#998=ORIENTED_EDGE('',*,*,#784,.F.);
#999=ORIENTED_EDGE('',*,*,#785,.F.);
#1000=ORIENTED_EDGE('',*,*,#781,.F.);
#1001=ORIENTED_EDGE('',*,*,#779,.T.);
#1002=ORIENTED_EDGE('',*,*,#786,.F.);
#1003=ORIENTED_EDGE('',*,*,#784,.T.);
#1004=ORIENTED_EDGE('',*,*,#787,.F.);
#1005=ORIENTED_EDGE('',*,*,#788,.T.);
#1006=ORIENTED_EDGE('',*,*,#789,.T.);
#1007=ORIENTED_EDGE('',*,*,#790,.T.);
#1008=ORIENTED_EDGE('',*,*,#791,.T.);
#1009=ORIENTED_EDGE('',*,*,#791,.F.);
#1010=ORIENTED_EDGE('',*,*,#792,.F.);
#1011=ORIENTED_EDGE('',*,*,#793,.F.);
#1012=ORIENTED_EDGE('',*,*,#794,.F.);
#1013=ORIENTED_EDGE('',*,*,#790,.F.);
#1014=ORIENTED_EDGE('',*,*,#795,.T.);
#1015=ORIENTED_EDGE('',*,*,#796,.F.);
#1016=ORIENTED_EDGE('',*,*,#797,.T.);
#1017=ORIENTED_EDGE('',*,*,#798,.F.);
#1018=ORIENTED_EDGE('',*,*,#799,.T.);
#1019=ORIENTED_EDGE('',*,*,#800,.F.);
#1020=ORIENTED_EDGE('',*,*,#792,.T.);
#1021=ORIENTED_EDGE('',*,*,#801,.F.);
#1022=ORIENTED_EDGE('',*,*,#802,.F.);
#1023=ORIENTED_EDGE('',*,*,#803,.F.);
#1024=ORIENTED_EDGE('',*,*,#804,.F.);
#1025=ORIENTED_EDGE('',*,*,#805,.T.);
#1026=ORIENTED_EDGE('',*,*,#806,.T.);
#1027=ORIENTED_EDGE('',*,*,#807,.T.);
#1028=ORIENTED_EDGE('',*,*,#808,.T.);
#1029=ORIENTED_EDGE('',*,*,#809,.T.);
#1030=ORIENTED_EDGE('',*,*,#810,.T.);
#1031=ORIENTED_EDGE('',*,*,#811,.T.);
#1032=ORIENTED_EDGE('',*,*,#812,.T.);
#1033=ORIENTED_EDGE('',*,*,#783,.F.);
#1034=ORIENTED_EDGE('',*,*,#780,.T.);
#1035=ORIENTED_EDGE('',*,*,#776,.F.);
#1036=ORIENTED_EDGE('',*,*,#787,.T.);
#1037=ORIENTED_EDGE('',*,*,#813,.T.);
#1038=ORIENTED_EDGE('',*,*,#814,.T.);
#1039=ORIENTED_EDGE('',*,*,#796,.T.);
#1040=ORIENTED_EDGE('',*,*,#815,.T.);
#1041=ORIENTED_EDGE('',*,*,#814,.F.);
#1042=ORIENTED_EDGE('',*,*,#816,.F.);
#1043=ORIENTED_EDGE('',*,*,#817,.F.);
#1044=ORIENTED_EDGE('',*,*,#797,.F.);
#1045=ORIENTED_EDGE('',*,*,#818,.T.);
#1046=ORIENTED_EDGE('',*,*,#819,.T.);
#1047=ORIENTED_EDGE('',*,*,#798,.T.);
#1048=ORIENTED_EDGE('',*,*,#817,.T.);
#1049=ORIENTED_EDGE('',*,*,#820,.T.);
#1050=ORIENTED_EDGE('',*,*,#793,.T.);
#1051=ORIENTED_EDGE('',*,*,#800,.T.);
#1052=ORIENTED_EDGE('',*,*,#821,.T.);
#1053=ORIENTED_EDGE('',*,*,#822,.F.);
#1054=ORIENTED_EDGE('',*,*,#823,.F.);
#1055=ORIENTED_EDGE('',*,*,#811,.F.);
#1056=ORIENTED_EDGE('',*,*,#824,.T.);
#1057=ORIENTED_EDGE('',*,*,#825,.F.);
#1058=ORIENTED_EDGE('',*,*,#824,.F.);
#1059=ORIENTED_EDGE('',*,*,#810,.F.);
#1060=ORIENTED_EDGE('',*,*,#826,.T.);
#1061=ORIENTED_EDGE('',*,*,#827,.F.);
#1062=ORIENTED_EDGE('',*,*,#826,.F.);
#1063=ORIENTED_EDGE('',*,*,#809,.F.);
#1064=ORIENTED_EDGE('',*,*,#828,.T.);
#1065=ORIENTED_EDGE('',*,*,#829,.F.);
#1066=ORIENTED_EDGE('',*,*,#828,.F.);
#1067=ORIENTED_EDGE('',*,*,#812,.F.);
#1068=ORIENTED_EDGE('',*,*,#823,.T.);
#1069=ORIENTED_EDGE('',*,*,#830,.F.);
#1070=ORIENTED_EDGE('',*,*,#831,.F.);
#1071=ORIENTED_EDGE('',*,*,#807,.F.);
#1072=ORIENTED_EDGE('',*,*,#832,.T.);
#1073=ORIENTED_EDGE('',*,*,#833,.F.);
#1074=ORIENTED_EDGE('',*,*,#832,.F.);
#1075=ORIENTED_EDGE('',*,*,#806,.F.);
#1076=ORIENTED_EDGE('',*,*,#834,.T.);
#1077=ORIENTED_EDGE('',*,*,#835,.F.);
#1078=ORIENTED_EDGE('',*,*,#834,.F.);
#1079=ORIENTED_EDGE('',*,*,#805,.F.);
#1080=ORIENTED_EDGE('',*,*,#836,.T.);
#1081=ORIENTED_EDGE('',*,*,#837,.F.);
#1082=ORIENTED_EDGE('',*,*,#836,.F.);
#1083=ORIENTED_EDGE('',*,*,#808,.F.);
#1084=ORIENTED_EDGE('',*,*,#831,.T.);
#1085=ORIENTED_EDGE('',*,*,#838,.F.);
#1086=ORIENTED_EDGE('',*,*,#839,.T.);
#1087=ORIENTED_EDGE('',*,*,#801,.T.);
#1088=ORIENTED_EDGE('',*,*,#839,.F.);
#1089=ORIENTED_EDGE('',*,*,#840,.F.);
#1090=ORIENTED_EDGE('',*,*,#841,.T.);
#1091=ORIENTED_EDGE('',*,*,#802,.T.);
#1092=ORIENTED_EDGE('',*,*,#841,.F.);
#1093=ORIENTED_EDGE('',*,*,#842,.F.);
#1094=ORIENTED_EDGE('',*,*,#843,.T.);
#1095=ORIENTED_EDGE('',*,*,#803,.T.);
#1096=ORIENTED_EDGE('',*,*,#843,.F.);
#1097=ORIENTED_EDGE('',*,*,#844,.F.);
#1098=ORIENTED_EDGE('',*,*,#845,.T.);
#1099=ORIENTED_EDGE('',*,*,#804,.T.);
#1100=ORIENTED_EDGE('',*,*,#845,.F.);
#1101=ORIENTED_EDGE('',*,*,#819,.F.);
#1102=ORIENTED_EDGE('',*,*,#846,.F.);
#1103=ORIENTED_EDGE('',*,*,#821,.F.);
#1104=ORIENTED_EDGE('',*,*,#799,.F.);
#1105=ORIENTED_EDGE('',*,*,#789,.F.);
#1106=ORIENTED_EDGE('',*,*,#847,.F.);
#1107=ORIENTED_EDGE('',*,*,#815,.F.);
#1108=ORIENTED_EDGE('',*,*,#795,.F.);
#1109=ORIENTED_EDGE('',*,*,#788,.F.);
#1110=ORIENTED_EDGE('',*,*,#794,.T.);
#1111=ORIENTED_EDGE('',*,*,#820,.F.);
#1112=ORIENTED_EDGE('',*,*,#846,.T.);
#1113=ORIENTED_EDGE('',*,*,#818,.F.);
#1114=ORIENTED_EDGE('',*,*,#816,.T.);
#1115=ORIENTED_EDGE('',*,*,#813,.F.);
#1116=ORIENTED_EDGE('',*,*,#847,.T.);
#1117=ORIENTED_EDGE('',*,*,#838,.T.);
#1118=ORIENTED_EDGE('',*,*,#840,.T.);
#1119=ORIENTED_EDGE('',*,*,#842,.T.);
#1120=ORIENTED_EDGE('',*,*,#844,.T.);
#1121=ORIENTED_EDGE('',*,*,#835,.T.);
#1122=ORIENTED_EDGE('',*,*,#837,.T.);
#1123=ORIENTED_EDGE('',*,*,#830,.T.);
#1124=ORIENTED_EDGE('',*,*,#833,.T.);
#1125=ORIENTED_EDGE('',*,*,#827,.T.);
#1126=ORIENTED_EDGE('',*,*,#829,.T.);
#1127=ORIENTED_EDGE('',*,*,#822,.T.);
#1128=ORIENTED_EDGE('',*,*,#825,.T.);
#1129=ORIENTED_EDGE('',*,*,#786,.T.);
#1130=ORIENTED_EDGE('',*,*,#778,.T.);
#1131=ORIENTED_EDGE('',*,*,#782,.T.);
#1132=ORIENTED_EDGE('',*,*,#785,.T.);
#1133=ORIENTED_EDGE('',*,*,#848,.T.);
#1134=ORIENTED_EDGE('',*,*,#849,.T.);
#1135=ORIENTED_EDGE('',*,*,#850,.F.);
#1136=ORIENTED_EDGE('',*,*,#851,.F.);
#1137=ORIENTED_EDGE('',*,*,#852,.T.);
#1138=ORIENTED_EDGE('',*,*,#851,.T.);
#1139=ORIENTED_EDGE('',*,*,#853,.F.);
#1140=ORIENTED_EDGE('',*,*,#854,.F.);
#1141=ORIENTED_EDGE('',*,*,#855,.T.);
#1142=ORIENTED_EDGE('',*,*,#854,.T.);
#1143=ORIENTED_EDGE('',*,*,#856,.F.);
#1144=ORIENTED_EDGE('',*,*,#857,.F.);
#1145=ORIENTED_EDGE('',*,*,#858,.T.);
#1146=ORIENTED_EDGE('',*,*,#857,.T.);
#1147=ORIENTED_EDGE('',*,*,#859,.F.);
#1148=ORIENTED_EDGE('',*,*,#860,.F.);
#1149=ORIENTED_EDGE('',*,*,#861,.T.);
#1150=ORIENTED_EDGE('',*,*,#860,.T.);
#1151=ORIENTED_EDGE('',*,*,#862,.F.);
#1152=ORIENTED_EDGE('',*,*,#863,.F.);
#1153=ORIENTED_EDGE('',*,*,#864,.T.);
#1154=ORIENTED_EDGE('',*,*,#863,.T.);
#1155=ORIENTED_EDGE('',*,*,#865,.F.);
#1156=ORIENTED_EDGE('',*,*,#866,.F.);
#1157=ORIENTED_EDGE('',*,*,#867,.T.);
#1158=ORIENTED_EDGE('',*,*,#866,.T.);
#1159=ORIENTED_EDGE('',*,*,#868,.F.);
#1160=ORIENTED_EDGE('',*,*,#869,.F.);
#1161=ORIENTED_EDGE('',*,*,#870,.T.);
#1162=ORIENTED_EDGE('',*,*,#869,.T.);
#1163=ORIENTED_EDGE('',*,*,#871,.F.);
#1164=ORIENTED_EDGE('',*,*,#872,.F.);
#1165=ORIENTED_EDGE('',*,*,#873,.T.);
#1166=ORIENTED_EDGE('',*,*,#872,.T.);
#1167=ORIENTED_EDGE('',*,*,#874,.F.);
#1168=ORIENTED_EDGE('',*,*,#875,.F.);
#1169=ORIENTED_EDGE('',*,*,#876,.T.);
#1170=ORIENTED_EDGE('',*,*,#875,.T.);
#1171=ORIENTED_EDGE('',*,*,#877,.F.);
#1172=ORIENTED_EDGE('',*,*,#878,.F.);
#1173=ORIENTED_EDGE('',*,*,#879,.T.);
#1174=ORIENTED_EDGE('',*,*,#878,.T.);
#1175=ORIENTED_EDGE('',*,*,#880,.F.);
#1176=ORIENTED_EDGE('',*,*,#881,.F.);
#1177=ORIENTED_EDGE('',*,*,#882,.T.);
#1178=ORIENTED_EDGE('',*,*,#881,.T.);
#1179=ORIENTED_EDGE('',*,*,#883,.F.);
#1180=ORIENTED_EDGE('',*,*,#884,.F.);
#1181=ORIENTED_EDGE('',*,*,#885,.T.);
#1182=ORIENTED_EDGE('',*,*,#884,.T.);
#1183=ORIENTED_EDGE('',*,*,#886,.F.);
#1184=ORIENTED_EDGE('',*,*,#887,.F.);
#1185=ORIENTED_EDGE('',*,*,#888,.T.);
#1186=ORIENTED_EDGE('',*,*,#887,.T.);
#1187=ORIENTED_EDGE('',*,*,#889,.F.);
#1188=ORIENTED_EDGE('',*,*,#849,.F.);
#1189=ORIENTED_EDGE('',*,*,#889,.T.);
#1190=ORIENTED_EDGE('',*,*,#886,.T.);
#1191=ORIENTED_EDGE('',*,*,#883,.T.);
#1192=ORIENTED_EDGE('',*,*,#880,.T.);
#1193=ORIENTED_EDGE('',*,*,#877,.T.);
#1194=ORIENTED_EDGE('',*,*,#874,.T.);
#1195=ORIENTED_EDGE('',*,*,#871,.T.);
#1196=ORIENTED_EDGE('',*,*,#868,.T.);
#1197=ORIENTED_EDGE('',*,*,#865,.T.);
#1198=ORIENTED_EDGE('',*,*,#862,.T.);
#1199=ORIENTED_EDGE('',*,*,#859,.T.);
#1200=ORIENTED_EDGE('',*,*,#856,.T.);
#1201=ORIENTED_EDGE('',*,*,#853,.T.);
#1202=ORIENTED_EDGE('',*,*,#850,.T.);
#1203=ORIENTED_EDGE('',*,*,#888,.F.);
#1204=ORIENTED_EDGE('',*,*,#848,.F.);
#1205=ORIENTED_EDGE('',*,*,#852,.F.);
#1206=ORIENTED_EDGE('',*,*,#855,.F.);
#1207=ORIENTED_EDGE('',*,*,#858,.F.);
#1208=ORIENTED_EDGE('',*,*,#861,.F.);
#1209=ORIENTED_EDGE('',*,*,#864,.F.);
#1210=ORIENTED_EDGE('',*,*,#867,.F.);
#1211=ORIENTED_EDGE('',*,*,#870,.F.);
#1212=ORIENTED_EDGE('',*,*,#873,.F.);
#1213=ORIENTED_EDGE('',*,*,#876,.F.);
#1214=ORIENTED_EDGE('',*,*,#879,.F.);
#1215=ORIENTED_EDGE('',*,*,#882,.F.);
#1216=ORIENTED_EDGE('',*,*,#885,.F.);
#1217=ORIENTED_EDGE('',*,*,#890,.T.);
#1218=ORIENTED_EDGE('',*,*,#891,.T.);
#1219=ORIENTED_EDGE('',*,*,#892,.F.);
#1220=ORIENTED_EDGE('',*,*,#893,.F.);
#1221=ORIENTED_EDGE('',*,*,#894,.T.);
#1222=ORIENTED_EDGE('',*,*,#893,.T.);
#1223=ORIENTED_EDGE('',*,*,#895,.F.);
#1224=ORIENTED_EDGE('',*,*,#896,.F.);
#1225=ORIENTED_EDGE('',*,*,#897,.T.);
#1226=ORIENTED_EDGE('',*,*,#896,.T.);
#1227=ORIENTED_EDGE('',*,*,#898,.F.);
#1228=ORIENTED_EDGE('',*,*,#899,.F.);
#1229=ORIENTED_EDGE('',*,*,#900,.T.);
#1230=ORIENTED_EDGE('',*,*,#899,.T.);
#1231=ORIENTED_EDGE('',*,*,#901,.F.);
#1232=ORIENTED_EDGE('',*,*,#902,.F.);
#1233=ORIENTED_EDGE('',*,*,#903,.T.);
#1234=ORIENTED_EDGE('',*,*,#902,.T.);
#1235=ORIENTED_EDGE('',*,*,#904,.F.);
#1236=ORIENTED_EDGE('',*,*,#905,.F.);
#1237=ORIENTED_EDGE('',*,*,#906,.T.);
#1238=ORIENTED_EDGE('',*,*,#905,.T.);
#1239=ORIENTED_EDGE('',*,*,#907,.F.);
#1240=ORIENTED_EDGE('',*,*,#908,.F.);
#1241=ORIENTED_EDGE('',*,*,#909,.T.);
#1242=ORIENTED_EDGE('',*,*,#908,.T.);
#1243=ORIENTED_EDGE('',*,*,#910,.F.);
#1244=ORIENTED_EDGE('',*,*,#911,.F.);
#1245=ORIENTED_EDGE('',*,*,#912,.T.);
#1246=ORIENTED_EDGE('',*,*,#911,.T.);
#1247=ORIENTED_EDGE('',*,*,#913,.F.);
#1248=ORIENTED_EDGE('',*,*,#914,.F.);
#1249=ORIENTED_EDGE('',*,*,#915,.T.);
#1250=ORIENTED_EDGE('',*,*,#914,.T.);
#1251=ORIENTED_EDGE('',*,*,#916,.F.);
#1252=ORIENTED_EDGE('',*,*,#917,.F.);
#1253=ORIENTED_EDGE('',*,*,#918,.T.);
#1254=ORIENTED_EDGE('',*,*,#917,.T.);
#1255=ORIENTED_EDGE('',*,*,#919,.F.);
#1256=ORIENTED_EDGE('',*,*,#920,.F.);
#1257=ORIENTED_EDGE('',*,*,#921,.T.);
#1258=ORIENTED_EDGE('',*,*,#920,.T.);
#1259=ORIENTED_EDGE('',*,*,#922,.F.);
#1260=ORIENTED_EDGE('',*,*,#923,.F.);
#1261=ORIENTED_EDGE('',*,*,#924,.T.);
#1262=ORIENTED_EDGE('',*,*,#923,.T.);
#1263=ORIENTED_EDGE('',*,*,#925,.F.);
#1264=ORIENTED_EDGE('',*,*,#891,.F.);
#1265=ORIENTED_EDGE('',*,*,#925,.T.);
#1266=ORIENTED_EDGE('',*,*,#922,.T.);
#1267=ORIENTED_EDGE('',*,*,#919,.T.);
#1268=ORIENTED_EDGE('',*,*,#916,.T.);
#1269=ORIENTED_EDGE('',*,*,#913,.T.);
#1270=ORIENTED_EDGE('',*,*,#910,.T.);
#1271=ORIENTED_EDGE('',*,*,#907,.T.);
#1272=ORIENTED_EDGE('',*,*,#904,.T.);
#1273=ORIENTED_EDGE('',*,*,#901,.T.);
#1274=ORIENTED_EDGE('',*,*,#898,.T.);
#1275=ORIENTED_EDGE('',*,*,#895,.T.);
#1276=ORIENTED_EDGE('',*,*,#892,.T.);
#1277=ORIENTED_EDGE('',*,*,#924,.F.);
#1278=ORIENTED_EDGE('',*,*,#890,.F.);
#1279=ORIENTED_EDGE('',*,*,#894,.F.);
#1280=ORIENTED_EDGE('',*,*,#897,.F.);
#1281=ORIENTED_EDGE('',*,*,#900,.F.);
#1282=ORIENTED_EDGE('',*,*,#903,.F.);
#1283=ORIENTED_EDGE('',*,*,#906,.F.);
#1284=ORIENTED_EDGE('',*,*,#909,.F.);
#1285=ORIENTED_EDGE('',*,*,#912,.F.);
#1286=ORIENTED_EDGE('',*,*,#915,.F.);
#1287=ORIENTED_EDGE('',*,*,#918,.F.);
#1288=ORIENTED_EDGE('',*,*,#921,.F.);
#1289=ORIENTED_EDGE('',*,*,#926,.F.);
#1290=ORIENTED_EDGE('',*,*,#927,.F.);
#1291=ORIENTED_EDGE('',*,*,#928,.F.);
#1292=ORIENTED_EDGE('',*,*,#927,.T.);
#1293=ORIENTED_EDGE('',*,*,#929,.F.);
#1294=ORIENTED_EDGE('',*,*,#930,.T.);
#1295=ORIENTED_EDGE('',*,*,#931,.F.);
#1296=ORIENTED_EDGE('',*,*,#932,.F.);
#1297=ORIENTED_EDGE('',*,*,#933,.F.);
#1298=ORIENTED_EDGE('',*,*,#932,.T.);
#1299=ORIENTED_EDGE('',*,*,#934,.F.);
#1300=ORIENTED_EDGE('',*,*,#935,.F.);
#1301=ORIENTED_EDGE('',*,*,#936,.F.);
#1302=ORIENTED_EDGE('',*,*,#935,.T.);
#1303=ORIENTED_EDGE('',*,*,#937,.F.);
#1304=ORIENTED_EDGE('',*,*,#938,.F.);
#1305=ORIENTED_EDGE('',*,*,#939,.F.);
#1306=ORIENTED_EDGE('',*,*,#938,.T.);
#1307=ORIENTED_EDGE('',*,*,#940,.F.);
#1308=ORIENTED_EDGE('',*,*,#941,.F.);
#1309=ORIENTED_EDGE('',*,*,#942,.F.);
#1310=ORIENTED_EDGE('',*,*,#941,.T.);
#1311=ORIENTED_EDGE('',*,*,#943,.F.);
#1312=ORIENTED_EDGE('',*,*,#944,.F.);
#1313=ORIENTED_EDGE('',*,*,#945,.F.);
#1314=ORIENTED_EDGE('',*,*,#944,.T.);
#1315=ORIENTED_EDGE('',*,*,#946,.F.);
#1316=ORIENTED_EDGE('',*,*,#947,.F.);
#1317=ORIENTED_EDGE('',*,*,#948,.F.);
#1318=ORIENTED_EDGE('',*,*,#947,.T.);
#1319=ORIENTED_EDGE('',*,*,#949,.F.);
#1320=ORIENTED_EDGE('',*,*,#950,.F.);
#1321=ORIENTED_EDGE('',*,*,#951,.F.);
#1322=ORIENTED_EDGE('',*,*,#950,.T.);
#1323=ORIENTED_EDGE('',*,*,#952,.F.);
#1324=ORIENTED_EDGE('',*,*,#930,.F.);
#1325=ORIENTED_EDGE('',*,*,#952,.T.);
#1326=ORIENTED_EDGE('',*,*,#949,.T.);
#1327=ORIENTED_EDGE('',*,*,#946,.T.);
#1328=ORIENTED_EDGE('',*,*,#943,.T.);
#1329=ORIENTED_EDGE('',*,*,#940,.T.);
#1330=ORIENTED_EDGE('',*,*,#937,.T.);
#1331=ORIENTED_EDGE('',*,*,#934,.T.);
#1332=ORIENTED_EDGE('',*,*,#931,.T.);
#1333=ORIENTED_EDGE('',*,*,#926,.T.);
#1334=ORIENTED_EDGE('',*,*,#951,.T.);
#1335=ORIENTED_EDGE('',*,*,#929,.T.);
#1336=ORIENTED_EDGE('',*,*,#933,.T.);
#1337=ORIENTED_EDGE('',*,*,#936,.T.);
#1338=ORIENTED_EDGE('',*,*,#939,.T.);
#1339=ORIENTED_EDGE('',*,*,#942,.T.);
#1340=ORIENTED_EDGE('',*,*,#945,.T.);
#1341=ORIENTED_EDGE('',*,*,#948,.T.);
#1342=ORIENTED_EDGE('',*,*,#928,.T.);
#1343=ORIENTED_EDGE('',*,*,#953,.T.);
#1344=ORIENTED_EDGE('',*,*,#954,.T.);
#1345=ORIENTED_EDGE('',*,*,#955,.F.);
#1346=ORIENTED_EDGE('',*,*,#956,.F.);
#1347=ORIENTED_EDGE('',*,*,#957,.T.);
#1348=ORIENTED_EDGE('',*,*,#956,.T.);
#1349=ORIENTED_EDGE('',*,*,#958,.F.);
#1350=ORIENTED_EDGE('',*,*,#959,.F.);
#1351=ORIENTED_EDGE('',*,*,#960,.T.);
#1352=ORIENTED_EDGE('',*,*,#959,.T.);
#1353=ORIENTED_EDGE('',*,*,#961,.F.);
#1354=ORIENTED_EDGE('',*,*,#962,.F.);
#1355=ORIENTED_EDGE('',*,*,#963,.T.);
#1356=ORIENTED_EDGE('',*,*,#962,.T.);
#1357=ORIENTED_EDGE('',*,*,#964,.F.);
#1358=ORIENTED_EDGE('',*,*,#965,.F.);
#1359=ORIENTED_EDGE('',*,*,#966,.T.);
#1360=ORIENTED_EDGE('',*,*,#965,.T.);
#1361=ORIENTED_EDGE('',*,*,#967,.F.);
#1362=ORIENTED_EDGE('',*,*,#968,.F.);
#1363=ORIENTED_EDGE('',*,*,#969,.T.);
#1364=ORIENTED_EDGE('',*,*,#968,.T.);
#1365=ORIENTED_EDGE('',*,*,#970,.F.);
#1366=ORIENTED_EDGE('',*,*,#971,.F.);
#1367=ORIENTED_EDGE('',*,*,#972,.T.);
#1368=ORIENTED_EDGE('',*,*,#971,.T.);
#1369=ORIENTED_EDGE('',*,*,#973,.F.);
#1370=ORIENTED_EDGE('',*,*,#974,.F.);
#1371=ORIENTED_EDGE('',*,*,#975,.T.);
#1372=ORIENTED_EDGE('',*,*,#974,.T.);
#1373=ORIENTED_EDGE('',*,*,#976,.F.);
#1374=ORIENTED_EDGE('',*,*,#977,.F.);
#1375=ORIENTED_EDGE('',*,*,#978,.T.);
#1376=ORIENTED_EDGE('',*,*,#977,.T.);
#1377=ORIENTED_EDGE('',*,*,#979,.F.);
#1378=ORIENTED_EDGE('',*,*,#980,.F.);
#1379=ORIENTED_EDGE('',*,*,#981,.T.);
#1380=ORIENTED_EDGE('',*,*,#980,.T.);
#1381=ORIENTED_EDGE('',*,*,#982,.F.);
#1382=ORIENTED_EDGE('',*,*,#983,.F.);
#1383=ORIENTED_EDGE('',*,*,#984,.T.);
#1384=ORIENTED_EDGE('',*,*,#983,.T.);
#1385=ORIENTED_EDGE('',*,*,#985,.F.);
#1386=ORIENTED_EDGE('',*,*,#986,.F.);
#1387=ORIENTED_EDGE('',*,*,#987,.T.);
#1388=ORIENTED_EDGE('',*,*,#986,.T.);
#1389=ORIENTED_EDGE('',*,*,#988,.F.);
#1390=ORIENTED_EDGE('',*,*,#954,.F.);
#1391=ORIENTED_EDGE('',*,*,#988,.T.);
#1392=ORIENTED_EDGE('',*,*,#985,.T.);
#1393=ORIENTED_EDGE('',*,*,#982,.T.);
#1394=ORIENTED_EDGE('',*,*,#979,.T.);
#1395=ORIENTED_EDGE('',*,*,#976,.T.);
#1396=ORIENTED_EDGE('',*,*,#973,.T.);
#1397=ORIENTED_EDGE('',*,*,#970,.T.);
#1398=ORIENTED_EDGE('',*,*,#967,.T.);
#1399=ORIENTED_EDGE('',*,*,#964,.T.);
#1400=ORIENTED_EDGE('',*,*,#961,.T.);
#1401=ORIENTED_EDGE('',*,*,#958,.T.);
#1402=ORIENTED_EDGE('',*,*,#955,.T.);
#1403=ORIENTED_EDGE('',*,*,#987,.F.);
#1404=ORIENTED_EDGE('',*,*,#953,.F.);
#1405=ORIENTED_EDGE('',*,*,#957,.F.);
#1406=ORIENTED_EDGE('',*,*,#960,.F.);
#1407=ORIENTED_EDGE('',*,*,#963,.F.);
#1408=ORIENTED_EDGE('',*,*,#966,.F.);
#1409=ORIENTED_EDGE('',*,*,#969,.F.);
#1410=ORIENTED_EDGE('',*,*,#972,.F.);
#1411=ORIENTED_EDGE('',*,*,#975,.F.);
#1412=ORIENTED_EDGE('',*,*,#978,.F.);
#1413=ORIENTED_EDGE('',*,*,#981,.F.);
#1414=ORIENTED_EDGE('',*,*,#984,.F.);
#1415=PLANE('',#1586);
#1416=PLANE('',#1587);
#1417=PLANE('',#1588);
#1418=PLANE('',#1589);
#1419=PLANE('',#1593);
#1420=PLANE('',#1594);
#1421=PLANE('',#1604);
#1422=PLANE('',#1609);
#1423=PLANE('',#1610);
#1424=PLANE('',#1611);
#1425=PLANE('',#1612);
#1426=PLANE('',#1613);
#1427=PLANE('',#1614);
#1428=PLANE('',#1615);
#1429=PLANE('',#1616);
#1430=PLANE('',#1625);
#1431=PLANE('',#1626);
#1432=PLANE('',#1627);
#1433=PLANE('',#1628);
#1434=PLANE('',#1629);
#1435=PLANE('',#1630);
#1436=PLANE('',#1631);
#1437=PLANE('',#1632);
#1438=PLANE('',#1633);
#1439=PLANE('',#1634);
#1440=PLANE('',#1635);
#1441=PLANE('',#1636);
#1442=PLANE('',#1637);
#1443=PLANE('',#1638);
#1444=PLANE('',#1639);
#1445=PLANE('',#1640);
#1446=PLANE('',#1641);
#1447=PLANE('',#1642);
#1448=PLANE('',#1643);
#1449=PLANE('',#1644);
#1450=PLANE('',#1645);
#1451=PLANE('',#1646);
#1452=PLANE('',#1647);
#1453=PLANE('',#1648);
#1454=PLANE('',#1649);
#1455=PLANE('',#1650);
#1456=PLANE('',#1651);
#1457=PLANE('',#1652);
#1458=PLANE('',#1653);
#1459=PLANE('',#1654);
#1460=PLANE('',#1655);
#1461=PLANE('',#1656);
#1462=PLANE('',#1657);
#1463=PLANE('',#1658);
#1464=PLANE('',#1659);
#1465=PLANE('',#1660);
#1466=PLANE('',#1661);
#1467=PLANE('',#1662);
#1468=PLANE('',#1663);
#1469=PLANE('',#1664);
#1470=PLANE('',#1665);
#1471=PLANE('',#1666);
#1472=PLANE('',#1667);
#1473=PLANE('',#1668);
#1474=PLANE('',#1669);
#1475=PLANE('',#1670);
#1476=PLANE('',#1671);
#1477=PLANE('',#1672);
#1478=PLANE('',#1673);
#1479=PLANE('',#1674);
#1480=PLANE('',#1675);
#1481=PLANE('',#1676);
#1482=PLANE('',#1677);
#1483=PLANE('',#1678);
#1484=PLANE('',#1679);
#1485=PLANE('',#1680);
#1486=PLANE('',#1681);
#1487=ADVANCED_FACE('',(#66),#1415,.T.);
#1488=ADVANCED_FACE('',(#67),#1416,.F.);
#1489=ADVANCED_FACE('',(#68),#1417,.T.);
#1490=ADVANCED_FACE('',(#69),#1418,.F.);
#1491=ADVANCED_FACE('',(#70),#58,.T.);
#1492=ADVANCED_FACE('',(#71),#1419,.T.);
#1493=ADVANCED_FACE('',(#72,#26,#27,#28,#29,#30,#31,#32),#1420,.F.);
#1494=ADVANCED_FACE('',(#73),#59,.T.);
#1495=ADVANCED_FACE('',(#74),#1421,.T.);
#1496=ADVANCED_FACE('',(#75),#60,.T.);
#1497=ADVANCED_FACE('',(#76),#61,.T.);
#1498=ADVANCED_FACE('',(#77),#1422,.F.);
#1499=ADVANCED_FACE('',(#78),#1423,.F.);
#1500=ADVANCED_FACE('',(#79),#1424,.F.);
#1501=ADVANCED_FACE('',(#80),#1425,.F.);
#1502=ADVANCED_FACE('',(#81),#1426,.F.);
#1503=ADVANCED_FACE('',(#82),#1427,.F.);
#1504=ADVANCED_FACE('',(#83),#1428,.F.);
#1505=ADVANCED_FACE('',(#84),#1429,.F.);
#1506=ADVANCED_FACE('',(#85),#62,.F.);
#1507=ADVANCED_FACE('',(#86),#63,.F.);
#1508=ADVANCED_FACE('',(#87),#64,.F.);
#1509=ADVANCED_FACE('',(#88),#65,.F.);
#1510=ADVANCED_FACE('',(#89),#1430,.T.);
#1511=ADVANCED_FACE('',(#90),#1431,.T.);
#1512=ADVANCED_FACE('',(#91,#33,#34,#35,#36,#37,#38,#39),#1432,.T.);
#1513=ADVANCED_FACE('',(#92),#1433,.T.);
#1514=ADVANCED_FACE('',(#93),#1434,.T.);
#1515=ADVANCED_FACE('',(#94),#1435,.T.);
#1516=ADVANCED_FACE('',(#95),#1436,.T.);
#1517=ADVANCED_FACE('',(#96),#1437,.T.);
#1518=ADVANCED_FACE('',(#97),#1438,.T.);
#1519=ADVANCED_FACE('',(#98),#1439,.T.);
#1520=ADVANCED_FACE('',(#99),#1440,.T.);
#1521=ADVANCED_FACE('',(#100),#1441,.T.);
#1522=ADVANCED_FACE('',(#101),#1442,.T.);
#1523=ADVANCED_FACE('',(#102),#1443,.T.);
#1524=ADVANCED_FACE('',(#103),#1444,.T.);
#1525=ADVANCED_FACE('',(#104),#1445,.T.);
#1526=ADVANCED_FACE('',(#105),#1446,.T.);
#1527=ADVANCED_FACE('',(#106),#1447,.T.);
#1528=ADVANCED_FACE('',(#107),#1448,.F.);
#1529=ADVANCED_FACE('',(#108),#1449,.T.);
#1530=ADVANCED_FACE('',(#109),#1450,.T.);
#1531=ADVANCED_FACE('',(#110),#1451,.T.);
#1532=ADVANCED_FACE('',(#111),#1452,.T.);
#1533=ADVANCED_FACE('',(#112),#1453,.T.);
#1534=ADVANCED_FACE('',(#113),#1454,.T.);
#1535=ADVANCED_FACE('',(#114),#1455,.T.);
#1536=ADVANCED_FACE('',(#115),#1456,.T.);
#1537=ADVANCED_FACE('',(#116),#1457,.T.);
#1538=ADVANCED_FACE('',(#117),#1458,.T.);
#1539=ADVANCED_FACE('',(#118),#1459,.T.);
#1540=ADVANCED_FACE('',(#119),#1460,.T.);
#1541=ADVANCED_FACE('',(#120),#1461,.T.);
#1542=ADVANCED_FACE('',(#121),#1462,.F.);
#1543=ADVANCED_FACE('',(#122),#15,.F.);
#1544=ADVANCED_FACE('',(#123),#1463,.T.);
#1545=ADVANCED_FACE('',(#124),#1464,.T.);
#1546=ADVANCED_FACE('',(#125),#1465,.T.);
#1547=ADVANCED_FACE('',(#126),#1466,.T.);
#1548=ADVANCED_FACE('',(#127),#1467,.T.);
#1549=ADVANCED_FACE('',(#128),#1468,.T.);
#1550=ADVANCED_FACE('',(#129),#1469,.T.);
#1551=ADVANCED_FACE('',(#130),#1470,.T.);
#1552=ADVANCED_FACE('',(#131,#40),#1471,.T.);
#1553=ADVANCED_FACE('',(#132,#41),#1472,.F.);
#1554=ADVANCED_FACE('',(#133),#1473,.T.);
#1555=ADVANCED_FACE('',(#134),#1474,.T.);
#1556=ADVANCED_FACE('',(#135),#1475,.T.);
#1557=ADVANCED_FACE('',(#136),#1476,.T.);
#1558=ADVANCED_FACE('',(#137),#1477,.T.);
#1559=ADVANCED_FACE('',(#138),#1478,.T.);
#1560=ADVANCED_FACE('',(#139),#1479,.T.);
#1561=ADVANCED_FACE('',(#140),#1480,.T.);
#1562=ADVANCED_FACE('',(#141),#1481,.T.);
#1563=ADVANCED_FACE('',(#142),#1482,.T.);
#1564=ADVANCED_FACE('',(#143),#1483,.T.);
#1565=ADVANCED_FACE('',(#144),#1484,.T.);
#1566=ADVANCED_FACE('',(#145),#1485,.T.);
#1567=ADVANCED_FACE('',(#146),#1486,.F.);
#1568=CLOSED_SHELL('',(#1487,#1488,#1489,#1490,#1491,#1492,#1493,#1494,
#1495,#1496,#1497,#1498,#1499,#1500,#1501,#1502,#1503,#1504,#1505,#1506,
#1507,#1508,#1509,#1510,#1511,#1512));
#1569=CLOSED_SHELL('',(#1513,#1514,#1515,#1516,#1517,#1518,#1519,#1520,
#1521,#1522,#1523,#1524,#1525,#1526,#1527,#1528));
#1570=CLOSED_SHELL('',(#1529,#1530,#1531,#1532,#1533,#1534,#1535,#1536,
#1537,#1538,#1539,#1540,#1541,#1542));
#1571=CLOSED_SHELL('',(#1543,#1544,#1545,#1546,#1547,#1548,#1549,#1550,
#1551,#1552,#1553));
#1572=CLOSED_SHELL('',(#1554,#1555,#1556,#1557,#1558,#1559,#1560,#1561,
#1562,#1563,#1564,#1565,#1566,#1567));
#1573=DERIVED_UNIT_ELEMENT(#1575,1.);
#1574=DERIVED_UNIT_ELEMENT(#2751,-3.);
#1575=(
MASS_UNIT()
NAMED_UNIT(*)
SI_UNIT(.KILO.,.GRAM.)
);
#1576=DERIVED_UNIT((#1573,#1574));
#1577=MEASURE_REPRESENTATION_ITEM('density measure',
POSITIVE_RATIO_MEASURE(7850.),#1576);
#1578=PROPERTY_DEFINITION_REPRESENTATION(#1583,#1580);
#1579=PROPERTY_DEFINITION_REPRESENTATION(#1584,#1581);
#1580=REPRESENTATION('material name',(#1582),#2748);
#1581=REPRESENTATION('density',(#1577),#2748);
#1582=DESCRIPTIVE_REPRESENTATION_ITEM('Steel','Steel');
#1583=PROPERTY_DEFINITION('material property','material name',#2758);
#1584=PROPERTY_DEFINITION('material property','density of part',#2758);
#1585=AXIS2_PLACEMENT_3D('',#2071,#1682,#1683);
#1586=AXIS2_PLACEMENT_3D('',#2072,#1684,#1685);
#1587=AXIS2_PLACEMENT_3D('',#2081,#1690,#1691);
#1588=AXIS2_PLACEMENT_3D('',#2087,#1695,#1696);
#1589=AXIS2_PLACEMENT_3D('',#2093,#1700,#1701);
#1590=AXIS2_PLACEMENT_3D('',#2096,#1704,#1705);
#1591=AXIS2_PLACEMENT_3D('',#2099,#1706,#1707);
#1592=AXIS2_PLACEMENT_3D('',#2103,#1709,#1710);
#1593=AXIS2_PLACEMENT_3D('',#2105,#1712,#1713);
#1594=AXIS2_PLACEMENT_3D('',#2111,#1717,#1718);
#1595=AXIS2_PLACEMENT_3D('',#2115,#1720,#1721);
#1596=AXIS2_PLACEMENT_3D('',#2119,#1723,#1724);
#1597=AXIS2_PLACEMENT_3D('',#2122,#1726,#1727);
#1598=AXIS2_PLACEMENT_3D('',#2124,#1728,#1729);
#1599=AXIS2_PLACEMENT_3D('',#2126,#1730,#1731);
#1600=AXIS2_PLACEMENT_3D('',#2128,#1732,#1733);
#1601=AXIS2_PLACEMENT_3D('',#2130,#1734,#1735);
#1602=AXIS2_PLACEMENT_3D('',#2147,#1744,#1745);
#1603=AXIS2_PLACEMENT_3D('',#2150,#1746,#1747);
#1604=AXIS2_PLACEMENT_3D('',#2153,#1750,#1751);
#1605=AXIS2_PLACEMENT_3D('',#2157,#1754,#1755);
#1606=AXIS2_PLACEMENT_3D('',#2159,#1756,#1757);
#1607=AXIS2_PLACEMENT_3D('',#2161,#1759,#1760);
#1608=AXIS2_PLACEMENT_3D('',#2163,#1761,#1762);
#1609=AXIS2_PLACEMENT_3D('',#2165,#1764,#1765);
#1610=AXIS2_PLACEMENT_3D('',#2171,#1769,#1770);
#1611=AXIS2_PLACEMENT_3D('',#2175,#1773,#1774);
#1612=AXIS2_PLACEMENT_3D('',#2179,#1777,#1778);
#1613=AXIS2_PLACEMENT_3D('',#2181,#1780,#1781);
#1614=AXIS2_PLACEMENT_3D('',#2187,#1785,#1786);
#1615=AXIS2_PLACEMENT_3D('',#2191,#1789,#1790);
#1616=AXIS2_PLACEMENT_3D('',#2195,#1793,#1794);
#1617=AXIS2_PLACEMENT_3D('',#2197,#1796,#1797);
#1618=AXIS2_PLACEMENT_3D('',#2199,#1798,#1799);
#1619=AXIS2_PLACEMENT_3D('',#2201,#1801,#1802);
#1620=AXIS2_PLACEMENT_3D('',#2203,#1803,#1804);
#1621=AXIS2_PLACEMENT_3D('',#2205,#1806,#1807);
#1622=AXIS2_PLACEMENT_3D('',#2207,#1808,#1809);
#1623=AXIS2_PLACEMENT_3D('',#2209,#1811,#1812);
#1624=AXIS2_PLACEMENT_3D('',#2211,#1813,#1814);
#1625=AXIS2_PLACEMENT_3D('',#2213,#1816,#1817);
#1626=AXIS2_PLACEMENT_3D('',#2215,#1819,#1820);
#1627=AXIS2_PLACEMENT_3D('',#2217,#1822,#1823);
#1628=AXIS2_PLACEMENT_3D('',#2218,#1824,#1825);
#1629=AXIS2_PLACEMENT_3D('',#2227,#1830,#1831);
#1630=AXIS2_PLACEMENT_3D('',#2233,#1835,#1836);
#1631=AXIS2_PLACEMENT_3D('',#2239,#1840,#1841);
#1632=AXIS2_PLACEMENT_3D('',#2245,#1845,#1846);
#1633=AXIS2_PLACEMENT_3D('',#2251,#1850,#1851);
#1634=AXIS2_PLACEMENT_3D('',#2257,#1855,#1856);
#1635=AXIS2_PLACEMENT_3D('',#2263,#1860,#1861);
#1636=AXIS2_PLACEMENT_3D('',#2269,#1865,#1866);
#1637=AXIS2_PLACEMENT_3D('',#2275,#1870,#1871);
#1638=AXIS2_PLACEMENT_3D('',#2281,#1875,#1876);
#1639=AXIS2_PLACEMENT_3D('',#2287,#1880,#1881);
#1640=AXIS2_PLACEMENT_3D('',#2293,#1885,#1886);
#1641=AXIS2_PLACEMENT_3D('',#2299,#1890,#1891);
#1642=AXIS2_PLACEMENT_3D('',#2302,#1894,#1895);
#1643=AXIS2_PLACEMENT_3D('',#2303,#1896,#1897);
#1644=AXIS2_PLACEMENT_3D('',#2304,#1898,#1899);
#1645=AXIS2_PLACEMENT_3D('',#2313,#1904,#1905);
#1646=AXIS2_PLACEMENT_3D('',#2319,#1909,#1910);
#1647=AXIS2_PLACEMENT_3D('',#2325,#1914,#1915);
#1648=AXIS2_PLACEMENT_3D('',#2331,#1919,#1920);
#1649=AXIS2_PLACEMENT_3D('',#2337,#1924,#1925);
#1650=AXIS2_PLACEMENT_3D('',#2343,#1929,#1930);
#1651=AXIS2_PLACEMENT_3D('',#2349,#1934,#1935);
#1652=AXIS2_PLACEMENT_3D('',#2355,#1939,#1940);
#1653=AXIS2_PLACEMENT_3D('',#2361,#1944,#1945);
#1654=AXIS2_PLACEMENT_3D('',#2367,#1949,#1950);
#1655=AXIS2_PLACEMENT_3D('',#2373,#1954,#1955);
#1656=AXIS2_PLACEMENT_3D('',#2376,#1958,#1959);
#1657=AXIS2_PLACEMENT_3D('',#2377,#1960,#1961);
#1658=AXIS2_PLACEMENT_3D('',#2622,#1963,#1964);
#1659=AXIS2_PLACEMENT_3D('',#2631,#1969,#1970);
#1660=AXIS2_PLACEMENT_3D('',#2637,#1974,#1975);
#1661=AXIS2_PLACEMENT_3D('',#2643,#1979,#1980);
#1662=AXIS2_PLACEMENT_3D('',#2649,#1984,#1985);
#1663=AXIS2_PLACEMENT_3D('',#2655,#1989,#1990);
#1664=AXIS2_PLACEMENT_3D('',#2661,#1994,#1995);
#1665=AXIS2_PLACEMENT_3D('',#2667,#1999,#2000);
#1666=AXIS2_PLACEMENT_3D('',#2670,#2003,#2004);
#1667=AXIS2_PLACEMENT_3D('',#2671,#2005,#2006);
#1668=AXIS2_PLACEMENT_3D('',#2672,#2007,#2008);
#1669=AXIS2_PLACEMENT_3D('',#2681,#2013,#2014);
#1670=AXIS2_PLACEMENT_3D('',#2687,#2018,#2019);
#1671=AXIS2_PLACEMENT_3D('',#2693,#2023,#2024);
#1672=AXIS2_PLACEMENT_3D('',#2699,#2028,#2029);
#1673=AXIS2_PLACEMENT_3D('',#2705,#2033,#2034);
#1674=AXIS2_PLACEMENT_3D('',#2711,#2038,#2039);
#1675=AXIS2_PLACEMENT_3D('',#2717,#2043,#2044);
#1676=AXIS2_PLACEMENT_3D('',#2723,#2048,#2049);
#1677=AXIS2_PLACEMENT_3D('',#2729,#2053,#2054);
#1678=AXIS2_PLACEMENT_3D('',#2735,#2058,#2059);
#1679=AXIS2_PLACEMENT_3D('',#2741,#2063,#2064);
#1680=AXIS2_PLACEMENT_3D('',#2744,#2067,#2068);
#1681=AXIS2_PLACEMENT_3D('',#2745,#2069,#2070);
#1682=DIRECTION('axis',(0.,0.,1.));
#1683=DIRECTION('refdir',(1.,0.,0.));
#1684=DIRECTION('center_axis',(-1.,0.,0.));
#1685=DIRECTION('ref_axis',(0.,0.,1.));
#1686=DIRECTION('',(0.,0.,1.));
#1687=DIRECTION('',(0.,-1.,0.));
#1688=DIRECTION('',(0.,0.,1.));
#1689=DIRECTION('',(0.,1.,0.));
#1690=DIRECTION('center_axis',(0.,0.,1.));
#1691=DIRECTION('ref_axis',(1.,0.,0.));
#1692=DIRECTION('',(1.,0.,0.));
#1693=DIRECTION('',(0.,1.,0.));
#1694=DIRECTION('',(-1.,0.,0.));
#1695=DIRECTION('center_axis',(1.,0.,0.));
#1696=DIRECTION('ref_axis',(0.,0.,-1.));
#1697=DIRECTION('',(0.,0.,-1.));
#1698=DIRECTION('',(0.,-1.,0.));
#1699=DIRECTION('',(0.,0.,-1.));
#1700=DIRECTION('center_axis',(0.,0.,-1.));
#1701=DIRECTION('ref_axis',(-1.,0.,0.));
#1702=DIRECTION('',(1.,0.,0.));
#1703=DIRECTION('',(-1.,0.,0.));
#1704=DIRECTION('center_axis',(0.,1.,0.));
#1705=DIRECTION('ref_axis',(-0.707106781186547,0.,-0.707106781186547));
#1706=DIRECTION('center_axis',(0.,-1.,0.));
#1707=DIRECTION('ref_axis',(-0.707106781186547,0.,-0.707106781186547));
#1708=DIRECTION('',(0.,-1.,0.));
#1709=DIRECTION('center_axis',(0.,1.,0.));
#1710=DIRECTION('ref_axis',(-0.707106781186547,0.,-0.707106781186547));
#1711=DIRECTION('',(0.,1.,0.));
#1712=DIRECTION('center_axis',(-1.,0.,0.));
#1713=DIRECTION('ref_axis',(0.,0.,1.));
#1714=DIRECTION('',(0.,0.,-1.));
#1715=DIRECTION('',(0.,-1.,0.));
#1716=DIRECTION('',(0.,0.,1.));
#1717=DIRECTION('center_axis',(0.,1.,0.));
#1718=DIRECTION('ref_axis',(1.,0.,0.));
#1719=DIRECTION('',(1.,0.,0.));
#1720=DIRECTION('center_axis',(0.,1.,0.));
#1721=DIRECTION('ref_axis',(0.707106781186547,0.,-0.707106781186547));
#1722=DIRECTION('',(0.,0.,1.));
#1723=DIRECTION('center_axis',(0.,1.,0.));
#1724=DIRECTION('ref_axis',(0.707106781186547,0.,0.707106781186547));
#1725=DIRECTION('',(-1.,0.,3.38353683695286E-17));
#1726=DIRECTION('center_axis',(0.,1.,0.));
#1727=DIRECTION('ref_axis',(-0.707106781186547,0.,0.707106781186547));
#1728=DIRECTION('center_axis',(0.,-1.,0.));
#1729=DIRECTION('ref_axis',(1.,0.,0.));
#1730=DIRECTION('center_axis',(0.,-1.,0.));
#1731=DIRECTION('ref_axis',(1.,0.,0.));
#1732=DIRECTION('center_axis',(0.,-1.,0.));
#1733=DIRECTION('ref_axis',(1.,0.,0.));
#1734=DIRECTION('center_axis',(0.,-1.,0.));
#1735=DIRECTION('ref_axis',(1.,0.,0.));
#1736=DIRECTION('',(0.,0.,1.));
#1737=DIRECTION('',(1.,0.,0.));
#1738=DIRECTION('',(0.,0.,-1.));
#1739=DIRECTION('',(-1.,0.,0.));
#1740=DIRECTION('',(0.,0.,1.));
#1741=DIRECTION('',(1.,0.,0.));
#1742=DIRECTION('',(0.,0.,-1.));
#1743=DIRECTION('',(-1.,0.,0.));
#1744=DIRECTION('center_axis',(0.,1.,0.));
#1745=DIRECTION('ref_axis',(0.707106781186547,0.,-0.707106781186547));
#1746=DIRECTION('center_axis',(0.,-1.,0.));
#1747=DIRECTION('ref_axis',(0.707106781186547,0.,-0.707106781186547));
#1748=DIRECTION('',(0.,-1.,0.));
#1749=DIRECTION('',(0.,1.,0.));
#1750=DIRECTION('center_axis',(1.,0.,0.));
#1751=DIRECTION('ref_axis',(0.,0.,-1.));
#1752=DIRECTION('',(0.,0.,-1.));
#1753=DIRECTION('',(0.,1.,0.));
#1754=DIRECTION('center_axis',(0.,1.,0.));
#1755=DIRECTION('ref_axis',(0.707106781186547,0.,0.707106781186547));
#1756=DIRECTION('center_axis',(0.,-1.,0.));
#1757=DIRECTION('ref_axis',(0.707106781186547,0.,0.707106781186547));
#1758=DIRECTION('',(0.,-1.,0.));
#1759=DIRECTION('center_axis',(0.,1.,0.));
#1760=DIRECTION('ref_axis',(-0.707106781186547,0.,0.707106781186547));
#1761=DIRECTION('center_axis',(0.,-1.,0.));
#1762=DIRECTION('ref_axis',(-0.707106781186547,0.,0.707106781186547));
#1763=DIRECTION('',(0.,1.,0.));
#1764=DIRECTION('center_axis',(1.,0.,0.));
#1765=DIRECTION('ref_axis',(0.,0.,-1.));
#1766=DIRECTION('',(0.,0.,1.));
#1767=DIRECTION('',(0.,1.,0.));
#1768=DIRECTION('',(0.,1.,0.));
#1769=DIRECTION('center_axis',(0.,0.,1.));
#1770=DIRECTION('ref_axis',(1.,0.,0.));
#1771=DIRECTION('',(-1.,0.,0.));
#1772=DIRECTION('',(0.,1.,0.));
#1773=DIRECTION('center_axis',(-1.,0.,0.));
#1774=DIRECTION('ref_axis',(0.,0.,1.));
#1775=DIRECTION('',(0.,0.,-1.));
#1776=DIRECTION('',(0.,1.,0.));
#1777=DIRECTION('center_axis',(0.,0.,-1.));
#1778=DIRECTION('ref_axis',(-1.,0.,0.));
#1779=DIRECTION('',(1.,0.,0.));
#1780=DIRECTION('center_axis',(1.,0.,0.));
#1781=DIRECTION('ref_axis',(0.,0.,-1.));
#1782=DIRECTION('',(0.,0.,1.));
#1783=DIRECTION('',(0.,1.,0.));
#1784=DIRECTION('',(0.,1.,0.));
#1785=DIRECTION('center_axis',(0.,0.,1.));
#1786=DIRECTION('ref_axis',(1.,0.,0.));
#1787=DIRECTION('',(-1.,0.,0.));
#1788=DIRECTION('',(0.,1.,0.));
#1789=DIRECTION('center_axis',(-1.,0.,0.));
#1790=DIRECTION('ref_axis',(0.,0.,1.));
#1791=DIRECTION('',(0.,0.,-1.));
#1792=DIRECTION('',(0.,1.,0.));
#1793=DIRECTION('center_axis',(0.,0.,-1.));
#1794=DIRECTION('ref_axis',(-1.,0.,0.));
#1795=DIRECTION('',(1.,0.,0.));
#1796=DIRECTION('center_axis',(0.,1.,0.));
#1797=DIRECTION('ref_axis',(1.,0.,0.));
#1798=DIRECTION('center_axis',(0.,-1.,0.));
#1799=DIRECTION('ref_axis',(1.,0.,0.));
#1800=DIRECTION('',(0.,-1.,0.));
#1801=DIRECTION('center_axis',(0.,1.,0.));
#1802=DIRECTION('ref_axis',(1.,0.,0.));
#1803=DIRECTION('center_axis',(0.,-1.,0.));
#1804=DIRECTION('ref_axis',(1.,0.,0.));
#1805=DIRECTION('',(0.,-1.,0.));
#1806=DIRECTION('center_axis',(0.,1.,0.));
#1807=DIRECTION('ref_axis',(1.,0.,0.));
#1808=DIRECTION('center_axis',(0.,-1.,0.));
#1809=DIRECTION('ref_axis',(1.,0.,0.));
#1810=DIRECTION('',(0.,-1.,0.));
#1811=DIRECTION('center_axis',(0.,1.,0.));
#1812=DIRECTION('ref_axis',(1.,0.,0.));
#1813=DIRECTION('center_axis',(0.,-1.,0.));
#1814=DIRECTION('ref_axis',(1.,0.,0.));
#1815=DIRECTION('',(0.,-1.,0.));
#1816=DIRECTION('center_axis',(3.38353683695286E-17,0.,1.));
#1817=DIRECTION('ref_axis',(1.,0.,-3.38353683695286E-17));
#1818=DIRECTION('',(1.,0.,-3.38353683695286E-17));
#1819=DIRECTION('center_axis',(0.,0.,-1.));
#1820=DIRECTION('ref_axis',(-1.,0.,0.));
#1821=DIRECTION('',(-1.,0.,0.));
#1822=DIRECTION('center_axis',(0.,1.,0.));
#1823=DIRECTION('ref_axis',(1.,0.,0.));
#1824=DIRECTION('center_axis',(1.,0.,3.52429054924276E-15));
#1825=DIRECTION('ref_axis',(3.52429054924276E-15,0.,-1.));
#1826=DIRECTION('',(3.52429054924276E-15,0.,-1.));
#1827=DIRECTION('',(0.,1.,0.));
#1828=DIRECTION('',(3.52429054924276E-15,0.,-1.));
#1829=DIRECTION('',(0.,1.,0.));
#1830=DIRECTION('center_axis',(-0.977310422768779,0.,-0.211812033528577));
#1831=DIRECTION('ref_axis',(-0.211812033528577,0.,0.977310422768779));
#1832=DIRECTION('',(-0.211812033528577,0.,0.977310422768779));
#1833=DIRECTION('',(-0.211812033528577,0.,0.977310422768779));
#1834=DIRECTION('',(0.,1.,0.));
#1835=DIRECTION('center_axis',(0.,0.,-1.));
#1836=DIRECTION('ref_axis',(-1.,0.,0.));
#1837=DIRECTION('',(-1.,0.,0.));
#1838=DIRECTION('',(-1.,0.,0.));
#1839=DIRECTION('',(0.,1.,0.));
#1840=DIRECTION('center_axis',(0.928711402990621,0.,0.370803357529556));
#1841=DIRECTION('ref_axis',(0.370803357529556,0.,-0.928711402990621));
#1842=DIRECTION('',(0.370803357529556,0.,-0.928711402990621));
#1843=DIRECTION('',(0.370803357529556,0.,-0.928711402990621));
#1844=DIRECTION('',(0.,1.,0.));
#1845=DIRECTION('center_axis',(0.,0.,1.));
#1846=DIRECTION('ref_axis',(1.,0.,0.));
#1847=DIRECTION('',(1.,0.,0.));
#1848=DIRECTION('',(1.,0.,0.));
#1849=DIRECTION('',(0.,1.,0.));
#1850=DIRECTION('center_axis',(0.827475534005989,0.,-0.561501772589814));
#1851=DIRECTION('ref_axis',(-0.561501772589814,0.,-0.827475534005989));
#1852=DIRECTION('',(-0.561501772589814,0.,-0.827475534005989));
#1853=DIRECTION('',(-0.561501772589814,0.,-0.827475534005989));
#1854=DIRECTION('',(0.,1.,0.));
#1855=DIRECTION('center_axis',(0.,0.,1.));
#1856=DIRECTION('ref_axis',(1.,0.,0.));
#1857=DIRECTION('',(1.,0.,0.));
#1858=DIRECTION('',(1.,0.,0.));
#1859=DIRECTION('',(0.,1.,0.));
#1860=DIRECTION('center_axis',(-0.818315430803884,0.,0.574769393503388));
#1861=DIRECTION('ref_axis',(0.574769393503388,0.,0.818315430803884));
#1862=DIRECTION('',(0.574769393503388,0.,0.818315430803884));
#1863=DIRECTION('',(0.574769393503388,0.,0.818315430803884));
#1864=DIRECTION('',(0.,1.,0.));
#1865=DIRECTION('center_axis',(1.,0.,0.));
#1866=DIRECTION('ref_axis',(0.,0.,-1.));
#1867=DIRECTION('',(0.,0.,-1.));
#1868=DIRECTION('',(0.,0.,-1.));
#1869=DIRECTION('',(0.,1.,0.));
#1870=DIRECTION('center_axis',(0.,0.,1.));
#1871=DIRECTION('ref_axis',(1.,0.,0.));
#1872=DIRECTION('',(1.,0.,0.));
#1873=DIRECTION('',(1.,0.,0.));
#1874=DIRECTION('',(0.,1.,0.));
#1875=DIRECTION('center_axis',(-1.,0.,0.));
#1876=DIRECTION('ref_axis',(0.,0.,1.));
#1877=DIRECTION('',(0.,0.,1.));
#1878=DIRECTION('',(0.,0.,1.));
#1879=DIRECTION('',(0.,1.,0.));
#1880=DIRECTION('center_axis',(-1.2162662371792E-15,0.,-1.));
#1881=DIRECTION('ref_axis',(-1.,0.,1.2162662371792E-15));
#1882=DIRECTION('',(-1.,0.,1.2162662371792E-15));
#1883=DIRECTION('',(-1.,0.,1.2162662371792E-15));
#1884=DIRECTION('',(0.,1.,0.));
#1885=DIRECTION('center_axis',(-0.999035335084721,0.,0.0439135429242385));
#1886=DIRECTION('ref_axis',(0.0439135429242385,0.,0.999035335084721));
#1887=DIRECTION('',(0.0439135429242385,0.,0.999035335084721));
#1888=DIRECTION('',(0.0439135429242385,0.,0.999035335084721));
#1889=DIRECTION('',(0.,1.,0.));
#1890=DIRECTION('center_axis',(0.0499376169438922,0.,-0.998752338877845));
#1891=DIRECTION('ref_axis',(-0.998752338877845,0.,-0.0499376169438922));
#1892=DIRECTION('',(-0.998752338877845,0.,-0.0499376169438922));
#1893=DIRECTION('',(-0.998752338877845,0.,-0.0499376169438922));
#1894=DIRECTION('center_axis',(0.,1.,0.));
#1895=DIRECTION('ref_axis',(0.,0.,1.));
#1896=DIRECTION('center_axis',(0.,1.,0.));
#1897=DIRECTION('ref_axis',(-1.,0.,0.));
#1898=DIRECTION('center_axis',(-0.998617839055716,0.,0.0525586483815209));
#1899=DIRECTION('ref_axis',(0.0525586483815209,0.,0.998617839055716));
#1900=DIRECTION('',(0.0525586483815209,0.,0.998617839055716));
#1901=DIRECTION('',(0.,1.,0.));
#1902=DIRECTION('',(0.0525586483815209,0.,0.998617839055716));
#1903=DIRECTION('',(0.,1.,0.));
#1904=DIRECTION('center_axis',(0.160396069376392,0.,0.987052734623943));
#1905=DIRECTION('ref_axis',(0.987052734623943,0.,-0.160396069376392));
#1906=DIRECTION('',(0.987052734623943,0.,-0.160396069376392));
#1907=DIRECTION('',(0.987052734623943,0.,-0.160396069376392));
#1908=DIRECTION('',(0.,1.,0.));
#1909=DIRECTION('center_axis',(-1.,0.,0.));
#1910=DIRECTION('ref_axis',(0.,0.,1.));
#1911=DIRECTION('',(0.,0.,1.));
#1912=DIRECTION('',(0.,0.,1.));
#1913=DIRECTION('',(0.,1.,0.));
#1914=DIRECTION('center_axis',(0.,0.,-1.));
#1915=DIRECTION('ref_axis',(-1.,0.,0.));
#1916=DIRECTION('',(-1.,0.,0.));
#1917=DIRECTION('',(-1.,0.,0.));
#1918=DIRECTION('',(0.,1.,0.));
#1919=DIRECTION('center_axis',(0.998820569807789,0.,-0.0485537776989903));
#1920=DIRECTION('ref_axis',(-0.0485537776989903,0.,-0.998820569807789));
#1921=DIRECTION('',(-0.0485537776989903,0.,-0.998820569807789));
#1922=DIRECTION('',(-0.0485537776989903,0.,-0.998820569807789));
#1923=DIRECTION('',(0.,1.,0.));
#1924=DIRECTION('center_axis',(0.160071158553662,0.,0.987105477747585));
#1925=DIRECTION('ref_axis',(0.987105477747585,0.,-0.160071158553662));
#1926=DIRECTION('',(0.987105477747585,0.,-0.160071158553662));
#1927=DIRECTION('',(0.987105477747585,0.,-0.160071158553662));
#1928=DIRECTION('',(0.,1.,0.));
#1929=DIRECTION('center_axis',(1.,0.,0.));
#1930=DIRECTION('ref_axis',(0.,0.,-1.));
#1931=DIRECTION('',(0.,0.,-1.));
#1932=DIRECTION('',(0.,0.,-1.));
#1933=DIRECTION('',(0.,1.,0.));
#1934=DIRECTION('center_axis',(0.0447313009438158,0.,-0.998999054411902));
#1935=DIRECTION('ref_axis',(-0.998999054411902,0.,-0.0447313009438158));
#1936=DIRECTION('',(-0.998999054411902,0.,-0.0447313009438158));
#1937=DIRECTION('',(-0.998999054411902,0.,-0.0447313009438158));
#1938=DIRECTION('',(0.,1.,0.));
#1939=DIRECTION('center_axis',(0.997709699904081,0.,-0.0676413683873093));
#1940=DIRECTION('ref_axis',(-0.0676413683873093,0.,-0.997709699904081));
#1941=DIRECTION('',(-0.0676413683873094,0.,-0.997709699904082));
#1942=DIRECTION('',(-0.0676413683873093,0.,-0.997709699904081));
#1943=DIRECTION('',(0.,1.,0.));
#1944=DIRECTION('center_axis',(0.0173585085514613,0.,0.999849329739671));
#1945=DIRECTION('ref_axis',(0.999849329739671,0.,-0.0173585085514613));
#1946=DIRECTION('',(0.999849329739671,0.,-0.0173585085514613));
#1947=DIRECTION('',(0.999849329739671,0.,-0.0173585085514613));
#1948=DIRECTION('',(0.,1.,0.));
#1949=DIRECTION('center_axis',(-1.,0.,0.));
#1950=DIRECTION('ref_axis',(0.,0.,1.));
#1951=DIRECTION('',(0.,0.,1.));
#1952=DIRECTION('',(0.,0.,1.));
#1953=DIRECTION('',(0.,1.,0.));
#1954=DIRECTION('center_axis',(0.,0.,-1.));
#1955=DIRECTION('ref_axis',(-1.,0.,0.));
#1956=DIRECTION('',(-1.,0.,0.));
#1957=DIRECTION('',(-1.,0.,0.));
#1958=DIRECTION('center_axis',(0.,1.,0.));
#1959=DIRECTION('ref_axis',(0.,0.,1.));
#1960=DIRECTION('center_axis',(0.,1.,0.));
#1961=DIRECTION('ref_axis',(-1.,0.,0.));
#1962=DIRECTION('',(0.,1.,0.));
#1963=DIRECTION('center_axis',(0.690981063962354,0.,0.722872858285226));
#1964=DIRECTION('ref_axis',(0.722872858285226,0.,-0.690981063962354));
#1965=DIRECTION('',(-0.722872858285226,0.,0.690981063962354));
#1966=DIRECTION('',(0.,1.,0.));
#1967=DIRECTION('',(0.722872858285226,0.,-0.690981063962354));
#1968=DIRECTION('',(0.,1.,0.));
#1969=DIRECTION('center_axis',(0.,0.,1.));
#1970=DIRECTION('ref_axis',(1.,0.,0.));
#1971=DIRECTION('',(-1.,0.,0.));
#1972=DIRECTION('',(1.,0.,0.));
#1973=DIRECTION('',(0.,1.,0.));
#1974=DIRECTION('center_axis',(-0.880994350354346,0.,0.473126784956975));
#1975=DIRECTION('ref_axis',(0.473126784956975,0.,0.880994350354346));
#1976=DIRECTION('',(-0.473126784956975,0.,-0.880994350354346));
#1977=DIRECTION('',(0.473126784956975,0.,0.880994350354346));
#1978=DIRECTION('',(0.,1.,0.));
#1979=DIRECTION('center_axis',(-1.,0.,5.39258228429447E-15));
#1980=DIRECTION('ref_axis',(5.39258228429447E-15,0.,1.));
#1981=DIRECTION('',(-5.39258228429447E-15,0.,-1.));
#1982=DIRECTION('',(5.39258228429447E-15,0.,1.));
#1983=DIRECTION('',(0.,1.,0.));
#1984=DIRECTION('center_axis',(-0.787055915151307,0.,-0.616881663226699));
#1985=DIRECTION('ref_axis',(-0.616881663226699,0.,0.787055915151307));
#1986=DIRECTION('',(0.616881663226699,0.,-0.787055915151307));
#1987=DIRECTION('',(-0.616881663226699,0.,0.787055915151307));
#1988=DIRECTION('',(0.,1.,0.));
#1989=DIRECTION('center_axis',(0.,0.,-1.));
#1990=DIRECTION('ref_axis',(-1.,0.,0.));
#1991=DIRECTION('',(1.,0.,0.));
#1992=DIRECTION('',(-1.,0.,0.));
#1993=DIRECTION('',(0.,1.,0.));
#1994=DIRECTION('center_axis',(0.492689649876259,0.,-0.870205095885337));
#1995=DIRECTION('ref_axis',(-0.870205095885337,0.,-0.492689649876259));
#1996=DIRECTION('',(0.870205095885337,0.,0.492689649876259));
#1997=DIRECTION('',(-0.870205095885337,0.,-0.492689649876259));
#1998=DIRECTION('',(0.,1.,0.));
#1999=DIRECTION('center_axis',(1.,0.,-1.92924481794984E-15));
#2000=DIRECTION('ref_axis',(-1.92924481794984E-15,0.,-1.));
#2001=DIRECTION('',(1.92924481794984E-15,0.,1.));
#2002=DIRECTION('',(-1.92924481794984E-15,0.,-1.));
#2003=DIRECTION('center_axis',(0.,1.,0.));
#2004=DIRECTION('ref_axis',(0.,0.,1.));
#2005=DIRECTION('center_axis',(0.,1.,0.));
#2006=DIRECTION('ref_axis',(-1.,0.,0.));
#2007=DIRECTION('center_axis',(-0.166030511863061,0.,0.986120615913941));
#2008=DIRECTION('ref_axis',(0.986120615913941,0.,0.166030511863061));
#2009=DIRECTION('',(0.986120615913941,0.,0.166030511863061));
#2010=DIRECTION('',(0.,1.,0.));
#2011=DIRECTION('',(0.986120615913941,0.,0.166030511863061));
#2012=DIRECTION('',(0.,1.,0.));
#2013=DIRECTION('center_axis',(0.989949916608974,0.,0.141418395571036));
#2014=DIRECTION('ref_axis',(0.141418395571036,0.,-0.989949916608974));
#2015=DIRECTION('',(0.141418395571036,0.,-0.989949916608974));
#2016=DIRECTION('',(0.141418395571036,0.,-0.989949916608974));
#2017=DIRECTION('',(0.,1.,0.));
#2018=DIRECTION('center_axis',(-0.0723488440183189,0.,-0.997379388582506));
#2019=DIRECTION('ref_axis',(-0.997379388582506,0.,0.0723488440183189));
#2020=DIRECTION('',(-0.997379388582506,0.,0.0723488440183189));
#2021=DIRECTION('',(-0.997379388582506,0.,0.0723488440183189));
#2022=DIRECTION('',(0.,1.,0.));
#2023=DIRECTION('center_axis',(0.997944263608394,0.,-0.0640878048547432));
#2024=DIRECTION('ref_axis',(-0.0640878048547432,0.,-0.997944263608394));
#2025=DIRECTION('',(-0.0640878048547432,0.,-0.997944263608394));
#2026=DIRECTION('',(-0.0640878048547432,0.,-0.997944263608394));
#2027=DIRECTION('',(0.,1.,0.));
#2028=DIRECTION('center_axis',(0.,0.,1.));
#2029=DIRECTION('ref_axis',(1.,0.,0.));
#2030=DIRECTION('',(1.,0.,0.));
#2031=DIRECTION('',(1.,0.,0.));
#2032=DIRECTION('',(0.,1.,0.));
#2033=DIRECTION('center_axis',(1.,0.,0.));
#2034=DIRECTION('ref_axis',(0.,0.,-1.));
#2035=DIRECTION('',(0.,0.,-1.));
#2036=DIRECTION('',(0.,0.,-1.));
#2037=DIRECTION('',(0.,1.,0.));
#2038=DIRECTION('center_axis',(-0.226930886237896,0.,-0.973910864951862));
#2039=DIRECTION('ref_axis',(-0.973910864951862,0.,0.226930886237896));
#2040=DIRECTION('',(-0.973910864951862,0.,0.226930886237896));
#2041=DIRECTION('',(-0.973910864951862,0.,0.226930886237896));
#2042=DIRECTION('',(0.,1.,0.));
#2043=DIRECTION('center_axis',(1.,0.,0.));
#2044=DIRECTION('ref_axis',(0.,0.,-1.));
#2045=DIRECTION('',(0.,0.,-1.));
#2046=DIRECTION('',(0.,0.,-1.));
#2047=DIRECTION('',(0.,1.,0.));
#2048=DIRECTION('center_axis',(-0.00309596236918144,0.,0.99999520749702));
#2049=DIRECTION('ref_axis',(0.99999520749702,0.,0.00309596236918144));
#2050=DIRECTION('',(0.99999520749702,0.,0.00309596236918144));
#2051=DIRECTION('',(0.99999520749702,0.,0.00309596236918144));
#2052=DIRECTION('',(0.,1.,0.));
#2053=DIRECTION('center_axis',(-0.986454612333131,0.,0.164034440916209));
#2054=DIRECTION('ref_axis',(0.164034440916209,0.,0.98645461233313));
#2055=DIRECTION('',(0.164034440916209,0.,0.98645461233313));
#2056=DIRECTION('',(0.164034440916209,0.,0.98645461233313));
#2057=DIRECTION('',(0.,1.,0.));
#2058=DIRECTION('center_axis',(0.,0.,-1.));
#2059=DIRECTION('ref_axis',(-1.,0.,0.));
#2060=DIRECTION('',(-1.,0.,0.));
#2061=DIRECTION('',(-1.,0.,0.));
#2062=DIRECTION('',(0.,1.,0.));
#2063=DIRECTION('center_axis',(0.995395510024299,0.,-0.0958529009653068));
#2064=DIRECTION('ref_axis',(-0.0958529009653068,0.,-0.995395510024299));
#2065=DIRECTION('',(-0.0958529009653068,0.,-0.995395510024299));
#2066=DIRECTION('',(-0.0958529009653068,0.,-0.995395510024299));
#2067=DIRECTION('center_axis',(0.,1.,0.));
#2068=DIRECTION('ref_axis',(0.,0.,1.));
#2069=DIRECTION('center_axis',(0.,1.,0.));
#2070=DIRECTION('ref_axis',(-1.,0.,0.));
#2071=CARTESIAN_POINT('',(0.,0.,0.));
#2072=CARTESIAN_POINT('Origin',(-30.3353819457445,0.,-60.9687170469648));
#2073=CARTESIAN_POINT('',(-30.3353819457445,0.,-60.9687170469648));
#2074=CARTESIAN_POINT('',(-30.3353819457445,0.,-12.9687170469648));
#2075=CARTESIAN_POINT('',(-30.3353819457445,0.,-60.9687170469648));
#2076=CARTESIAN_POINT('',(-30.3353819457445,4.,-12.9687170469648));
#2077=CARTESIAN_POINT('',(-30.3353819457445,0.,-12.9687170469648));
#2078=CARTESIAN_POINT('',(-30.3353819457445,4.,-60.9687170469648));
#2079=CARTESIAN_POINT('',(-30.3353819457445,4.,-60.9687170469648));
#2080=CARTESIAN_POINT('',(-30.3353819457445,0.,-60.9687170469648));
#2081=CARTESIAN_POINT('Origin',(-106.585381945744,0.,-12.9687170469648));
#2082=CARTESIAN_POINT('',(-97.8353819457445,0.,-12.9687170469648));
#2083=CARTESIAN_POINT('',(-81.8628819457445,0.,-12.9687170469648));
#2084=CARTESIAN_POINT('',(-97.8353819457445,4.,-12.9687170469648));
#2085=CARTESIAN_POINT('',(-97.8353819457445,0.,-12.9687170469648));
#2086=CARTESIAN_POINT('',(-81.8628819457445,4.,-12.9687170469648));
#2087=CARTESIAN_POINT('Origin',(-97.8353819457445,0.,-12.9687170469648));
#2088=CARTESIAN_POINT('',(-97.8353819457445,0.,-60.9687170469648));
#2089=CARTESIAN_POINT('',(-97.8353819457445,0.,-12.9687170469648));
#2090=CARTESIAN_POINT('',(-97.8353819457445,4.,-60.9687170469648));
#2091=CARTESIAN_POINT('',(-97.8353819457445,0.,-60.9687170469648));
#2092=CARTESIAN_POINT('',(-97.8353819457445,4.,-12.9687170469648));
#2093=CARTESIAN_POINT('Origin',(-21.5853819457445,0.,-60.9687170469648));
#2094=CARTESIAN_POINT('',(-39.3628819457445,4.,-60.9687170469648));
#2095=CARTESIAN_POINT('',(-39.3628819457445,0.,-60.9687170469648));
#2096=CARTESIAN_POINT('Origin',(-102.765381945744,0.,-52.1887170469648));
#2097=CARTESIAN_POINT('',(-122.765381945744,4.,-52.1887170469648));
#2098=CARTESIAN_POINT('',(-102.765381945744,4.,-72.1887170469648));
#2099=CARTESIAN_POINT('Origin',(-102.765381945744,4.,-52.1887170469648));
#2100=CARTESIAN_POINT('',(-102.765381945744,0.,-72.1887170469648));
#2101=CARTESIAN_POINT('',(-102.765381945744,0.,-72.1887170469648));
#2102=CARTESIAN_POINT('',(-122.765381945744,0.,-52.1887170469648));
#2103=CARTESIAN_POINT('Origin',(-102.765381945744,0.,-52.1887170469648));
#2104=CARTESIAN_POINT('',(-122.765381945744,0.,-52.1887170469648));
#2105=CARTESIAN_POINT('Origin',(-122.765381945744,0.,-72.1887170469648));
#2106=CARTESIAN_POINT('',(-122.765381945744,0.,2.22128295303524));
#2107=CARTESIAN_POINT('',(-122.765381945744,0.,22.2212829530352));
#2108=CARTESIAN_POINT('',(-122.765381945744,4.,2.22128295303524));
#2109=CARTESIAN_POINT('',(-122.765381945744,0.,2.22128295303524));
#2110=CARTESIAN_POINT('',(-122.765381945744,4.,22.2212829530352));
#2111=CARTESIAN_POINT('Origin',(-57.1403819457445,0.,-24.9837170469648));
#2112=CARTESIAN_POINT('',(-11.5153819457445,0.,-72.1887170469648));
#2113=CARTESIAN_POINT('',(-122.765381945744,0.,-72.1887170469648));
#2114=CARTESIAN_POINT('',(8.48461805425552,0.,-52.1887170469648));
#2115=CARTESIAN_POINT('Origin',(-11.5153819457445,0.,-52.1887170469648));
#2116=CARTESIAN_POINT('',(8.48461805425552,0.,2.22128295303524));
#2117=CARTESIAN_POINT('',(8.48461805425552,0.,-72.1887170469648));
#2118=CARTESIAN_POINT('',(-11.5153819457445,0.,22.2212829530352));
#2119=CARTESIAN_POINT('Origin',(-11.5153819457445,0.,2.22128295303524));
#2120=CARTESIAN_POINT('',(-102.765381945744,0.,22.2212829530352));
#2121=CARTESIAN_POINT('',(8.48461805425552,0.,22.2212829530352));
#2122=CARTESIAN_POINT('Origin',(-102.765381945744,0.,2.22128295303524));
#2123=CARTESIAN_POINT('',(-58.4903819457445,0.,-67.1887170469648));
#2124=CARTESIAN_POINT('Origin',(-57.1403819457445,0.,-67.1887170469648));
#2125=CARTESIAN_POINT('',(2.13461805425552,0.,-24.9837170469648));
#2126=CARTESIAN_POINT('Origin',(3.48461805425552,0.,-24.9837170469648));
#2127=CARTESIAN_POINT('',(-58.4903819457445,0.,17.2212829530352));
#2128=CARTESIAN_POINT('Origin',(-57.1403819457445,0.,17.2212829530352));
#2129=CARTESIAN_POINT('',(-119.115381945744,0.,-24.9837170469648));
#2130=CARTESIAN_POINT('Origin',(-117.765381945744,0.,-24.9837170469648));
#2131=CARTESIAN_POINT('',(-18.6953819457445,0.,-44.6300008791685));
#2132=CARTESIAN_POINT('',(-18.6953819457445,0.,-32.9300008791685));
#2133=CARTESIAN_POINT('',(-18.6953819457445,0.,-34.8068589630666));
#2134=CARTESIAN_POINT('',(-6.49538194574449,0.,-32.9300008791685));
#2135=CARTESIAN_POINT('',(-37.9178819457445,0.,-32.9300008791685));
#2136=CARTESIAN_POINT('',(-6.49538194574449,0.,-44.6300008791685));
#2137=CARTESIAN_POINT('',(-6.49538194574449,0.,-28.9568589630666));
#2138=CARTESIAN_POINT('',(-31.8178819457445,0.,-44.6300008791685));
#2139=CARTESIAN_POINT('',(-18.6953819457445,0.,-59.0000008791685));
#2140=CARTESIAN_POINT('',(-18.6953819457445,0.,-47.3000008791685));
#2141=CARTESIAN_POINT('',(-18.6953819457445,0.,-41.9918589630666));
#2142=CARTESIAN_POINT('',(-6.49538194574449,0.,-47.3000008791685));
#2143=CARTESIAN_POINT('',(-37.9178819457445,0.,-47.3000008791685));
#2144=CARTESIAN_POINT('',(-6.49538194574449,0.,-59.0000008791685));
#2145=CARTESIAN_POINT('',(-6.49538194574449,0.,-36.1418589630666));
#2146=CARTESIAN_POINT('',(-31.8178819457445,0.,-59.0000008791685));
#2147=CARTESIAN_POINT('Origin',(-11.5153819457445,0.,-52.1887170469648));
#2148=CARTESIAN_POINT('',(-11.5153819457445,4.,-72.1887170469648));
#2149=CARTESIAN_POINT('',(8.48461805425552,4.,-52.1887170469648));
#2150=CARTESIAN_POINT('Origin',(-11.5153819457445,4.,-52.1887170469648));
#2151=CARTESIAN_POINT('',(8.48461805425552,0.,-52.1887170469648));
#2152=CARTESIAN_POINT('',(-11.5153819457445,0.,-72.1887170469648));
#2153=CARTESIAN_POINT('Origin',(8.48461805425552,0.,22.2212829530352));
#2154=CARTESIAN_POINT('',(8.48461805425552,4.,2.22128295303524));
#2155=CARTESIAN_POINT('',(8.48461805425552,4.,-72.1887170469648));
#2156=CARTESIAN_POINT('',(8.48461805425552,0.,2.22128295303524));
#2157=CARTESIAN_POINT('Origin',(-11.5153819457445,0.,2.22128295303524));
#2158=CARTESIAN_POINT('',(-11.5153819457445,4.,22.2212829530352));
#2159=CARTESIAN_POINT('Origin',(-11.5153819457445,4.,2.22128295303524));
#2160=CARTESIAN_POINT('',(-11.5153819457445,0.,22.2212829530352));
#2161=CARTESIAN_POINT('Origin',(-102.765381945744,0.,2.22128295303524));
#2162=CARTESIAN_POINT('',(-102.765381945744,4.,22.2212829530352));
#2163=CARTESIAN_POINT('Origin',(-102.765381945744,4.,2.22128295303524));
#2164=CARTESIAN_POINT('',(-102.765381945744,0.,22.2212829530352));
#2165=CARTESIAN_POINT('Origin',(-6.49538194574449,0.,-47.3000008791685));
#2166=CARTESIAN_POINT('',(-6.49538194574449,4.,-59.0000008791685));
#2167=CARTESIAN_POINT('',(-6.49538194574449,4.,-47.3000008791685));
#2168=CARTESIAN_POINT('',(-6.49538194574449,4.,-36.1418589630666));
#2169=CARTESIAN_POINT('',(-6.49538194574449,0.,-59.0000008791685));
#2170=CARTESIAN_POINT('',(-6.49538194574449,0.,-47.3000008791685));
#2171=CARTESIAN_POINT('Origin',(-18.6953819457445,0.,-47.3000008791685));
#2172=CARTESIAN_POINT('',(-18.6953819457445,4.,-47.3000008791685));
#2173=CARTESIAN_POINT('',(-37.9178819457445,4.,-47.3000008791685));
#2174=CARTESIAN_POINT('',(-18.6953819457445,0.,-47.3000008791685));
#2175=CARTESIAN_POINT('Origin',(-18.6953819457445,0.,-59.0000008791685));
#2176=CARTESIAN_POINT('',(-18.6953819457445,4.,-59.0000008791685));
#2177=CARTESIAN_POINT('',(-18.6953819457445,4.,-41.9918589630666));
#2178=CARTESIAN_POINT('',(-18.6953819457445,0.,-59.0000008791685));
#2179=CARTESIAN_POINT('Origin',(-6.49538194574449,0.,-59.0000008791685));
#2180=CARTESIAN_POINT('',(-31.8178819457445,4.,-59.0000008791685));
#2181=CARTESIAN_POINT('Origin',(-6.49538194574449,0.,-32.9300008791685));
#2182=CARTESIAN_POINT('',(-6.49538194574449,4.,-44.6300008791685));
#2183=CARTESIAN_POINT('',(-6.49538194574449,4.,-32.9300008791685));
#2184=CARTESIAN_POINT('',(-6.49538194574449,4.,-28.9568589630666));
#2185=CARTESIAN_POINT('',(-6.49538194574449,0.,-44.6300008791685));
#2186=CARTESIAN_POINT('',(-6.49538194574449,0.,-32.9300008791685));
#2187=CARTESIAN_POINT('Origin',(-18.6953819457445,0.,-32.9300008791685));
#2188=CARTESIAN_POINT('',(-18.6953819457445,4.,-32.9300008791685));
#2189=CARTESIAN_POINT('',(-37.9178819457445,4.,-32.9300008791685));
#2190=CARTESIAN_POINT('',(-18.6953819457445,0.,-32.9300008791685));
#2191=CARTESIAN_POINT('Origin',(-18.6953819457445,0.,-44.6300008791685));
#2192=CARTESIAN_POINT('',(-18.6953819457445,4.,-44.6300008791685));
#2193=CARTESIAN_POINT('',(-18.6953819457445,4.,-34.8068589630666));
#2194=CARTESIAN_POINT('',(-18.6953819457445,0.,-44.6300008791685));
#2195=CARTESIAN_POINT('Origin',(-6.49538194574449,0.,-44.6300008791685));
#2196=CARTESIAN_POINT('',(-31.8178819457445,4.,-44.6300008791685));
#2197=CARTESIAN_POINT('Origin',(-57.1403819457445,0.,-67.1887170469648));
#2198=CARTESIAN_POINT('',(-58.4903819457445,4.,-67.1887170469648));
#2199=CARTESIAN_POINT('Origin',(-57.1403819457445,4.,-67.1887170469648));
#2200=CARTESIAN_POINT('',(-58.4903819457445,0.,-67.1887170469648));
#2201=CARTESIAN_POINT('Origin',(3.48461805425552,0.,-24.9837170469648));
#2202=CARTESIAN_POINT('',(2.13461805425553,4.,-24.9837170469648));
#2203=CARTESIAN_POINT('Origin',(3.48461805425552,4.,-24.9837170469648));
#2204=CARTESIAN_POINT('',(2.13461805425552,0.,-24.9837170469648));
#2205=CARTESIAN_POINT('Origin',(-57.1403819457445,0.,17.2212829530352));
#2206=CARTESIAN_POINT('',(-58.4903819457445,4.,17.2212829530352));
#2207=CARTESIAN_POINT('Origin',(-57.1403819457445,4.,17.2212829530352));
#2208=CARTESIAN_POINT('',(-58.4903819457445,0.,17.2212829530352));
#2209=CARTESIAN_POINT('Origin',(-117.765381945744,0.,-24.9837170469648));
#2210=CARTESIAN_POINT('',(-119.115381945744,4.,-24.9837170469648));
#2211=CARTESIAN_POINT('Origin',(-117.765381945744,4.,-24.9837170469648));
#2212=CARTESIAN_POINT('',(-119.115381945744,0.,-24.9837170469648));
#2213=CARTESIAN_POINT('Origin',(-122.765381945744,0.,22.2212829530352));
#2214=CARTESIAN_POINT('',(8.48461805425552,4.,22.2212829530352));
#2215=CARTESIAN_POINT('Origin',(8.48461805425552,0.,-72.1887170469648));
#2216=CARTESIAN_POINT('',(-122.765381945744,4.,-72.1887170469648));
#2217=CARTESIAN_POINT('Origin',(-57.1403819457445,4.,-24.9837170469648));
#2218=CARTESIAN_POINT('Origin',(-88.2471703291612,4.,-0.790501432418825));
#2219=CARTESIAN_POINT('',(-88.2471703291612,4.,-0.790501432418825));
#2220=CARTESIAN_POINT('',(-88.2471703291612,4.,-5.83082604408264));
#2221=CARTESIAN_POINT('',(-88.2471703291612,4.,-0.790501432418825));
#2222=CARTESIAN_POINT('',(-88.2471703291612,5.,-5.83082604408264));
#2223=CARTESIAN_POINT('',(-88.2471703291612,4.,-5.83082604408264));
#2224=CARTESIAN_POINT('',(-88.2471703291612,5.,-0.790501432418825));
#2225=CARTESIAN_POINT('',(-88.2471703291612,5.,-0.790501432418825));
#2226=CARTESIAN_POINT('',(-88.2471703291612,4.,-0.790501432418825));
#2227=CARTESIAN_POINT('Origin',(-87.1160765791612,4.,-6.00941979408264));
#2228=CARTESIAN_POINT('',(-87.1160765791612,4.,-6.00941979408264));
#2229=CARTESIAN_POINT('',(-87.1160765791612,4.,-6.00941979408264));
#2230=CARTESIAN_POINT('',(-87.1160765791612,5.,-6.00941979408264));
#2231=CARTESIAN_POINT('',(-87.1160765791612,5.,-6.00941979408264));
#2232=CARTESIAN_POINT('',(-87.1160765791612,4.,-6.00941979408264));
#2233=CARTESIAN_POINT('Origin',(-83.6632628679948,4.,-6.00941979408264));
#2234=CARTESIAN_POINT('',(-83.6632628679948,4.,-6.00941979408264));
#2235=CARTESIAN_POINT('',(-83.6632628679948,4.,-6.00941979408264));
#2236=CARTESIAN_POINT('',(-83.6632628679948,5.,-6.00941979408264));
#2237=CARTESIAN_POINT('',(-83.6632628679948,5.,-6.00941979408264));
#2238=CARTESIAN_POINT('',(-83.6632628679948,4.,-6.00941979408264));
#2239=CARTESIAN_POINT('Origin',(-85.8262316179948,4.,-0.592063932418824));
#2240=CARTESIAN_POINT('',(-85.8262316179948,4.,-0.592063932418824));
#2241=CARTESIAN_POINT('',(-85.8262316179948,4.,-0.592063932418824));
#2242=CARTESIAN_POINT('',(-85.8262316179948,5.,-0.592063932418825));
#2243=CARTESIAN_POINT('',(-85.8262316179948,5.,-0.592063932418824));
#2244=CARTESIAN_POINT('',(-85.8262316179948,4.,-0.592063932418824));
#2245=CARTESIAN_POINT('Origin',(-86.4612328291612,4.,-0.592063932418824));
#2246=CARTESIAN_POINT('',(-86.4612328291612,4.,-0.592063932418824));
#2247=CARTESIAN_POINT('',(-86.4612328291612,4.,-0.592063932418824));
#2248=CARTESIAN_POINT('',(-86.4612328291612,5.,-0.592063932418825));
#2249=CARTESIAN_POINT('',(-86.4612328291612,5.,-0.592063932418824));
#2250=CARTESIAN_POINT('',(-86.4612328291612,4.,-0.592063932418824));
#2251=CARTESIAN_POINT('Origin',(-84.1990441179948,4.,2.7416847807169));
#2252=CARTESIAN_POINT('',(-84.1990441179948,4.,2.7416847807169));
#2253=CARTESIAN_POINT('',(-84.1990441179948,4.,2.7416847807169));
#2254=CARTESIAN_POINT('',(-84.1990441179948,5.,2.7416847807169));
#2255=CARTESIAN_POINT('',(-84.1990441179948,5.,2.7416847807169));
#2256=CARTESIAN_POINT('',(-84.1990441179948,4.,2.7416847807169));
#2257=CARTESIAN_POINT('Origin',(-86.7390453291612,4.,2.7416847807169));
#2258=CARTESIAN_POINT('',(-86.7390453291612,4.,2.7416847807169));
#2259=CARTESIAN_POINT('',(-86.7390453291612,4.,2.7416847807169));
#2260=CARTESIAN_POINT('',(-86.7390453291612,5.,2.7416847807169));
#2261=CARTESIAN_POINT('',(-86.7390453291612,5.,2.7416847807169));
#2262=CARTESIAN_POINT('',(-86.7390453291612,4.,2.7416847807169));
#2263=CARTESIAN_POINT('Origin',(-89.0806078291612,4.,-0.592063932418824));
#2264=CARTESIAN_POINT('',(-89.0806078291612,4.,-0.592063932418824));
#2265=CARTESIAN_POINT('',(-89.0806078291612,4.,-0.592063932418824));
#2266=CARTESIAN_POINT('',(-89.0806078291612,5.,-0.592063932418825));
#2267=CARTESIAN_POINT('',(-89.0806078291612,5.,-0.592063932418824));
#2268=CARTESIAN_POINT('',(-89.0806078291612,4.,-0.592063932418824));
#2269=CARTESIAN_POINT('Origin',(-89.0806078291612,4.,2.7416847807169));
#2270=CARTESIAN_POINT('',(-89.0806078291612,4.,2.7416847807169));
#2271=CARTESIAN_POINT('',(-89.0806078291612,4.,2.7416847807169));
#2272=CARTESIAN_POINT('',(-89.0806078291612,5.,2.7416847807169));
#2273=CARTESIAN_POINT('',(-89.0806078291612,5.,2.7416847807169));
#2274=CARTESIAN_POINT('',(-89.0806078291612,4.,2.7416847807169));
#2275=CARTESIAN_POINT('Origin',(-92.0373265791612,4.,2.7416847807169));
#2276=CARTESIAN_POINT('',(-92.0373265791612,4.,2.7416847807169));
#2277=CARTESIAN_POINT('',(-92.0373265791612,4.,2.7416847807169));
#2278=CARTESIAN_POINT('',(-92.0373265791612,5.,2.7416847807169));
#2279=CARTESIAN_POINT('',(-92.0373265791612,5.,2.7416847807169));
#2280=CARTESIAN_POINT('',(-92.0373265791612,4.,2.7416847807169));
#2281=CARTESIAN_POINT('Origin',(-92.0373265791612,4.,-0.592063932418824));
#2282=CARTESIAN_POINT('',(-92.0373265791612,4.,-0.592063932418824));
#2283=CARTESIAN_POINT('',(-92.0373265791612,4.,-0.592063932418824));
#2284=CARTESIAN_POINT('',(-92.0373265791612,5.,-0.592063932418825));
#2285=CARTESIAN_POINT('',(-92.0373265791612,5.,-0.592063932418824));
#2286=CARTESIAN_POINT('',(-92.0373265791612,4.,-0.592063932418824));
#2287=CARTESIAN_POINT('Origin',(-91.5809203291612,4.,-0.592063932418825));
#2288=CARTESIAN_POINT('',(-91.5809203291612,4.,-0.592063932418825));
#2289=CARTESIAN_POINT('',(-91.5809203291612,4.,-0.592063932418825));
#2290=CARTESIAN_POINT('',(-91.5809203291612,5.,-0.592063932418825));
#2291=CARTESIAN_POINT('',(-91.5809203291612,5.,-0.592063932418825));
#2292=CARTESIAN_POINT('',(-91.5809203291612,4.,-0.592063932418825));
#2293=CARTESIAN_POINT('Origin',(-91.8190453291612,4.,-6.00941979408264));
#2294=CARTESIAN_POINT('',(-91.8190453291612,4.,-6.00941979408264));
#2295=CARTESIAN_POINT('',(-91.8190453291612,4.,-6.00941979408264));
#2296=CARTESIAN_POINT('',(-91.8190453291612,5.,-6.00941979408264));
#2297=CARTESIAN_POINT('',(-91.8190453291612,5.,-6.00941979408264));
#2298=CARTESIAN_POINT('',(-91.8190453291612,4.,-6.00941979408264));
#2299=CARTESIAN_POINT('Origin',(-88.2471703291612,4.,-5.83082604408264));
#2300=CARTESIAN_POINT('',(-88.2471703291612,4.,-5.83082604408264));
#2301=CARTESIAN_POINT('',(-88.2471703291612,5.,-5.83082604408264));
#2302=CARTESIAN_POINT('Origin',(-87.850294723578,5.,-1.63386750668287));
#2303=CARTESIAN_POINT('Origin',(-87.850294723578,4.,-1.63386750668287));
#2304=CARTESIAN_POINT('Origin',(-96.8792015791612,4.,-2.85426354408264));
#2305=CARTESIAN_POINT('',(-96.8792015791612,4.,-2.85426354408264));
#2306=CARTESIAN_POINT('',(-96.7006078291612,4.,0.539029666185378));
#2307=CARTESIAN_POINT('',(-96.8792015791612,4.,-2.85426354408264));
#2308=CARTESIAN_POINT('',(-96.7006078291612,5.,0.539029666185378));
#2309=CARTESIAN_POINT('',(-96.7006078291612,4.,0.539029666185378));
#2310=CARTESIAN_POINT('',(-96.8792015791612,5.,-2.85426354408264));
#2311=CARTESIAN_POINT('',(-96.8792015791612,5.,-2.85426354408264));
#2312=CARTESIAN_POINT('',(-96.8792015791612,4.,-2.85426354408264));
#2313=CARTESIAN_POINT('Origin',(-98.4667015791612,4.,-2.59629479408264));
#2314=CARTESIAN_POINT('',(-98.4667015791612,4.,-2.59629479408264));
#2315=CARTESIAN_POINT('',(-98.4667015791612,4.,-2.59629479408264));
#2316=CARTESIAN_POINT('',(-98.4667015791612,5.,-2.59629479408264));
#2317=CARTESIAN_POINT('',(-98.4667015791612,5.,-2.59629479408264));
#2318=CARTESIAN_POINT('',(-98.4667015791612,4.,-2.59629479408264));
#2319=CARTESIAN_POINT('Origin',(-98.4667015791612,4.,-6.04910729408264));
#2320=CARTESIAN_POINT('',(-98.4667015791612,4.,-6.04910729408264));
#2321=CARTESIAN_POINT('',(-98.4667015791612,4.,-6.04910729408264));
#2322=CARTESIAN_POINT('',(-98.4667015791612,5.,-6.04910729408264));
#2323=CARTESIAN_POINT('',(-98.4667015791612,5.,-6.04910729408264));
#2324=CARTESIAN_POINT('',(-98.4667015791612,4.,-6.04910729408264));
#2325=CARTESIAN_POINT('Origin',(-92.6921703291612,4.,-6.04910729408264));
#2326=CARTESIAN_POINT('',(-92.6921703291612,4.,-6.04910729408264));
#2327=CARTESIAN_POINT('',(-92.6921703291612,4.,-6.04910729408264));
#2328=CARTESIAN_POINT('',(-92.6921703291612,5.,-6.04910729408264));
#2329=CARTESIAN_POINT('',(-92.6921703291612,5.,-6.04910729408264));
#2330=CARTESIAN_POINT('',(-92.6921703291612,4.,-6.04910729408264));
#2331=CARTESIAN_POINT('Origin',(-92.5532640791612,4.,-3.19160729408264));
#2332=CARTESIAN_POINT('',(-92.5532640791612,4.,-3.19160729408264));
#2333=CARTESIAN_POINT('',(-92.5532640791612,4.,-3.19160729408264));
#2334=CARTESIAN_POINT('',(-92.5532640791612,5.,-3.19160729408264));
#2335=CARTESIAN_POINT('',(-92.5532640791612,5.,-3.19160729408264));
#2336=CARTESIAN_POINT('',(-92.5532640791612,4.,-3.19160729408264));
#2337=CARTESIAN_POINT('Origin',(-94.0217015791612,4.,-2.95348229408264));
#2338=CARTESIAN_POINT('',(-94.0217015791612,4.,-2.95348229408264));
#2339=CARTESIAN_POINT('',(-94.0217015791612,4.,-2.95348229408264));
#2340=CARTESIAN_POINT('',(-94.0217015791612,5.,-2.95348229408264));
#2341=CARTESIAN_POINT('',(-94.0217015791612,5.,-2.95348229408264));
#2342=CARTESIAN_POINT('',(-94.0217015791612,4.,-2.95348229408264));
#2343=CARTESIAN_POINT('Origin',(-94.0217015791612,4.,0.479498416185378));
#2344=CARTESIAN_POINT('',(-94.0217015791612,4.,0.479498416185378));
#2345=CARTESIAN_POINT('',(-94.0217015791612,4.,0.479498416185378));
#2346=CARTESIAN_POINT('',(-94.0217015791612,5.,0.479498416185378));
#2347=CARTESIAN_POINT('',(-94.0217015791612,5.,0.479498416185378));
#2348=CARTESIAN_POINT('',(-94.0217015791612,4.,0.479498416185378));
#2349=CARTESIAN_POINT('Origin',(-92.6921703291612,4.,0.539029666185378));
#2350=CARTESIAN_POINT('',(-92.6921703291612,4.,0.539029666185378));
#2351=CARTESIAN_POINT('',(-92.6921703291612,4.,0.539029666185378));
#2352=CARTESIAN_POINT('',(-92.6921703291612,5.,0.539029666185378));
#2353=CARTESIAN_POINT('',(-92.6921703291612,5.,0.539029666185378));
#2354=CARTESIAN_POINT('',(-92.6921703291612,4.,0.539029666185378));
#2355=CARTESIAN_POINT('Origin',(-92.5334203291612,4.,2.8805910307169));
#2356=CARTESIAN_POINT('',(-92.5334203291612,4.,2.8805910307169));
#2357=CARTESIAN_POINT('',(-92.5334203291612,4.,2.8805910307169));
#2358=CARTESIAN_POINT('',(-92.5334203291612,5.,2.8805910307169));
#2359=CARTESIAN_POINT('',(-92.5334203291612,5.,2.8805910307169));
#2360=CARTESIAN_POINT('',(-92.5334203291612,4.,2.8805910307169));
#2361=CARTESIAN_POINT('Origin',(-98.2484203291612,4.,2.97980985641479));
#2362=CARTESIAN_POINT('',(-98.2484203291612,4.,2.97980985641479));
#2363=CARTESIAN_POINT('',(-98.2484203291612,4.,2.97980985641479));
#2364=CARTESIAN_POINT('',(-98.2484203291612,5.,2.97980985641479));
#2365=CARTESIAN_POINT('',(-98.2484203291612,5.,2.97980985641479));
#2366=CARTESIAN_POINT('',(-98.2484203291612,4.,2.97980985641479));
#2367=CARTESIAN_POINT('Origin',(-98.2484203291612,4.,0.539029666185378));
#2368=CARTESIAN_POINT('',(-98.2484203291612,4.,0.539029666185378));
#2369=CARTESIAN_POINT('',(-98.2484203291612,4.,0.539029666185378));
#2370=CARTESIAN_POINT('',(-98.2484203291612,5.,0.539029666185378));
#2371=CARTESIAN_POINT('',(-98.2484203291612,5.,0.539029666185378));
#2372=CARTESIAN_POINT('',(-98.2484203291612,4.,0.539029666185378));
#2373=CARTESIAN_POINT('Origin',(-96.7006078291612,4.,0.539029666185378));
#2374=CARTESIAN_POINT('',(-96.7006078291612,4.,0.539029666185378));
#2375=CARTESIAN_POINT('',(-96.7006078291612,5.,0.539029666185378));
#2376=CARTESIAN_POINT('Origin',(-95.5000609541612,5.,-1.53464871883392));
#2377=CARTESIAN_POINT('Origin',(-95.5000609541612,4.,-1.53464871883392));
#2378=CARTESIAN_POINT('Ctrl Pts',(-81.2674081574747,4.,-1.87268972048132));
#2379=CARTESIAN_POINT('Ctrl Pts',(-81.2674081574747,7.,-1.87268972048132));
#2380=CARTESIAN_POINT('Ctrl Pts',(-81.2709194880501,4.,-1.75554142440215));
#2381=CARTESIAN_POINT('Ctrl Pts',(-81.2709194880501,7.,-1.75554142440215));
#2382=CARTESIAN_POINT('Ctrl Pts',(-81.2716769961952,4.,-1.52084673136781));
#2383=CARTESIAN_POINT('Ctrl Pts',(-81.2716769961952,7.,-1.52084673136781));
#2384=CARTESIAN_POINT('Ctrl Pts',(-81.2538628815147,4.,-1.17324736855736));
#2385=CARTESIAN_POINT('Ctrl Pts',(-81.2538628815147,7.,-1.17324736855736));
#2386=CARTESIAN_POINT('Ctrl Pts',(-81.1894073454392,4.,-0.741855960295612));
#2387=CARTESIAN_POINT('Ctrl Pts',(-81.1894073454392,7.,-0.741855960295612));
#2388=CARTESIAN_POINT('Ctrl Pts',(-81.0302316147685,4.,-0.311460487289291));
#2389=CARTESIAN_POINT('Ctrl Pts',(-81.0302316147685,7.,-0.311460487289291));
#2390=CARTESIAN_POINT('Ctrl Pts',(-80.7853234904862,4.,-0.0367086641089897));
#2391=CARTESIAN_POINT('Ctrl Pts',(-80.7853234904862,7.,-0.0367086641089897));
#2392=CARTESIAN_POINT('Ctrl Pts',(-80.4581968948405,4.,0.0500379672828911));
#2393=CARTESIAN_POINT('Ctrl Pts',(-80.4581968948405,7.,0.0500379672828911));
#2394=CARTESIAN_POINT('Ctrl Pts',(-80.0713873601271,4.,-0.0621833220103298));
#2395=CARTESIAN_POINT('Ctrl Pts',(-80.0713873601271,7.,-0.0621833220103298));
#2396=CARTESIAN_POINT('Ctrl Pts',(-79.6717267128359,4.,-0.357907861252608));
#2397=CARTESIAN_POINT('Ctrl Pts',(-79.6717267128359,7.,-0.357907861252608));
#2398=CARTESIAN_POINT('Ctrl Pts',(-79.3168426143057,4.,-0.802765066277159));
#2399=CARTESIAN_POINT('Ctrl Pts',(-79.3168426143057,7.,-0.802765066277159));
#2400=CARTESIAN_POINT('Ctrl Pts',(-79.0642574197472,4.,-1.34903400266093));
#2401=CARTESIAN_POINT('Ctrl Pts',(-79.0642574197472,7.,-1.34903400266093));
#2402=CARTESIAN_POINT('Ctrl Pts',(-78.959209368259,4.,-1.94156795314082));
#2403=CARTESIAN_POINT('Ctrl Pts',(-78.959209368259,7.,-1.94156795314082));
#2404=CARTESIAN_POINT('Ctrl Pts',(-79.0234436140317,4.,-2.52320448869884));
#2405=CARTESIAN_POINT('Ctrl Pts',(-79.0234436140317,7.,-2.52320448869884));
#2406=CARTESIAN_POINT('Ctrl Pts',(-79.2413014971926,4.,-3.04045152042068));
#2407=CARTESIAN_POINT('Ctrl Pts',(-79.2413014971926,7.,-3.04045152042068));
#2408=CARTESIAN_POINT('Ctrl Pts',(-79.5705790088486,4.,-3.44640921406272));
#2409=CARTESIAN_POINT('Ctrl Pts',(-79.5705790088486,7.,-3.44640921406272));
#2410=CARTESIAN_POINT('Ctrl Pts',(-79.9555118337876,4.,-3.70349110109498));
#2411=CARTESIAN_POINT('Ctrl Pts',(-79.9555118337876,7.,-3.70349110109498));
#2412=CARTESIAN_POINT('Ctrl Pts',(-80.3388446990423,4.,-3.7865601985756));
#2413=CARTESIAN_POINT('Ctrl Pts',(-80.3388446990423,7.,-3.7865601985756));
#2414=CARTESIAN_POINT('Ctrl Pts',(-80.673549260538,4.,-3.68601619535662));
#2415=CARTESIAN_POINT('Ctrl Pts',(-80.673549260538,7.,-3.68601619535662));
#2416=CARTESIAN_POINT('Ctrl Pts',(-80.9363069526917,4.,-3.41194050480595));
#2417=CARTESIAN_POINT('Ctrl Pts',(-80.9363069526917,7.,-3.41194050480595));
#2418=CARTESIAN_POINT('Ctrl Pts',(-81.1217626985572,4.,-2.99087222572571));
#2419=CARTESIAN_POINT('Ctrl Pts',(-81.1217626985572,7.,-2.99087222572571));
#2420=CARTESIAN_POINT('Ctrl Pts',(-81.2120367503651,4.,-2.56775296276896));
#2421=CARTESIAN_POINT('Ctrl Pts',(-81.2120367503651,7.,-2.56775296276896));
#2422=CARTESIAN_POINT('Ctrl Pts',(-81.250609012743,4.,-2.22373650784281));
#2423=CARTESIAN_POINT('Ctrl Pts',(-81.250609012743,7.,-2.22373650784281));
#2424=CARTESIAN_POINT('Ctrl Pts',(-81.2638968268994,4.,-1.98983801656049));
#2425=CARTESIAN_POINT('Ctrl Pts',(-81.2638968268994,7.,-1.98983801656049));
#2426=CARTESIAN_POINT('Ctrl Pts',(-81.2674081574747,4.,-1.87268972048132));
#2427=CARTESIAN_POINT('Ctrl Pts',(-81.2674081574747,7.,-1.87268972048132));
#2428=CARTESIAN_POINT('',(-81.2674081574747,5.,-1.87268972048132));
#2429=CARTESIAN_POINT('Ctrl Pts',(-81.2674081574747,5.,-1.87268972048132));
#2430=CARTESIAN_POINT('Ctrl Pts',(-81.2649267558601,5.,-1.95547656290521));
#2431=CARTESIAN_POINT('Ctrl Pts',(-81.2605724252393,5.,-2.038142449293));
#2432=CARTESIAN_POINT('Ctrl Pts',(-81.2543378299822,5.,-2.11998086197482));
#2433=CARTESIAN_POINT('Ctrl Pts',(-81.2477909897769,5.,-2.20591795787258));
#2434=CARTESIAN_POINT('Ctrl Pts',(-81.2391699772596,5.,-2.29094184674406));
#2435=CARTESIAN_POINT('Ctrl Pts',(-81.2284156366339,5.,-2.37426324027538));
#2436=CARTESIAN_POINT('Ctrl Pts',(-81.2174246589961,5.,-2.45941802613574));
#2437=CARTESIAN_POINT('Ctrl Pts',(-81.2042040940469,5.,-2.54279378299053));
#2438=CARTESIAN_POINT('Ctrl Pts',(-81.1886565206989,5.,-2.62358922487063));
#2439=CARTESIAN_POINT('Ctrl Pts',(-81.1735488362734,5.,-2.70209871388325));
#2440=CARTESIAN_POINT('Ctrl Pts',(-81.1562425030734,5.,-2.77817143828892));
#2441=CARTESIAN_POINT('Ctrl Pts',(-81.1366373192322,5.,-2.85111897503347));
#2442=CARTESIAN_POINT('Ctrl Pts',(-81.118076564829,5.,-2.92018036842801));
#2443=CARTESIAN_POINT('Ctrl Pts',(-81.0974543336016,5.,-2.98644061528269));
#2444=CARTESIAN_POINT('Ctrl Pts',(-81.0746932984249,5.,-3.04936094160583));
#2445=CARTESIAN_POINT('Ctrl Pts',(-81.0531153354356,5.,-3.10901079769248));
#2446=CARTESIAN_POINT('Ctrl Pts',(-81.0296144858173,5.,-3.1656589178788));
#2447=CARTESIAN_POINT('Ctrl Pts',(-81.0041435798295,5.,-3.21888857542568));
#2448=CARTESIAN_POINT('Ctrl Pts',(-80.9798162011147,5.,-3.26972846461605));
#2449=CARTESIAN_POINT('Ctrl Pts',(-80.95369124579,5.,-3.31744995641062));
#2450=CARTESIAN_POINT('Ctrl Pts',(-80.9257527534986,5.,-3.36172958956392));
#2451=CARTESIAN_POINT('Ctrl Pts',(-80.8989743404652,5.,-3.40417061655925));
#2452=CARTESIAN_POINT('Ctrl Pts',(-80.8705295360899,5.,-3.44344968978126));
#2453=CARTESIAN_POINT('Ctrl Pts',(-80.8404333033029,5.,-3.4793190778019));
#2454=CARTESIAN_POINT('Ctrl Pts',(-80.8114548673479,5.,-3.51385624964184));
#2455=CARTESIAN_POINT('Ctrl Pts',(-80.7809451131922,5.,-3.54523229956812));
#2456=CARTESIAN_POINT('Ctrl Pts',(-80.7489493961872,5.,-3.57326131745671));
#2457=CARTESIAN_POINT('Ctrl Pts',(-80.7179565102995,5.,-3.60041183115911));
#2458=CARTESIAN_POINT('Ctrl Pts',(-80.6855691223369,5.,-3.62442181787784));
#2459=CARTESIAN_POINT('Ctrl Pts',(-80.6518627392028,5.,-3.64515623039631));
#2460=CARTESIAN_POINT('Ctrl Pts',(-80.6189347208657,5.,-3.66541183340485));
#2461=CARTESIAN_POINT('Ctrl Pts',(-80.584747756135,5.,-3.682541368871));
#2462=CARTESIAN_POINT('Ctrl Pts',(-80.5494085352346,5.,-3.69645226536176));
#2463=CARTESIAN_POINT('Ctrl Pts',(-80.5147480166665,5.,-3.71009599812752));
#2464=CARTESIAN_POINT('Ctrl Pts',(-80.4789789603879,5.,-3.72064350906763));
#2465=CARTESIAN_POINT('Ctrl Pts',(-80.4422392897298,5.,-3.72804029287611));
#2466=CARTESIAN_POINT('Ctrl Pts',(-80.4060753209453,5.,-3.73532117084711));
#2467=CARTESIAN_POINT('Ctrl Pts',(-80.3689708014432,5.,-3.7395492545697));
#2468=CARTESIAN_POINT('Ctrl Pts',(-80.3310954627186,5.,-3.74070516545088));
#2469=CARTESIAN_POINT('Ctrl Pts',(-80.2925443310565,5.,-3.7418817007393));
#2470=CARTESIAN_POINT('Ctrl Pts',(-80.2531946274868,5.,-3.73987535663446));
#2471=CARTESIAN_POINT('Ctrl Pts',(-80.2132675266522,5.,-3.73470144469842));
#2472=CARTESIAN_POINT('Ctrl Pts',(-80.1717620716759,5.,-3.72932300337849));
#2473=CARTESIAN_POINT('Ctrl Pts',(-80.1296330289749,5.,-3.72052155408446));
#2474=CARTESIAN_POINT('Ctrl Pts',(-80.0871703842613,5.,-3.70835355119901));
#2475=CARTESIAN_POINT('Ctrl Pts',(-80.0427566891911,5.,-3.69562645957736));
#2476=CARTESIAN_POINT('Ctrl Pts',(-79.9979785295029,5.,-3.67921625958839));
#2477=CARTESIAN_POINT('Ctrl Pts',(-79.9532056301855,5.,-3.65923080762515));
#2478=CARTESIAN_POINT('Ctrl Pts',(-79.9063587083069,5.,-3.63831956620221));
#2479=CARTESIAN_POINT('Ctrl Pts',(-79.8595182195042,5.,-3.61349407410047));
#2480=CARTESIAN_POINT('Ctrl Pts',(-79.8131388437036,5.,-3.5849254279664));
#2481=CARTESIAN_POINT('Ctrl Pts',(-79.7647875862173,5.,-3.55514214732883));
#2482=CARTESIAN_POINT('Ctrl Pts',(-79.7169383889176,5.,-3.52129057838469));
#2483=CARTESIAN_POINT('Ctrl Pts',(-79.6701273076476,5.,-3.48361652707287));
#2484=CARTESIAN_POINT('Ctrl Pts',(-79.6199271048442,5.,-3.44321487505008));
#2485=CARTESIAN_POINT('Ctrl Pts',(-79.5709221395127,5.,-3.39841688538916));
#2486=CARTESIAN_POINT('Ctrl Pts',(-79.5237792380453,5.,-3.3495878038789));
#2487=CARTESIAN_POINT('Ctrl Pts',(-79.4781095522488,5.,-3.30228463116583));
#2488=CARTESIAN_POINT('Ctrl Pts',(-79.4341887372074,5.,-3.25119903062044));
#2489=CARTESIAN_POINT('Ctrl Pts',(-79.3926074944806,5.,-3.19671512185491));
#2490=CARTESIAN_POINT('Ctrl Pts',(-79.3523256655891,5.,-3.1439338352383));
#2491=CARTESIAN_POINT('Ctrl Pts',(-79.3142405382455,5.,-3.08796385906724));
#2492=CARTESIAN_POINT('Ctrl Pts',(-79.278856848837,5.,-3.02919542657054));
#2493=CARTESIAN_POINT('Ctrl Pts',(-79.2445788997225,5.,-2.97226350758937));
#2494=CARTESIAN_POINT('Ctrl Pts',(-79.2128370368738,5.,-2.91270573690033));
#2495=CARTESIAN_POINT('Ctrl Pts',(-79.1840456824533,5.,-2.85090894177346));
#2496=CARTESIAN_POINT('Ctrl Pts',(-79.1575590870169,5.,-2.79405900384148));
#2497=CARTESIAN_POINT('Ctrl Pts',(-79.1335696958921,5.,-2.73531463779538));
#2498=CARTESIAN_POINT('Ctrl Pts',(-79.1123556395229,5.,-2.67499798650169));
#2499=CARTESIAN_POINT('Ctrl Pts',(-79.091997149087,5.,-2.61711391439768));
#2500=CARTESIAN_POINT('Ctrl Pts',(-79.074194943456,5.,-2.55778205868548));
#2501=CARTESIAN_POINT('Ctrl Pts',(-79.0591484655475,5.,-2.49730256806692));
#2502=CARTESIAN_POINT('Ctrl Pts',(-79.04457571022,5.,-2.43872721079855));
#2503=CARTESIAN_POINT('Ctrl Pts',(-79.0325881039931,5.,-2.37907552308669));
#2504=CARTESIAN_POINT('Ctrl Pts',(-79.0233186049996,5.,-2.31863203849195));
#2505=CARTESIAN_POINT('Ctrl Pts',(-79.0142875987215,5.,-2.25974368980904));
#2506=CARTESIAN_POINT('Ctrl Pts',(-79.0078367945371,5.,-2.20010390616487));
#2507=CARTESIAN_POINT('Ctrl Pts',(-79.0040399809005,5.,-2.13998494603629));
#2508=CARTESIAN_POINT('Ctrl Pts',(-79.0003312349755,5.,-2.08126045499355));
#2509=CARTESIAN_POINT('Ctrl Pts',(-78.9991549268605,5.,-2.02207887663159));
#2510=CARTESIAN_POINT('Ctrl Pts',(-79.00053008396,5.,-1.96270090206242));
#2511=CARTESIAN_POINT('Ctrl Pts',(-79.0019398850156,5.,-1.90182703444564));
#2512=CARTESIAN_POINT('Ctrl Pts',(-79.0060316365488,5.,-1.84074685282623));
#2513=CARTESIAN_POINT('Ctrl Pts',(-79.0127679917953,5.,-1.77974715785808));
#2514=CARTESIAN_POINT('Ctrl Pts',(-79.019663819593,5.,-1.71730339163457));
#2515=CARTESIAN_POINT('Ctrl Pts',(-79.0293306637164,5.,-1.65494416230184));
#2516=CARTESIAN_POINT('Ctrl Pts',(-79.0416695807282,5.,-1.59298081854442));
#2517=CARTESIAN_POINT('Ctrl Pts',(-79.0545004673847,5.,-1.52854691078264));
#2518=CARTESIAN_POINT('Ctrl Pts',(-79.0702205251303,5.,-1.46454133127541));
#2519=CARTESIAN_POINT('Ctrl Pts',(-79.0886593150071,5.,-1.40131472564628));
#2520=CARTESIAN_POINT('Ctrl Pts',(-79.1078626335509,5.,-1.33546655141922));
#2521=CARTESIAN_POINT('Ctrl Pts',(-79.1300144984047,5.,-1.27046361235868));
#2522=CARTESIAN_POINT('Ctrl Pts',(-79.1548637746992,5.,-1.2066981201318));
#2523=CARTESIAN_POINT('Ctrl Pts',(-79.1807826781237,5.,-1.14018786787113));
#2524=CARTESIAN_POINT('Ctrl Pts',(-79.2096358687537,5.,-1.07502430991617));
#2525=CARTESIAN_POINT('Ctrl Pts',(-79.2410807944644,5.,-1.01164252256835));
#2526=CARTESIAN_POINT('Ctrl Pts',(-79.2739797513934,5.,-0.945329925387245));
#2527=CARTESIAN_POINT('Ctrl Pts',(-79.3097151592653,5.,-0.880968269002232));
#2528=CARTESIAN_POINT('Ctrl Pts',(-79.3478396244245,5.,-0.819037206562334));
#2529=CARTESIAN_POINT('Ctrl Pts',(-79.3875832515086,5.,-0.75447590608892));
#2530=CARTESIAN_POINT('Ctrl Pts',(-79.4299223057753,5.,-0.692556825167896));
#2531=CARTESIAN_POINT('Ctrl Pts',(-79.4743020609742,5.,-0.633792978263904));
#2532=CARTESIAN_POINT('Ctrl Pts',(-79.519273615458,5.,-0.574245521751762));
#2533=CARTESIAN_POINT('Ctrl Pts',(-79.5663393508061,5.,-0.517938771883625));
#2534=CARTESIAN_POINT('Ctrl Pts',(-79.6148911324418,5.,-0.465364200112243));
#2535=CARTESIAN_POINT('Ctrl Pts',(-79.6620701289764,5.,-0.414276156463803));
#2536=CARTESIAN_POINT('Ctrl Pts',(-79.7106510182234,5.,-0.36671260641287));
#2537=CARTESIAN_POINT('Ctrl Pts',(-79.7600664267474,5.,-0.323076806561519));
#2538=CARTESIAN_POINT('Ctrl Pts',(-79.8072743592932,5.,-0.281390297080101));
#2539=CARTESIAN_POINT('Ctrl Pts',(-79.8552430369112,5.,-0.243288561848532));
#2540=CARTESIAN_POINT('Ctrl Pts',(-79.9034845422523,5.,-0.209075833402265));
#2541=CARTESIAN_POINT('Ctrl Pts',(-79.9495692460019,5.,-0.176392702066232));
#2542=CARTESIAN_POINT('Ctrl Pts',(-79.9959023194324,5.,-0.147258632931867));
#2543=CARTESIAN_POINT('Ctrl Pts',(-80.0420751315401,5.,-0.121893758467289));
#2544=CARTESIAN_POINT('Ctrl Pts',(-80.0862145218716,5.,-0.0976459372150222));
#2545=CARTESIAN_POINT('Ctrl Pts',(-80.1302070066198,5.,-0.0768426380455542));
#2546=CARTESIAN_POINT('Ctrl Pts',(-80.173718538593,5.,-0.0596339192730366));
#2547=CARTESIAN_POINT('Ctrl Pts',(-80.215335646577,5.,-0.0431744411773353));
#2548=CARTESIAN_POINT('Ctrl Pts',(-80.2565123952423,5.,-0.0300033748974832));
#2549=CARTESIAN_POINT('Ctrl Pts',(-80.2969839701163,5.,-0.0202121487380826));
#2550=CARTESIAN_POINT('Ctrl Pts',(-80.3359696920247,5.,-0.0107803927122723));
#2551=CARTESIAN_POINT('Ctrl Pts',(-80.3743007852597,5.,-0.00448488483994479));
#2552=CARTESIAN_POINT('Ctrl Pts',(-80.411771309113,5.,-0.00136913409252395));
#2553=CARTESIAN_POINT('Ctrl Pts',(-80.4498202238996,5.,0.00179471104475714));
#2554=CARTESIAN_POINT('Ctrl Pts',(-80.4869813503937,5.,0.00167958703079934));
#2555=CARTESIAN_POINT('Ctrl Pts',(-80.5230777007944,5.,-0.0017167692214388));
#2556=CARTESIAN_POINT('Ctrl Pts',(-80.5587436346279,5.,-0.00507262697499389));
#2557=CARTESIAN_POINT('Ctrl Pts',(-80.5933702886507,5.,-0.0116316772723103));
#2558=CARTESIAN_POINT('Ctrl Pts',(-80.6268246877459,5.,-0.0213547649728124));
#2559=CARTESIAN_POINT('Ctrl Pts',(-80.6608649883326,5.,-0.0312481373515714));
#2560=CARTESIAN_POINT('Ctrl Pts',(-80.6936916987828,5.,-0.0444172793088389));
#2561=CARTESIAN_POINT('Ctrl Pts',(-80.7252017421992,5.,-0.0607800209454056));
#2562=CARTESIAN_POINT('Ctrl Pts',(-80.7574428637663,5.,-0.0775224016303245));
#2563=CARTESIAN_POINT('Ctrl Pts',(-80.7883055960217,5.,-0.0976082408899212));
#2564=CARTESIAN_POINT('Ctrl Pts',(-80.817716738221,5.,-0.120907854560851));
#2565=CARTESIAN_POINT('Ctrl Pts',(-80.848079887881,5.,-0.144961651999889));
#2566=CARTESIAN_POINT('Ctrl Pts',(-80.8768961461336,5.,-0.172440545922387));
#2567=CARTESIAN_POINT('Ctrl Pts',(-80.9041221164646,5.,-0.203159032580729));
#2568=CARTESIAN_POINT('Ctrl Pts',(-80.9324014951984,5.,-0.235066057666855));
#2569=CARTESIAN_POINT('Ctrl Pts',(-80.9589653885616,5.,-0.270468097047252));
#2570=CARTESIAN_POINT('Ctrl Pts',(-80.9838012558873,5.,-0.309113415060084));
#2571=CARTESIAN_POINT('Ctrl Pts',(-81.0097594688763,5.,-0.349505134940515));
#2572=CARTESIAN_POINT('Ctrl Pts',(-81.0338302623214,5.,-0.393439743690353));
#2573=CARTESIAN_POINT('Ctrl Pts',(-81.0560336207047,5.,-0.44058480721197));
#2574=CARTESIAN_POINT('Ctrl Pts',(-81.0799865016541,5.,-0.491444685001276));
#2575=CARTESIAN_POINT('Ctrl Pts',(-81.1017663136797,5.,-0.546040943945662));
#2576=CARTESIAN_POINT('Ctrl Pts',(-81.1214329972051,5.,-0.603905277928141));
#2577=CARTESIAN_POINT('Ctrl Pts',(-81.1424238122633,5.,-0.665665540227451));
#2578=CARTESIAN_POINT('Ctrl Pts',(-81.1610079906434,5.,-0.73114854372351));
#2579=CARTESIAN_POINT('Ctrl Pts',(-81.1772896872396,5.,-0.799730298354917));
#2580=CARTESIAN_POINT('Ctrl Pts',(-81.1951071031015,5.,-0.874780808944213));
#2581=CARTESIAN_POINT('Ctrl Pts',(-81.2101683772009,5.,-0.953541826262167));
#2582=CARTESIAN_POINT('Ctrl Pts',(-81.222632312343,5.,-1.0351365229472));
#2583=CARTESIAN_POINT('Ctrl Pts',(-81.2365717238932,5.,-1.12639037210793));
#2584=CARTESIAN_POINT('Ctrl Pts',(-81.2472651019308,5.,-1.22118748336428));
#2585=CARTESIAN_POINT('Ctrl Pts',(-81.2549304158488,5.,-1.31824127137888));
#2586=CARTESIAN_POINT('Ctrl Pts',(-81.2620332111178,5.,-1.40817277238704));
#2587=CARTESIAN_POINT('Ctrl Pts',(-81.2665378679341,5.,-1.50003975216605));
#2588=CARTESIAN_POINT('Ctrl Pts',(-81.2685816672484,5.,-1.59279655694012));
#2589=CARTESIAN_POINT('Ctrl Pts',(-81.2704055909104,5.,-1.67557441573398));
#2590=CARTESIAN_POINT('Ctrl Pts',(-81.2702701390207,5.,-1.75905988784793));
#2591=CARTESIAN_POINT('Ctrl Pts',(-81.2682294040171,5.,-1.84251181477501));
#2592=CARTESIAN_POINT('Ctrl Pts',(-81.2679833915609,5.,-1.85257202028025));
#2593=CARTESIAN_POINT('Ctrl Pts',(-81.2677096288346,5.,-1.86263175089733));
#2594=CARTESIAN_POINT('Ctrl Pts',(-81.2674081574747,5.,-1.87268972048132));
#2595=CARTESIAN_POINT('',(-81.2674081574747,4.,-1.87268972048132));
#2596=CARTESIAN_POINT('',(-81.2674081574747,4.,-1.87268972048132));
#2597=CARTESIAN_POINT('Ctrl Pts',(-81.2674081574747,4.,-1.87268972048132));
#2598=CARTESIAN_POINT('Ctrl Pts',(-81.2709194880501,4.,-1.75554142440215));
#2599=CARTESIAN_POINT('Ctrl Pts',(-81.2716769961952,4.,-1.52084673136781));
#2600=CARTESIAN_POINT('Ctrl Pts',(-81.2538628815147,4.,-1.17324736855736));
#2601=CARTESIAN_POINT('Ctrl Pts',(-81.1894073454392,4.,-0.741855960295612));
#2602=CARTESIAN_POINT('Ctrl Pts',(-81.0302316147685,4.,-0.311460487289291));
#2603=CARTESIAN_POINT('Ctrl Pts',(-80.7853234904862,4.,-0.0367086641089897));
#2604=CARTESIAN_POINT('Ctrl Pts',(-80.4581968948405,4.,0.0500379672828911));
#2605=CARTESIAN_POINT('Ctrl Pts',(-80.0713873601271,4.,-0.0621833220103298));
#2606=CARTESIAN_POINT('Ctrl Pts',(-79.6717267128359,4.,-0.357907861252608));
#2607=CARTESIAN_POINT('Ctrl Pts',(-79.3168426143057,4.,-0.802765066277159));
#2608=CARTESIAN_POINT('Ctrl Pts',(-79.0642574197472,4.,-1.34903400266093));
#2609=CARTESIAN_POINT('Ctrl Pts',(-78.959209368259,4.,-1.94156795314082));
#2610=CARTESIAN_POINT('Ctrl Pts',(-79.0234436140317,4.,-2.52320448869884));
#2611=CARTESIAN_POINT('Ctrl Pts',(-79.2413014971926,4.,-3.04045152042068));
#2612=CARTESIAN_POINT('Ctrl Pts',(-79.5705790088486,4.,-3.44640921406272));
#2613=CARTESIAN_POINT('Ctrl Pts',(-79.9555118337876,4.,-3.70349110109498));
#2614=CARTESIAN_POINT('Ctrl Pts',(-80.3388446990423,4.,-3.7865601985756));
#2615=CARTESIAN_POINT('Ctrl Pts',(-80.673549260538,4.,-3.68601619535662));
#2616=CARTESIAN_POINT('Ctrl Pts',(-80.9363069526917,4.,-3.41194050480595));
#2617=CARTESIAN_POINT('Ctrl Pts',(-81.1217626985572,4.,-2.99087222572571));
#2618=CARTESIAN_POINT('Ctrl Pts',(-81.2120367503651,4.,-2.56775296276896));
#2619=CARTESIAN_POINT('Ctrl Pts',(-81.250609012743,4.,-2.22373650784281));
#2620=CARTESIAN_POINT('Ctrl Pts',(-81.2638968268994,4.,-1.98983801656049));
#2621=CARTESIAN_POINT('Ctrl Pts',(-81.2674081574747,4.,-1.87268972048132));
#2622=CARTESIAN_POINT('Origin',(-78.7221691179948,4.,2.7416847807169));
#2623=CARTESIAN_POINT('',(-76.0234191179948,4.,0.161998567581176));
#2624=CARTESIAN_POINT('',(-78.7221691179948,4.,2.7416847807169));
#2625=CARTESIAN_POINT('',(-76.0234191179948,4.,0.161998567581176));
#2626=CARTESIAN_POINT('',(-76.0234191179948,5.,0.161998567581176));
#2627=CARTESIAN_POINT('',(-76.0234191179948,4.,0.161998567581176));
#2628=CARTESIAN_POINT('',(-78.7221691179948,5.,2.7416847807169));
#2629=CARTESIAN_POINT('',(-76.0234191179948,5.,0.161998567581176));
#2630=CARTESIAN_POINT('',(-78.7221691179948,4.,2.7416847807169));
#2631=CARTESIAN_POINT('Origin',(-82.4726378679948,4.,2.7416847807169));
#2632=CARTESIAN_POINT('',(-82.4726378679948,4.,2.7416847807169));
#2633=CARTESIAN_POINT('',(-78.7221691179948,4.,2.7416847807169));
#2634=CARTESIAN_POINT('',(-82.4726378679948,5.,2.7416847807169));
#2635=CARTESIAN_POINT('',(-78.7221691179948,5.,2.7416847807169));
#2636=CARTESIAN_POINT('',(-82.4726378679948,4.,2.7416847807169));
#2637=CARTESIAN_POINT('Origin',(-84.1990441179948,4.,-0.473001432418824));
#2638=CARTESIAN_POINT('',(-84.1990441179948,4.,-0.473001432418824));
#2639=CARTESIAN_POINT('',(-82.4726378679948,4.,2.7416847807169));
#2640=CARTESIAN_POINT('',(-84.1990441179948,5.,-0.473001432418824));
#2641=CARTESIAN_POINT('',(-82.4726378679948,5.,2.7416847807169));
#2642=CARTESIAN_POINT('',(-84.1990441179948,4.,-0.473001432418824));
#2643=CARTESIAN_POINT('Origin',(-84.1990441179948,4.,-3.76707604408264));
#2644=CARTESIAN_POINT('',(-84.1990441179948,4.,-3.76707604408264));
#2645=CARTESIAN_POINT('',(-84.1990441179948,4.,-0.473001432418824));
#2646=CARTESIAN_POINT('',(-84.1990441179948,5.,-3.76707604408264));
#2647=CARTESIAN_POINT('',(-84.1990441179948,5.,-0.473001432418824));
#2648=CARTESIAN_POINT('',(-84.1990441179948,4.,-3.76707604408264));
#2649=CARTESIAN_POINT('Origin',(-82.4726378679948,4.,-5.96973229408264));
#2650=CARTESIAN_POINT('',(-82.4726378679948,4.,-5.96973229408264));
#2651=CARTESIAN_POINT('',(-84.1990441179948,4.,-3.76707604408264));
#2652=CARTESIAN_POINT('',(-82.4726378679948,5.,-5.96973229408264));
#2653=CARTESIAN_POINT('',(-84.1990441179948,5.,-3.76707604408264));
#2654=CARTESIAN_POINT('',(-82.4726378679948,4.,-5.96973229408264));
#2655=CARTESIAN_POINT('Origin',(-78.7221691179948,4.,-5.96973229408264));
#2656=CARTESIAN_POINT('',(-78.7221691179948,4.,-5.96973229408264));
#2657=CARTESIAN_POINT('',(-82.4726378679948,4.,-5.96973229408264));
#2658=CARTESIAN_POINT('',(-78.7221691179948,5.,-5.96973229408264));
#2659=CARTESIAN_POINT('',(-82.4726378679948,5.,-5.96973229408264));
#2660=CARTESIAN_POINT('',(-78.7221691179948,4.,-5.96973229408264));
#2661=CARTESIAN_POINT('Origin',(-76.0234191179948,4.,-4.44176354408264));
#2662=CARTESIAN_POINT('',(-76.0234191179948,4.,-4.44176354408264));
#2663=CARTESIAN_POINT('',(-78.7221691179948,4.,-5.96973229408264));
#2664=CARTESIAN_POINT('',(-76.0234191179948,5.,-4.44176354408264));
#2665=CARTESIAN_POINT('',(-78.7221691179948,5.,-5.96973229408264));
#2666=CARTESIAN_POINT('',(-76.0234191179948,4.,-4.44176354408264));
#2667=CARTESIAN_POINT('Origin',(-76.0234191179948,4.,0.161998567581176));
#2668=CARTESIAN_POINT('',(-76.0234191179948,4.,-4.44176354408264));
#2669=CARTESIAN_POINT('',(-76.0234191179948,5.,-4.44176354408264));
#2670=CARTESIAN_POINT('Origin',(-80.1112316179948,5.,-1.61402375668287));
#2671=CARTESIAN_POINT('Origin',(-80.1112316179948,4.,-1.61402375668287));
#2672=CARTESIAN_POINT('Origin',(-102.693420329161,4.,-3.80676354408264));
#2673=CARTESIAN_POINT('',(-102.693420329161,4.,-3.80676354408264));
#2674=CARTESIAN_POINT('',(-98.8040453291612,4.,-3.15191979408264));
#2675=CARTESIAN_POINT('',(-102.693420329161,4.,-3.80676354408264));
#2676=CARTESIAN_POINT('',(-98.8040453291612,5.,-3.15191979408264));
#2677=CARTESIAN_POINT('',(-98.8040453291612,4.,-3.15191979408264));
#2678=CARTESIAN_POINT('',(-102.693420329161,5.,-3.80676354408264));
#2679=CARTESIAN_POINT('',(-102.693420329161,5.,-3.80676354408264));
#2680=CARTESIAN_POINT('',(-102.693420329161,4.,-3.80676354408264));
#2681=CARTESIAN_POINT('Origin',(-102.891853590079,4.,-2.41770104408264));
#2682=CARTESIAN_POINT('',(-102.891853590079,4.,-2.41770104408264));
#2683=CARTESIAN_POINT('',(-102.891853590079,4.,-2.41770104408264));
#2684=CARTESIAN_POINT('',(-102.891853590079,5.,-2.41770104408264));
#2685=CARTESIAN_POINT('',(-102.891853590079,5.,-2.41770104408264));
#2686=CARTESIAN_POINT('',(-102.891853590079,4.,-2.41770104408264));
#2687=CARTESIAN_POINT('Origin',(-99.0620140791612,4.,-2.69551354408264));
#2688=CARTESIAN_POINT('',(-99.0620140791612,4.,-2.69551354408264));
#2689=CARTESIAN_POINT('',(-99.0620140791612,4.,-2.69551354408264));
#2690=CARTESIAN_POINT('',(-99.0620140791612,5.,-2.69551354408264));
#2691=CARTESIAN_POINT('',(-99.0620140791612,5.,-2.69551354408264));
#2692=CARTESIAN_POINT('',(-99.0620140791612,4.,-2.69551354408264));
#2693=CARTESIAN_POINT('Origin',(-98.9231078291612,4.,-0.532532682418824));
#2694=CARTESIAN_POINT('',(-98.9231078291612,4.,-0.532532682418824));
#2695=CARTESIAN_POINT('',(-98.9231078291612,4.,-0.532532682418824));
#2696=CARTESIAN_POINT('',(-98.9231078291612,5.,-0.532532682418824));
#2697=CARTESIAN_POINT('',(-98.9231078291612,5.,-0.532532682418824));
#2698=CARTESIAN_POINT('',(-98.9231078291612,4.,-0.532532682418824));
#2699=CARTESIAN_POINT('Origin',(-102.891853590079,4.,-0.532532682418824));
#2700=CARTESIAN_POINT('',(-102.891853590079,4.,-0.532532682418824));
#2701=CARTESIAN_POINT('',(-102.891853590079,4.,-0.532532682418824));
#2702=CARTESIAN_POINT('',(-102.891853590079,5.,-0.532532682418824));
#2703=CARTESIAN_POINT('',(-102.891853590079,5.,-0.532532682418824));
#2704=CARTESIAN_POINT('',(-102.891853590079,4.,-0.532532682418824));
#2705=CARTESIAN_POINT('Origin',(-102.891853590079,4.,0.816842166185379));
#2706=CARTESIAN_POINT('',(-102.891853590079,4.,0.816842166185379));
#2707=CARTESIAN_POINT('',(-102.891853590079,4.,0.816842166185379));
#2708=CARTESIAN_POINT('',(-102.891853590079,5.,0.816842166185379));
#2709=CARTESIAN_POINT('',(-102.891853590079,5.,0.816842166185379));
#2710=CARTESIAN_POINT('',(-102.891853590079,4.,0.816842166185379));
#2711=CARTESIAN_POINT('Origin',(-98.8040453291612,4.,-0.135657682418824));
#2712=CARTESIAN_POINT('',(-98.8040453291612,4.,-0.135657682418824));
#2713=CARTESIAN_POINT('',(-98.8040453291612,4.,-0.135657682418824));
#2714=CARTESIAN_POINT('',(-98.8040453291612,5.,-0.135657682418824));
#2715=CARTESIAN_POINT('',(-98.8040453291612,5.,-0.135657682418824));
#2716=CARTESIAN_POINT('',(-98.8040453291612,4.,-0.135657682418824));
#2717=CARTESIAN_POINT('Origin',(-98.8040453291612,4.,2.9004347807169));
#2718=CARTESIAN_POINT('',(-98.8040453291612,4.,2.9004347807169));
#2719=CARTESIAN_POINT('',(-98.8040453291612,4.,2.9004347807169));
#2720=CARTESIAN_POINT('',(-98.8040453291612,5.,2.9004347807169));
#2721=CARTESIAN_POINT('',(-98.8040453291612,5.,2.9004347807169));
#2722=CARTESIAN_POINT('',(-98.8040453291612,4.,2.9004347807169));
#2723=CARTESIAN_POINT('Origin',(-105.213572491475,4.,2.8805910307169));
#2724=CARTESIAN_POINT('',(-105.213572491475,4.,2.8805910307169));
#2725=CARTESIAN_POINT('',(-105.213572491475,4.,2.8805910307169));
#2726=CARTESIAN_POINT('',(-105.213572491475,5.,2.8805910307169));
#2727=CARTESIAN_POINT('',(-105.213572491475,5.,2.8805910307169));
#2728=CARTESIAN_POINT('',(-105.213572491475,4.,2.8805910307169));
#2729=CARTESIAN_POINT('Origin',(-106.662166690931,4.,-5.83082604408264));
#2730=CARTESIAN_POINT('',(-106.662166690931,4.,-5.83082604408264));
#2731=CARTESIAN_POINT('',(-106.662166690931,4.,-5.83082604408264));
#2732=CARTESIAN_POINT('',(-106.662166690931,5.,-5.83082604408264));
#2733=CARTESIAN_POINT('',(-106.662166690931,5.,-5.83082604408264));
#2734=CARTESIAN_POINT('',(-106.662166690931,4.,-5.83082604408264));
#2735=CARTESIAN_POINT('Origin',(-99.0620140791612,4.,-5.83082604408264));
#2736=CARTESIAN_POINT('',(-99.0620140791612,4.,-5.83082604408264));
#2737=CARTESIAN_POINT('',(-99.0620140791612,4.,-5.83082604408264));
#2738=CARTESIAN_POINT('',(-99.0620140791612,5.,-5.83082604408264));
#2739=CARTESIAN_POINT('',(-99.0620140791612,5.,-5.83082604408264));
#2740=CARTESIAN_POINT('',(-99.0620140791612,4.,-5.83082604408264));
#2741=CARTESIAN_POINT('Origin',(-98.8040453291612,4.,-3.15191979408264));
#2742=CARTESIAN_POINT('',(-98.8040453291612,4.,-3.15191979408264));
#2743=CARTESIAN_POINT('',(-98.8040453291612,5.,-3.15191979408264));
#2744=CARTESIAN_POINT('Origin',(-102.733106010046,5.,-1.46519563168287));
#2745=CARTESIAN_POINT('Origin',(-102.733106010046,4.,-1.46519563168287));
#2746=UNCERTAINTY_MEASURE_WITH_UNIT(LENGTH_MEASURE(0.01),#2750,
'DISTANCE_ACCURACY_VALUE',
'Maximum model space distance between geometric entities at asserted c
onnectivities');
#2747=UNCERTAINTY_MEASURE_WITH_UNIT(LENGTH_MEASURE(0.01),#2750,
'DISTANCE_ACCURACY_VALUE',
'Maximum model space distance between geometric entities at asserted c
onnectivities');
#2748=(
GEOMETRIC_REPRESENTATION_CONTEXT(3)
GLOBAL_UNCERTAINTY_ASSIGNED_CONTEXT((#2746))
GLOBAL_UNIT_ASSIGNED_CONTEXT((#2750,#2752,#2753))
REPRESENTATION_CONTEXT('','3D')
);
#2749=(
GEOMETRIC_REPRESENTATION_CONTEXT(3)
GLOBAL_UNCERTAINTY_ASSIGNED_CONTEXT((#2747))
GLOBAL_UNIT_ASSIGNED_CONTEXT((#2750,#2752,#2753))
REPRESENTATION_CONTEXT('','3D')
);
#2750=(
LENGTH_UNIT()
NAMED_UNIT(*)
SI_UNIT(.MILLI.,.METRE.)
);
#2751=(
LENGTH_UNIT()
NAMED_UNIT(*)
SI_UNIT($,.METRE.)
);
#2752=(
NAMED_UNIT(*)
PLANE_ANGLE_UNIT()
SI_UNIT($,.RADIAN.)
);
#2753=(
NAMED_UNIT(*)
SI_UNIT($,.STERADIAN.)
SOLID_ANGLE_UNIT()
);
#2754=SHAPE_DEFINITION_REPRESENTATION(#2755,#2756);
#2755=PRODUCT_DEFINITION_SHAPE('',$,#2758);
#2756=SHAPE_REPRESENTATION('',(#1585),#2748);
#2757=PRODUCT_DEFINITION_CONTEXT('part definition',#2762,'design');
#2758=PRODUCT_DEFINITION('2026-08-25-02-54-07-841','top plate',#2759,#2757);
#2759=PRODUCT_DEFINITION_FORMATION('',$,#2764);
#2760=PRODUCT_RELATED_PRODUCT_CATEGORY('top plate','top plate',(#2764));
#2761=APPLICATION_PROTOCOL_DEFINITION('international standard',
'automotive_design',2009,#2762);
#2762=APPLICATION_CONTEXT(
'Core Data for Automotive Mechanical Design Process');
#2763=PRODUCT_CONTEXT('part definition',#2762,'mechanical');
#2764=PRODUCT('2026-08-25-02-54-07-841','top plate',$,(#2763));
#2765=PRESENTATION_STYLE_ASSIGNMENT((#2768));
#2766=PRESENTATION_STYLE_ASSIGNMENT((#2769));
#2767=PRESENTATION_STYLE_ASSIGNMENT((#2770));
#2768=SURFACE_STYLE_USAGE(.BOTH.,#2771);
#2769=SURFACE_STYLE_USAGE(.BOTH.,#2772);
#2770=SURFACE_STYLE_USAGE(.BOTH.,#2773);
#2771=SURFACE_SIDE_STYLE('',(#2774));
#2772=SURFACE_SIDE_STYLE('',(#2775));
#2773=SURFACE_SIDE_STYLE('',(#2776));
#2774=SURFACE_STYLE_FILL_AREA(#2777);
#2775=SURFACE_STYLE_FILL_AREA(#2778);
#2776=SURFACE_STYLE_FILL_AREA(#2779);
#2777=FILL_AREA_STYLE('Steel - Satin',(#2780));
#2778=FILL_AREA_STYLE('ABS (White)',(#2781));
#2779=FILL_AREA_STYLE('ABS (White) (1)',(#2782));
#2780=FILL_AREA_STYLE_COLOUR('Steel - Satin',#2783);
#2781=FILL_AREA_STYLE_COLOUR('ABS (White)',#2784);
#2782=FILL_AREA_STYLE_COLOUR('ABS (White) (1)',#2785);
#2783=COLOUR_RGB('Steel - Satin',0.627450980392157,0.627450980392157,0.627450980392157);
#2784=COLOUR_RGB('ABS (White)',0.152941176470588,0.152941176470588,0.152941176470588);
#2785=COLOUR_RGB('ABS (White) (1)',0.870588235294118,0.866666666666667,
0.866666666666667);
ENDSEC;
END-ISO-10303-21;
